DATAFLOW,LAST UPDATE,freq,unit,age,sex,geo,TIME_PERIOD,OBS_VALUE,OBS_FLAG
ESTAT:YTH_DEMO_010(1.0),03/07/23 23:00:00,A,NR,Y_LT15,T,AD,2013,11841,
ESTAT:YTH_DEMO_010(1.0),03/07/23 23:00:00,A,NR,Y_LT15,T,AD,2019,10569,
ESTAT:YTH_DEMO_010(1.0),03/07/23 23:00:00,A,NR,Y_LT15,T,AL,2013,581717,
ESTAT:YTH_DEMO_010(1.0),03/07/23 23:00:00,A,NR,Y_LT15,T,AL,2014,565932,
ESTAT:YTH_DEMO_010(1.0),03/07/23 23:00:00,A,NR,Y_LT15,T,AL,2015,548706,
ESTAT:YTH_DEMO_010(1.0),03/07/23 23:00:00,A,NR,Y_LT15,T,AL,2016,531607,
ESTAT:YTH_DEMO_010(1.0),03/07/23 23:00:00,A,NR,Y_LT15,T,AL,2017,522110,
ESTAT:YTH_DEMO_010(1.0),03/07/23 23:00:00,A,NR,Y_LT15,T,AL,2018,506950,
ESTAT:YTH_DEMO_010(1.0),03/07/23 23:00:00,A,NR,Y_LT15,T,AL,2019,493424,
ESTAT:YTH_DEMO_010(1.0),03/07/23 23:00:00,A,NR,Y_LT15,T,AL,2020,478850,
ESTAT:YTH_DEMO_010(1.0),03/07/23 23:00:00,A,NR,Y_LT15,T,AL,2021,467366,
ESTAT:YTH_DEMO_010(1.0),03/07/23 23:00:00,A,NR,Y_LT15,T,AM,2014,575638,
ESTAT:YTH_DEMO_010(1.0),03/07/23 23:00:00,A,NR,Y_LT15,T,AM,2015,582592,
ESTAT:YTH_DEMO_010(1.0),03/07/23 23:00:00,A,NR,Y_LT15,T,AM,2016,588848,
ESTAT:YTH_DEMO_010(1.0),03/07/23 23:00:00,A,NR,Y_LT15,T,AM,2017,595812,
ESTAT:YTH_DEMO_010(1.0),03/07/23 23:00:00,A,NR,Y_LT15,T,AM,2018,599657,
ESTAT:YTH_DEMO_010(1.0),03/07/23 23:00:00,A,NR,Y_LT15,T,AM,2019,600095,
ESTAT:YTH_DEMO_010(1.0),03/07/23 23:00:00,A,NR,Y_LT15,T,AM,2020,599582,
ESTAT:YTH_DEMO_010(1.0),03/07/23 23:00:00,A,NR,Y_LT15,T,AT,2013,1219363,
ESTAT:YTH_DEMO_010(1.0),03/07/23 23:00:00,A,NR,Y_LT15,T,AT,2014,1218844,
ESTAT:YTH_DEMO_010(1.0),03/07/23 23:00:00,A,NR,Y_LT15,T,AT,2015,1226013,
ESTAT:YTH_DEMO_010(1.0),03/07/23 23:00:00,A,NR,Y_LT15,T,AT,2016,1246847,
ESTAT:YTH_DEMO_010(1.0),03/07/23 23:00:00,A,NR,Y_LT15,T,AT,2017,1263740,
ESTAT:YTH_DEMO_010(1.0),03/07/23 23:00:00,A,NR,Y_LT15,T,AT,2018,1273002,
ESTAT:YTH_DEMO_010(1.0),03/07/23 23:00:00,A,NR,Y_LT15,T,AT,2019,1278692,
ESTAT:YTH_DEMO_010(1.0),03/07/23 23:00:00,A,NR,Y_LT15,T,AT,2020,1283060,
ESTAT:YTH_DEMO_010(1.0),03/07/23 23:00:00,A,NR,Y_LT15,T,AT,2021,1285488,
ESTAT:YTH_DEMO_010(1.0),03/07/23 23:00:00,A,NR,Y_LT15,T,AZ,2013,2086987,
ESTAT:YTH_DEMO_010(1.0),03/07/23 23:00:00,A,NR,Y_LT15,T,AZ,2014,2118641,
ESTAT:YTH_DEMO_010(1.0),03/07/23 23:00:00,A,NR,Y_LT15,T,AZ,2015,2152698,
ESTAT:YTH_DEMO_010(1.0),03/07/23 23:00:00,A,NR,Y_LT15,T,AZ,2016,2186840,
ESTAT:YTH_DEMO_010(1.0),03/07/23 23:00:00,A,NR,Y_LT15,T,AZ,2017,2219669,
ESTAT:YTH_DEMO_010(1.0),03/07/23 23:00:00,A,NR,Y_LT15,T,AZ,2018,2234309,
ESTAT:YTH_DEMO_010(1.0),03/07/23 23:00:00,A,NR,Y_LT15,T,AZ,2019,2238902,
ESTAT:YTH_DEMO_010(1.0),03/07/23 23:00:00,A,NR,Y_LT15,T,AZ,2020,2256731,
ESTAT:YTH_DEMO_010(1.0),03/07/23 23:00:00,A,NR,Y_LT15,T,BE,2013,1891614,
ESTAT:YTH_DEMO_010(1.0),03/07/23 23:00:00,A,NR,Y_LT15,T,BE,2014,1900315,
ESTAT:YTH_DEMO_010(1.0),03/07/23 23:00:00,A,NR,Y_LT15,T,BE,2015,1910746,
ESTAT:YTH_DEMO_010(1.0),03/07/23 23:00:00,A,NR,Y_LT15,T,BE,2016,1921342,
ESTAT:YTH_DEMO_010(1.0),03/07/23 23:00:00,A,NR,Y_LT15,T,BE,2017,1927820,
ESTAT:YTH_DEMO_010(1.0),03/07/23 23:00:00,A,NR,Y_LT15,T,BE,2018,1933942,
ESTAT:YTH_DEMO_010(1.0),03/07/23 23:00:00,A,NR,Y_LT15,T,BE,2019,1939566,
ESTAT:YTH_DEMO_010(1.0),03/07/23 23:00:00,A,NR,Y_LT15,T,BE,2020,1942114,
ESTAT:YTH_DEMO_010(1.0),03/07/23 23:00:00,A,NR,Y_LT15,T,BE,2021,1935437,
ESTAT:YTH_DEMO_010(1.0),03/07/23 23:00:00,A,NR,Y_LT15,T,BE,2022,1931651,
ESTAT:YTH_DEMO_010(1.0),03/07/23 23:00:00,A,NR,Y_LT15,T,BG,2013,989989,
ESTAT:YTH_DEMO_010(1.0),03/07/23 23:00:00,A,NR,Y_LT15,T,BG,2014,996144,
ESTAT:YTH_DEMO_010(1.0),03/07/23 23:00:00,A,NR,Y_LT15,T,BG,2015,998196,
ESTAT:YTH_DEMO_010(1.0),03/07/23 23:00:00,A,NR,Y_LT15,T,BG,2016,998206,
ESTAT:YTH_DEMO_010(1.0),03/07/23 23:00:00,A,NR,Y_LT15,T,BG,2017,1001019,
ESTAT:YTH_DEMO_010(1.0),03/07/23 23:00:00,A,NR,Y_LT15,T,BG,2018,1004376,
ESTAT:YTH_DEMO_010(1.0),03/07/23 23:00:00,A,NR,Y_LT15,T,BG,2019,1004845,
ESTAT:YTH_DEMO_010(1.0),03/07/23 23:00:00,A,NR,Y_LT15,T,BG,2020,1002258,
ESTAT:YTH_DEMO_010(1.0),03/07/23 23:00:00,A,NR,Y_LT15,T,BG,2021,999014,
ESTAT:YTH_DEMO_010(1.0),03/07/23 23:00:00,A,NR,Y_LT15,T,BG,2022,993065,
ESTAT:YTH_DEMO_010(1.0),03/07/23 23:00:00,A,NR,Y_LT15,T,BY,2013,1460265,
ESTAT:YTH_DEMO_010(1.0),03/07/23 23:00:00,A,NR,Y_LT15,T,BY,2014,1488782,
ESTAT:YTH_DEMO_010(1.0),03/07/23 23:00:00,A,NR,Y_LT15,T,BY,2015,1518669,
ESTAT:YTH_DEMO_010(1.0),03/07/23 23:00:00,A,NR,Y_LT15,T,BY,2016,1549332,
ESTAT:YTH_DEMO_010(1.0),03/07/23 23:00:00,A,NR,Y_LT15,T,BY,2017,1579277,
ESTAT:YTH_DEMO_010(1.0),03/07/23 23:00:00,A,NR,Y_LT15,T,BY,2018,1594936,
ESTAT:YTH_DEMO_010(1.0),03/07/23 23:00:00,A,NR,Y_LT15,T,BY,2019,1603484,
ESTAT:YTH_DEMO_010(1.0),03/07/23 23:00:00,A,NR,Y_LT15,T,CH,2013,1200603,
ESTAT:YTH_DEMO_010(1.0),03/07/23 23:00:00,A,NR,Y_LT15,T,CH,2014,1212277,
ESTAT:YTH_DEMO_010(1.0),03/07/23 23:00:00,A,NR,Y_LT15,T,CH,2015,1224981,
ESTAT:YTH_DEMO_010(1.0),03/07/23 23:00:00,A,NR,Y_LT15,T,CH,2016,1236792,
ESTAT:YTH_DEMO_010(1.0),03/07/23 23:00:00,A,NR,Y_LT15,T,CH,2017,1254991,
ESTAT:YTH_DEMO_010(1.0),03/07/23 23:00:00,A,NR,Y_LT15,T,CH,2018,1269055,
ESTAT:YTH_DEMO_010(1.0),03/07/23 23:00:00,A,NR,Y_LT15,T,CH,2019,1283746,
ESTAT:YTH_DEMO_010(1.0),03/07/23 23:00:00,A,NR,Y_LT15,T,CH,2020,1294918,
ESTAT:YTH_DEMO_010(1.0),03/07/23 23:00:00,A,NR,Y_LT15,T,CH,2021,1306271,
ESTAT:YTH_DEMO_010(1.0),03/07/23 23:00:00,A,NR,Y_LT15,T,CH,2022,1319642,
ESTAT:YTH_DEMO_010(1.0),03/07/23 23:00:00,A,NR,Y_LT15,T,CY,2013,141794,
ESTAT:YTH_DEMO_010(1.0),03/07/23 23:00:00,A,NR,Y_LT15,T,CY,2014,139598,
ESTAT:YTH_DEMO_010(1.0),03/07/23 23:00:00,A,NR,Y_LT15,T,CY,2015,139206,
ESTAT:YTH_DEMO_010(1.0),03/07/23 23:00:00,A,NR,Y_LT15,T,CY,2016,139538,
ESTAT:YTH_DEMO_010(1.0),03/07/23 23:00:00,A,NR,Y_LT15,T,CY,2017,139307,
ESTAT:YTH_DEMO_010(1.0),03/07/23 23:00:00,A,NR,Y_LT15,T,CY,2018,140289,
ESTAT:YTH_DEMO_010(1.0),03/07/23 23:00:00,A,NR,Y_LT15,T,CY,2019,141204,
ESTAT:YTH_DEMO_010(1.0),03/07/23 23:00:00,A,NR,Y_LT15,T,CY,2020,142384,
ESTAT:YTH_DEMO_010(1.0),03/07/23 23:00:00,A,NR,Y_LT15,T,CY,2021,143703,
ESTAT:YTH_DEMO_010(1.0),03/07/23 23:00:00,A,NR,Y_LT15,T,CY,2022,145284,
ESTAT:YTH_DEMO_010(1.0),03/07/23 23:00:00,A,NR,Y_LT15,T,CZ,2013,1560296,
ESTAT:YTH_DEMO_010(1.0),03/07/23 23:00:00,A,NR,Y_LT15,T,CZ,2014,1577455,
ESTAT:YTH_DEMO_010(1.0),03/07/23 23:00:00,A,NR,Y_LT15,T,CZ,2015,1601045,
ESTAT:YTH_DEMO_010(1.0),03/07/23 23:00:00,A,NR,Y_LT15,T,CZ,2016,1623716,
ESTAT:YTH_DEMO_010(1.0),03/07/23 23:00:00,A,NR,Y_LT15,T,CZ,2017,1647275,
ESTAT:YTH_DEMO_010(1.0),03/07/23 23:00:00,A,NR,Y_LT15,T,CZ,2018,1670677,
ESTAT:YTH_DEMO_010(1.0),03/07/23 23:00:00,A,NR,Y_LT15,T,CZ,2019,1693060,
ESTAT:YTH_DEMO_010(1.0),03/07/23 23:00:00,A,NR,Y_LT15,T,CZ,2020,1710202,
ESTAT:YTH_DEMO_010(1.0),03/07/23 23:00:00,A,NR,Y_LT15,T,CZ,2021,1684379,b
ESTAT:YTH_DEMO_010(1.0),03/07/23 23:00:00,A,NR,Y_LT15,T,CZ,2022,1693408,
ESTAT:YTH_DEMO_010(1.0),03/07/23 23:00:00,A,NR,Y_LT15,T,DE,2013,10682903,
ESTAT:YTH_DEMO_010(1.0),03/07/23 23:00:00,A,NR,Y_LT15,T,DE,2014,10642432,
ESTAT:YTH_DEMO_010(1.0),03/07/23 23:00:00,A,NR,Y_LT15,T,DE,2015,10686723,
ESTAT:YTH_DEMO_010(1.0),03/07/23 23:00:00,A,NR,Y_LT15,T,DE,2016,10881126,
ESTAT:YTH_DEMO_010(1.0),03/07/23 23:00:00,A,NR,Y_LT15,T,DE,2017,11048568,
ESTAT:YTH_DEMO_010(1.0),03/07/23 23:00:00,A,NR,Y_LT15,T,DE,2018,11171759,
ESTAT:YTH_DEMO_010(1.0),03/07/23 23:00:00,A,NR,Y_LT15,T,DE,2019,11290815,
ESTAT:YTH_DEMO_010(1.0),03/07/23 23:00:00,A,NR,Y_LT15,T,DE,2020,11391259,
ESTAT:YTH_DEMO_010(1.0),03/07/23 23:00:00,A,NR,Y_LT15,T,DE,2021,11477800,
ESTAT:YTH_DEMO_010(1.0),03/07/23 23:00:00,A,NR,Y_LT15,T,DE,2022,11606935,
ESTAT:YTH_DEMO_010(1.0),03/07/23 23:00:00,A,NR,Y_LT15,T,DE_TOT,2013,10682903,
ESTAT:YTH_DEMO_010(1.0),03/07/23 23:00:00,A,NR,Y_LT15,T,DE_TOT,2014,10642432,
ESTAT:YTH_DEMO_010(1.0),03/07/23 23:00:00,A,NR,Y_LT15,T,DE_TOT,2015,10686723,
ESTAT:YTH_DEMO_010(1.0),03/07/23 23:00:00,A,NR,Y_LT15,T,DE_TOT,2016,10881126,
ESTAT:YTH_DEMO_010(1.0),03/07/23 23:00:00,A,NR,Y_LT15,T,DE_TOT,2017,11048568,
ESTAT:YTH_DEMO_010(1.0),03/07/23 23:00:00,A,NR,Y_LT15,T,DE_TOT,2018,11171759,
ESTAT:YTH_DEMO_010(1.0),03/07/23 23:00:00,A,NR,Y_LT15,T,DE_TOT,2019,11290815,
ESTAT:YTH_DEMO_010(1.0),03/07/23 23:00:00,A,NR,Y_LT15,T,DE_TOT,2020,11391259,
ESTAT:YTH_DEMO_010(1.0),03/07/23 23:00:00,A,NR,Y_LT15,T,DE_TOT,2021,11477800,
ESTAT:YTH_DEMO_010(1.0),03/07/23 23:00:00,A,NR,Y_LT15,T,DE_TOT,2022,11606935,
ESTAT:YTH_DEMO_010(1.0),03/07/23 23:00:00,A,NR,Y_LT15,T,DK,2013,977596,
ESTAT:YTH_DEMO_010(1.0),03/07/23 23:00:00,A,NR,Y_LT15,T,DK,2014,968670,
ESTAT:YTH_DEMO_010(1.0),03/07/23 23:00:00,A,NR,Y_LT15,T,DK,2015,962647,
ESTAT:YTH_DEMO_010(1.0),03/07/23 23:00:00,A,NR,Y_LT15,T,DK,2016,960274,
ESTAT:YTH_DEMO_010(1.0),03/07/23 23:00:00,A,NR,Y_LT15,T,DK,2017,961568,
ESTAT:YTH_DEMO_010(1.0),03/07/23 23:00:00,A,NR,Y_LT15,T,DK,2018,960570,
ESTAT:YTH_DEMO_010(1.0),03/07/23 23:00:00,A,NR,Y_LT15,T,DK,2019,957470,
ESTAT:YTH_DEMO_010(1.0),03/07/23 23:00:00,A,NR,Y_LT15,T,DK,2020,953118,
ESTAT:YTH_DEMO_010(1.0),03/07/23 23:00:00,A,NR,Y_LT15,T,DK,2021,948784,
ESTAT:YTH_DEMO_010(1.0),03/07/23 23:00:00,A,NR,Y_LT15,T,DK,2022,945831,
ESTAT:YTH_DEMO_010(1.0),03/07/23 23:00:00,A,NR,Y_LT15,T,EE,2013,206819,
ESTAT:YTH_DEMO_010(1.0),03/07/23 23:00:00,A,NR,Y_LT15,T,EE,2014,208028,
ESTAT:YTH_DEMO_010(1.0),03/07/23 23:00:00,A,NR,Y_LT15,T,EE,2015,209658,b
ESTAT:YTH_DEMO_010(1.0),03/07/23 23:00:00,A,NR,Y_LT15,T,EE,2016,211445,
ESTAT:YTH_DEMO_010(1.0),03/07/23 23:00:00,A,NR,Y_LT15,T,EE,2017,213609,
ESTAT:YTH_DEMO_010(1.0),03/07/23 23:00:00,A,NR,Y_LT15,T,EE,2018,215226,
ESTAT:YTH_DEMO_010(1.0),03/07/23 23:00:00,A,NR,Y_LT15,T,EE,2019,217423,
ESTAT:YTH_DEMO_010(1.0),03/07/23 23:00:00,A,NR,Y_LT15,T,EE,2020,218702,
ESTAT:YTH_DEMO_010(1.0),03/07/23 23:00:00,A,NR,Y_LT15,T,EE,2021,218471,
ESTAT:YTH_DEMO_010(1.0),03/07/23 23:00:00,A,NR,Y_LT15,T,EE,2022,217799,
ESTAT:YTH_DEMO_010(1.0),03/07/23 23:00:00,A,NR,Y_LT15,T,EFTA,2013,2200149,
ESTAT:YTH_DEMO_010(1.0),03/07/23 23:00:00,A,NR,Y_LT15,T,EFTA,2014,2215535,
ESTAT:YTH_DEMO_010(1.0),03/07/23 23:00:00,A,NR,Y_LT15,T,EFTA,2015,2230168,
ESTAT:YTH_DEMO_010(1.0),03/07/23 23:00:00,A,NR,Y_LT15,T,EFTA,2016,2242542,
ESTAT:YTH_DEMO_010(1.0),03/07/23 23:00:00,A,NR,Y_LT15,T,EFTA,2017,2265141,
ESTAT:YTH_DEMO_010(1.0),03/07/23 23:00:00,A,NR,Y_LT15,T,EFTA,2018,2280997,
ESTAT:YTH_DEMO_010(1.0),03/07/23 23:00:00,A,NR,Y_LT15,T,EFTA,2019,2292176,
ESTAT:YTH_DEMO_010(1.0),03/07/23 23:00:00,A,NR,Y_LT15,T,EFTA,2021,2302546,
ESTAT:YTH_DEMO_010(1.0),03/07/23 23:00:00,A,NR,Y_LT15,T,EL,2013,1615618,
ESTAT:YTH_DEMO_010(1.0),03/07/23 23:00:00,A,NR,Y_LT15,T,EL,2014,1600104,
ESTAT:YTH_DEMO_010(1.0),03/07/23 23:00:00,A,NR,Y_LT15,T,EL,2015,1577918,
ESTAT:YTH_DEMO_010(1.0),03/07/23 23:00:00,A,NR,Y_LT15,T,EL,2016,1556763,
ESTAT:YTH_DEMO_010(1.0),03/07/23 23:00:00,A,NR,Y_LT15,T,EL,2017,1554669,
ESTAT:YTH_DEMO_010(1.0),03/07/23 23:00:00,A,NR,Y_LT15,T,EL,2018,1546667,
ESTAT:YTH_DEMO_010(1.0),03/07/23 23:00:00,A,NR,Y_LT15,T,EL,2019,1537075,
ESTAT:YTH_DEMO_010(1.0),03/07/23 23:00:00,A,NR,Y_LT15,T,EL,2020,1527519,
ESTAT:YTH_DEMO_010(1.0),03/07/23 23:00:00,A,NR,Y_LT15,T,EL,2021,1510736,
ESTAT:YTH_DEMO_010(1.0),03/07/23 23:00:00,A,NR,Y_LT15,T,EL,2022,1428986,b
ESTAT:YTH_DEMO_010(1.0),03/07/23 23:00:00,A,NR,Y_LT15,T,ES,2013,7089998,
ESTAT:YTH_DEMO_010(1.0),03/07/23 23:00:00,A,NR,Y_LT15,T,ES,2014,7066954,
ESTAT:YTH_DEMO_010(1.0),03/07/23 23:00:00,A,NR,Y_LT15,T,ES,2015,7049079,
ESTAT:YTH_DEMO_010(1.0),03/07/23 23:00:00,A,NR,Y_LT15,T,ES,2016,7025400,
ESTAT:YTH_DEMO_010(1.0),03/07/23 23:00:00,A,NR,Y_LT15,T,ES,2017,7005179,
ESTAT:YTH_DEMO_010(1.0),03/07/23 23:00:00,A,NR,Y_LT15,T,ES,2018,6978564,
ESTAT:YTH_DEMO_010(1.0),03/07/23 23:00:00,A,NR,Y_LT15,T,ES,2019,6930117,
ESTAT:YTH_DEMO_010(1.0),03/07/23 23:00:00,A,NR,Y_LT15,T,ES,2020,6877153,
ESTAT:YTH_DEMO_010(1.0),03/07/23 23:00:00,A,NR,Y_LT15,T,ES,2021,6759314,
ESTAT:YTH_DEMO_010(1.0),03/07/23 23:00:00,A,NR,Y_LT15,T,ES,2022,6627937,
ESTAT:YTH_DEMO_010(1.0),03/07/23 23:00:00,A,NR,Y_LT15,T,EU27_2020,2013,67802060,
ESTAT:YTH_DEMO_010(1.0),03/07/23 23:00:00,A,NR,Y_LT15,T,EU27_2020,2014,67880027,b
ESTAT:YTH_DEMO_010(1.0),03/07/23 23:00:00,A,NR,Y_LT15,T,EU27_2020,2015,67846112,b
ESTAT:YTH_DEMO_010(1.0),03/07/23 23:00:00,A,NR,Y_LT15,T,EU27_2020,2016,67840870,
ESTAT:YTH_DEMO_010(1.0),03/07/23 23:00:00,A,NR,Y_LT15,T,EU27_2020,2017,67908402,b
ESTAT:YTH_DEMO_010(1.0),03/07/23 23:00:00,A,NR,Y_LT15,T,EU27_2020,2018,67944473,p
ESTAT:YTH_DEMO_010(1.0),03/07/23 23:00:00,A,NR,Y_LT15,T,EU27_2020,2019,67782971,bep
ESTAT:YTH_DEMO_010(1.0),03/07/23 23:00:00,A,NR,Y_LT15,T,EU27_2020,2020,67622045,ep
ESTAT:YTH_DEMO_010(1.0),03/07/23 23:00:00,A,NR,Y_LT15,T,EU27_2020,2021,67266044,bep
ESTAT:YTH_DEMO_010(1.0),03/07/23 23:00:00,A,NR,Y_LT15,T,FI,2013,891392,
ESTAT:YTH_DEMO_010(1.0),03/07/23 23:00:00,A,NR,Y_LT15,T,FI,2014,895021,
ESTAT:YTH_DEMO_010(1.0),03/07/23 23:00:00,A,NR,Y_LT15,T,FI,2015,896608,
ESTAT:YTH_DEMO_010(1.0),03/07/23 23:00:00,A,NR,Y_LT15,T,FI,2016,896023,
ESTAT:YTH_DEMO_010(1.0),03/07/23 23:00:00,A,NR,Y_LT15,T,FI,2017,894178,
ESTAT:YTH_DEMO_010(1.0),03/07/23 23:00:00,A,NR,Y_LT15,T,FI,2018,890424,
ESTAT:YTH_DEMO_010(1.0),03/07/23 23:00:00,A,NR,Y_LT15,T,FI,2019,882234,
ESTAT:YTH_DEMO_010(1.0),03/07/23 23:00:00,A,NR,Y_LT15,T,FI,2020,871036,
ESTAT:YTH_DEMO_010(1.0),03/07/23 23:00:00,A,NR,Y_LT15,T,FI,2021,860861,
ESTAT:YTH_DEMO_010(1.0),03/07/23 23:00:00,A,NR,Y_LT15,T,FI,2022,851794,
ESTAT:YTH_DEMO_010(1.0),03/07/23 23:00:00,A,NR,Y_LT15,T,FR,2013,12193305,
ESTAT:YTH_DEMO_010(1.0),03/07/23 23:00:00,A,NR,Y_LT15,T,FR,2014,12326685,b
ESTAT:YTH_DEMO_010(1.0),03/07/23 23:00:00,A,NR,Y_LT15,T,FR,2015,12346041,
ESTAT:YTH_DEMO_010(1.0),03/07/23 23:00:00,A,NR,Y_LT15,T,FR,2016,12283435,
ESTAT:YTH_DEMO_010(1.0),03/07/23 23:00:00,A,NR,Y_LT15,T,FR,2017,12221809,
ESTAT:YTH_DEMO_010(1.0),03/07/23 23:00:00,A,NR,Y_LT15,T,FR,2018,12178721,p
ESTAT:YTH_DEMO_010(1.0),03/07/23 23:00:00,A,NR,Y_LT15,T,FR,2019,12113357,p
ESTAT:YTH_DEMO_010(1.0),03/07/23 23:00:00,A,NR,Y_LT15,T,FR,2020,12038771,p
ESTAT:YTH_DEMO_010(1.0),03/07/23 23:00:00,A,NR,Y_LT15,T,FR,2021,11956568,p
ESTAT:YTH_DEMO_010(1.0),03/07/23 23:00:00,A,NR,Y_LT15,T,FR,2022,11877137,p
ESTAT:YTH_DEMO_010(1.0),03/07/23 23:00:00,A,NR,Y_LT15,T,FX,2013,11744769,
ESTAT:YTH_DEMO_010(1.0),03/07/23 23:00:00,A,NR,Y_LT15,T,GE,2014,769513,
ESTAT:YTH_DEMO_010(1.0),03/07/23 23:00:00,A,NR,Y_LT15,T,GE,2015,649100,
ESTAT:YTH_DEMO_010(1.0),03/07/23 23:00:00,A,NR,Y_LT15,T,GE,2016,710200,
ESTAT:YTH_DEMO_010(1.0),03/07/23 23:00:00,A,NR,Y_LT15,T,GE,2017,724100,
ESTAT:YTH_DEMO_010(1.0),03/07/23 23:00:00,A,NR,Y_LT15,T,GE,2018,744939,
ESTAT:YTH_DEMO_010(1.0),03/07/23 23:00:00,A,NR,Y_LT15,T,GE,2019,754500,
ESTAT:YTH_DEMO_010(1.0),03/07/23 23:00:00,A,NR,Y_LT15,T,GE,2020,759018,
ESTAT:YTH_DEMO_010(1.0),03/07/23 23:00:00,A,NR,Y_LT15,T,HR,2013,636539,
ESTAT:YTH_DEMO_010(1.0),03/07/23 23:00:00,A,NR,Y_LT15,T,HR,2014,627638,
ESTAT:YTH_DEMO_010(1.0),03/07/23 23:00:00,A,NR,Y_LT15,T,HR,2015,621050,
ESTAT:YTH_DEMO_010(1.0),03/07/23 23:00:00,A,NR,Y_LT15,T,HR,2016,611472,
ESTAT:YTH_DEMO_010(1.0),03/07/23 23:00:00,A,NR,Y_LT15,T,HR,2017,603450,
ESTAT:YTH_DEMO_010(1.0),03/07/23 23:00:00,A,NR,Y_LT15,T,HR,2018,594393,
ESTAT:YTH_DEMO_010(1.0),03/07/23 23:00:00,A,NR,Y_LT15,T,HR,2019,587786,
ESTAT:YTH_DEMO_010(1.0),03/07/23 23:00:00,A,NR,Y_LT15,T,HR,2020,581471,
ESTAT:YTH_DEMO_010(1.0),03/07/23 23:00:00,A,NR,Y_LT15,T,HR,2021,574887,
ESTAT:YTH_DEMO_010(1.0),03/07/23 23:00:00,A,NR,Y_LT15,T,HR,2022,552211,b
ESTAT:YTH_DEMO_010(1.0),03/07/23 23:00:00,A,NR,Y_LT15,T,HU,2013,1430865,
ESTAT:YTH_DEMO_010(1.0),03/07/23 23:00:00,A,NR,Y_LT15,T,HU,2014,1425816,
ESTAT:YTH_DEMO_010(1.0),03/07/23 23:00:00,A,NR,Y_LT15,T,HU,2015,1427186,
ESTAT:YTH_DEMO_010(1.0),03/07/23 23:00:00,A,NR,Y_LT15,T,HU,2016,1424448,
ESTAT:YTH_DEMO_010(1.0),03/07/23 23:00:00,A,NR,Y_LT15,T,HU,2017,1422865,
ESTAT:YTH_DEMO_010(1.0),03/07/23 23:00:00,A,NR,Y_LT15,T,HU,2018,1421916,
ESTAT:YTH_DEMO_010(1.0),03/07/23 23:00:00,A,NR,Y_LT15,T,HU,2019,1421739,
ESTAT:YTH_DEMO_010(1.0),03/07/23 23:00:00,A,NR,Y_LT15,T,HU,2020,1421336,
ESTAT:YTH_DEMO_010(1.0),03/07/23 23:00:00,A,NR,Y_LT15,T,HU,2021,1417233,
ESTAT:YTH_DEMO_010(1.0),03/07/23 23:00:00,A,NR,Y_LT15,T,HU,2022,1410168,
ESTAT:YTH_DEMO_010(1.0),03/07/23 23:00:00,A,NR,Y_LT15,T,IE,2013,992929,
ESTAT:YTH_DEMO_010(1.0),03/07/23 23:00:00,A,NR,Y_LT15,T,IE,2014,997015,
ESTAT:YTH_DEMO_010(1.0),03/07/23 23:00:00,A,NR,Y_LT15,T,IE,2015,1001406,
ESTAT:YTH_DEMO_010(1.0),03/07/23 23:00:00,A,NR,Y_LT15,T,IE,2016,1004504,
ESTAT:YTH_DEMO_010(1.0),03/07/23 23:00:00,A,NR,Y_LT15,T,IE,2017,1008455,
ESTAT:YTH_DEMO_010(1.0),03/07/23 23:00:00,A,NR,Y_LT15,T,IE,2018,1006448,
ESTAT:YTH_DEMO_010(1.0),03/07/23 23:00:00,A,NR,Y_LT15,T,IE,2019,1007758,e
ESTAT:YTH_DEMO_010(1.0),03/07/23 23:00:00,A,NR,Y_LT15,T,IE,2020,1006065,
ESTAT:YTH_DEMO_010(1.0),03/07/23 23:00:00,A,NR,Y_LT15,T,IE,2021,1000415,
ESTAT:YTH_DEMO_010(1.0),03/07/23 23:00:00,A,NR,Y_LT15,T,IE,2022,996516,
ESTAT:YTH_DEMO_010(1.0),03/07/23 23:00:00,A,NR,Y_LT15,T,IS,2013,66466,
ESTAT:YTH_DEMO_010(1.0),03/07/23 23:00:00,A,NR,Y_LT15,T,IS,2014,66809,
ESTAT:YTH_DEMO_010(1.0),03/07/23 23:00:00,A,NR,Y_LT15,T,IS,2015,67002,
ESTAT:YTH_DEMO_010(1.0),03/07/23 23:00:00,A,NR,Y_LT15,T,IS,2016,66540,
ESTAT:YTH_DEMO_010(1.0),03/07/23 23:00:00,A,NR,Y_LT15,T,IS,2017,66816,
ESTAT:YTH_DEMO_010(1.0),03/07/23 23:00:00,A,NR,Y_LT15,T,IS,2018,67407,
ESTAT:YTH_DEMO_010(1.0),03/07/23 23:00:00,A,NR,Y_LT15,T,IS,2019,67817,
ESTAT:YTH_DEMO_010(1.0),03/07/23 23:00:00,A,NR,Y_LT15,T,IS,2020,68219,
ESTAT:YTH_DEMO_010(1.0),03/07/23 23:00:00,A,NR,Y_LT15,T,IS,2021,68989,
ESTAT:YTH_DEMO_010(1.0),03/07/23 23:00:00,A,NR,Y_LT15,T,IS,2022,69803,
ESTAT:YTH_DEMO_010(1.0),03/07/23 23:00:00,A,NR,Y_LT15,T,IT,2013,8348338,
ESTAT:YTH_DEMO_010(1.0),03/07/23 23:00:00,A,NR,Y_LT15,T,IT,2014,8448133,
ESTAT:YTH_DEMO_010(1.0),03/07/23 23:00:00,A,NR,Y_LT15,T,IT,2015,8383122,
ESTAT:YTH_DEMO_010(1.0),03/07/23 23:00:00,A,NR,Y_LT15,T,IT,2016,8281859,
ESTAT:YTH_DEMO_010(1.0),03/07/23 23:00:00,A,NR,Y_LT15,T,IT,2017,8182584,
ESTAT:YTH_DEMO_010(1.0),03/07/23 23:00:00,A,NR,Y_LT15,T,IT,2018,8080176,
ESTAT:YTH_DEMO_010(1.0),03/07/23 23:00:00,A,NR,Y_LT15,T,IT,2019,7871887,b
ESTAT:YTH_DEMO_010(1.0),03/07/23 23:00:00,A,NR,Y_LT15,T,IT,2020,7727554,
ESTAT:YTH_DEMO_010(1.0),03/07/23 23:00:00,A,NR,Y_LT15,T,IT,2021,7636545,
ESTAT:YTH_DEMO_010(1.0),03/07/23 23:00:00,A,NR,Y_LT15,T,IT,2022,7489795,
ESTAT:YTH_DEMO_010(1.0),03/07/23 23:00:00,A,NR,Y_LT15,T,LI,2013,5696,
ESTAT:YTH_DEMO_010(1.0),03/07/23 23:00:00,A,NR,Y_LT15,T,LI,2014,5648,
ESTAT:YTH_DEMO_010(1.0),03/07/23 23:00:00,A,NR,Y_LT15,T,LI,2015,5649,
ESTAT:YTH_DEMO_010(1.0),03/07/23 23:00:00,A,NR,Y_LT15,T,LI,2016,5610,
ESTAT:YTH_DEMO_010(1.0),03/07/23 23:00:00,A,NR,Y_LT15,T,LI,2017,5624,
ESTAT:YTH_DEMO_010(1.0),03/07/23 23:00:00,A,NR,Y_LT15,T,LI,2018,5601,
ESTAT:YTH_DEMO_010(1.0),03/07/23 23:00:00,A,NR,Y_LT15,T,LI,2019,5655,
ESTAT:YTH_DEMO_010(1.0),03/07/23 23:00:00,A,NR,Y_LT15,T,LI,2020,5678,
ESTAT:YTH_DEMO_010(1.0),03/07/23 23:00:00,A,NR,Y_LT15,T,LI,2021,5695,
ESTAT:YTH_DEMO_010(1.0),03/07/23 23:00:00,A,NR,Y_LT15,T,LI,2022,5724,
ESTAT:YTH_DEMO_010(1.0),03/07/23 23:00:00,A,NR,Y_LT15,T,LT,2013,436576,
ESTAT:YTH_DEMO_010(1.0),03/07/23 23:00:00,A,NR,Y_LT15,T,LT,2014,430088,
ESTAT:YTH_DEMO_010(1.0),03/07/23 23:00:00,A,NR,Y_LT15,T,LT,2015,425462,
ESTAT:YTH_DEMO_010(1.0),03/07/23 23:00:00,A,NR,Y_LT15,T,LT,2016,423747,
ESTAT:YTH_DEMO_010(1.0),03/07/23 23:00:00,A,NR,Y_LT15,T,LT,2017,422122,
ESTAT:YTH_DEMO_010(1.0),03/07/23 23:00:00,A,NR,Y_LT15,T,LT,2018,421437,
ESTAT:YTH_DEMO_010(1.0),03/07/23 23:00:00,A,NR,Y_LT15,T,LT,2019,421857,
ESTAT:YTH_DEMO_010(1.0),03/07/23 23:00:00,A,NR,Y_LT15,T,LT,2020,422744,
ESTAT:YTH_DEMO_010(1.0),03/07/23 23:00:00,A,NR,Y_LT15,T,LT,2021,422368,
ESTAT:YTH_DEMO_010(1.0),03/07/23 23:00:00,A,NR,Y_LT15,T,LT,2022,417386,
ESTAT:YTH_DEMO_010(1.0),03/07/23 23:00:00,A,NR,Y_LT15,T,LU,2013,91233,
ESTAT:YTH_DEMO_010(1.0),03/07/23 23:00:00,A,NR,Y_LT15,T,LU,2014,92554,
ESTAT:YTH_DEMO_010(1.0),03/07/23 23:00:00,A,NR,Y_LT15,T,LU,2015,93747,
ESTAT:YTH_DEMO_010(1.0),03/07/23 23:00:00,A,NR,Y_LT15,T,LU,2016,94891,
ESTAT:YTH_DEMO_010(1.0),03/07/23 23:00:00,A,NR,Y_LT15,T,LU,2017,95923,b
ESTAT:YTH_DEMO_010(1.0),03/07/23 23:00:00,A,NR,Y_LT15,T,LU,2018,97122,
ESTAT:YTH_DEMO_010(1.0),03/07/23 23:00:00,A,NR,Y_LT15,T,LU,2019,98607,
ESTAT:YTH_DEMO_010(1.0),03/07/23 23:00:00,A,NR,Y_LT15,T,LU,2020,100077,
ESTAT:YTH_DEMO_010(1.0),03/07/23 23:00:00,A,NR,Y_LT15,T,LU,2021,101395,
ESTAT:YTH_DEMO_010(1.0),03/07/23 23:00:00,A,NR,Y_LT15,T,LU,2022,102673,
ESTAT:YTH_DEMO_010(1.0),03/07/23 23:00:00,A,NR,Y_LT15,T,LV,2013,292316,
ESTAT:YTH_DEMO_010(1.0),03/07/23 23:00:00,A,NR,Y_LT15,T,LV,2014,294384,
ESTAT:YTH_DEMO_010(1.0),03/07/23 23:00:00,A,NR,Y_LT15,T,LV,2015,297720,
ESTAT:YTH_DEMO_010(1.0),03/07/23 23:00:00,A,NR,Y_LT15,T,LV,2016,300260,
ESTAT:YTH_DEMO_010(1.0),03/07/23 23:00:00,A,NR,Y_LT15,T,LV,2017,303587,
ESTAT:YTH_DEMO_010(1.0),03/07/23 23:00:00,A,NR,Y_LT15,T,LV,2018,305291,
ESTAT:YTH_DEMO_010(1.0),03/07/23 23:00:00,A,NR,Y_LT15,T,LV,2019,305080,
ESTAT:YTH_DEMO_010(1.0),03/07/23 23:00:00,A,NR,Y_LT15,T,LV,2020,305188,
ESTAT:YTH_DEMO_010(1.0),03/07/23 23:00:00,A,NR,Y_LT15,T,LV,2021,302978,
ESTAT:YTH_DEMO_010(1.0),03/07/23 23:00:00,A,NR,Y_LT15,T,LV,2022,299992,
ESTAT:YTH_DEMO_010(1.0),03/07/23 23:00:00,A,NR,Y_LT15,T,MD,2013,572788,
ESTAT:YTH_DEMO_010(1.0),03/07/23 23:00:00,A,NR,Y_LT15,T,MD,2014,569242,
ESTAT:YTH_DEMO_010(1.0),03/07/23 23:00:00,A,NR,Y_LT15,T,MD,2015,567871,
ESTAT:YTH_DEMO_010(1.0),03/07/23 23:00:00,A,NR,Y_LT15,T,MD,2017,566967,
ESTAT:YTH_DEMO_010(1.0),03/07/23 23:00:00,A,NR,Y_LT15,T,ME,2013,116573,
ESTAT:YTH_DEMO_010(1.0),03/07/23 23:00:00,A,NR,Y_LT15,T,ME,2014,115545,
ESTAT:YTH_DEMO_010(1.0),03/07/23 23:00:00,A,NR,Y_LT15,T,ME,2015,115004,
ESTAT:YTH_DEMO_010(1.0),03/07/23 23:00:00,A,NR,Y_LT15,T,ME,2016,114108,
ESTAT:YTH_DEMO_010(1.0),03/07/23 23:00:00,A,NR,Y_LT15,T,ME,2017,113302,
ESTAT:YTH_DEMO_010(1.0),03/07/23 23:00:00,A,NR,Y_LT15,T,ME,2018,112430,
ESTAT:YTH_DEMO_010(1.0),03/07/23 23:00:00,A,NR,Y_LT15,T,ME,2019,111753,
ESTAT:YTH_DEMO_010(1.0),03/07/23 23:00:00,A,NR,Y_LT15,T,ME,2020,111475,
ESTAT:YTH_DEMO_010(1.0),03/07/23 23:00:00,A,NR,Y_LT15,T,ME,2021,111167,
ESTAT:YTH_DEMO_010(1.0),03/07/23 23:00:00,A,NR,Y_LT15,T,ME,2022,110803,
ESTAT:YTH_DEMO_010(1.0),03/07/23 23:00:00,A,NR,Y_LT15,T,MK,2013,351154,
ESTAT:YTH_DEMO_010(1.0),03/07/23 23:00:00,A,NR,Y_LT15,T,MK,2014,348416,
ESTAT:YTH_DEMO_010(1.0),03/07/23 23:00:00,A,NR,Y_LT15,T,MK,2015,347644,
ESTAT:YTH_DEMO_010(1.0),03/07/23 23:00:00,A,NR,Y_LT15,T,MK,2016,344909,
ESTAT:YTH_DEMO_010(1.0),03/07/23 23:00:00,A,NR,Y_LT15,T,MK,2017,343319,
ESTAT:YTH_DEMO_010(1.0),03/07/23 23:00:00,A,NR,Y_LT15,T,MK,2018,341983,
ESTAT:YTH_DEMO_010(1.0),03/07/23 23:00:00,A,NR,Y_LT15,T,MK,2019,339955,
ESTAT:YTH_DEMO_010(1.0),03/07/23 23:00:00,A,NR,Y_LT15,T,MK,2020,336630,
ESTAT:YTH_DEMO_010(1.0),03/07/23 23:00:00,A,NR,Y_LT15,T,MK,2021,333373,
ESTAT:YTH_DEMO_010(1.0),03/07/23 23:00:00,A,NR,Y_LT15,T,MK,2022,312876,b
ESTAT:YTH_DEMO_010(1.0),03/07/23 23:00:00,A,NR,Y_LT15,T,MT,2013,61444,
ESTAT:YTH_DEMO_010(1.0),03/07/23 23:00:00,A,NR,Y_LT15,T,MT,2014,61808,
ESTAT:YTH_DEMO_010(1.0),03/07/23 23:00:00,A,NR,Y_LT15,T,MT,2015,62834,
ESTAT:YTH_DEMO_010(1.0),03/07/23 23:00:00,A,NR,Y_LT15,T,MT,2016,63827,
ESTAT:YTH_DEMO_010(1.0),03/07/23 23:00:00,A,NR,Y_LT15,T,MT,2017,65084,
ESTAT:YTH_DEMO_010(1.0),03/07/23 23:00:00,A,NR,Y_LT15,T,MT,2018,66229,
ESTAT:YTH_DEMO_010(1.0),03/07/23 23:00:00,A,NR,Y_LT15,T,MT,2019,67504,
ESTAT:YTH_DEMO_010(1.0),03/07/23 23:00:00,A,NR,Y_LT15,T,MT,2020,69158,
ESTAT:YTH_DEMO_010(1.0),03/07/23 23:00:00,A,NR,Y_LT15,T,MT,2021,69312,
ESTAT:YTH_DEMO_010(1.0),03/07/23 23:00:00,A,NR,Y_LT15,T,MT,2022,69984,p
ESTAT:YTH_DEMO_010(1.0),03/07/23 23:00:00,A,NR,Y_LT15,T,NL,2013,2877922,
ESTAT:YTH_DEMO_010(1.0),03/07/23 23:00:00,A,NR,Y_LT15,T,NL,2014,2850074,
ESTAT:YTH_DEMO_010(1.0),03/07/23 23:00:00,A,NR,Y_LT15,T,NL,2015,2827066,
ESTAT:YTH_DEMO_010(1.0),03/07/23 23:00:00,A,NR,Y_LT15,T,NL,2016,2799772,
ESTAT:YTH_DEMO_010(1.0),03/07/23 23:00:00,A,NR,Y_LT15,T,NL,2017,2781768,
ESTAT:YTH_DEMO_010(1.0),03/07/23 23:00:00,A,NR,Y_LT15,T,NL,2018,2762624,
ESTAT:YTH_DEMO_010(1.0),03/07/23 23:00:00,A,NR,Y_LT15,T,NL,2019,2739819,
ESTAT:YTH_DEMO_010(1.0),03/07/23 23:00:00,A,NR,Y_LT15,T,NL,2020,2726099,
ESTAT:YTH_DEMO_010(1.0),03/07/23 23:00:00,A,NR,Y_LT15,T,NL,2021,2711731,
ESTAT:YTH_DEMO_010(1.0),03/07/23 23:00:00,A,NR,Y_LT15,T,NL,2022,2712461,
ESTAT:YTH_DEMO_010(1.0),03/07/23 23:00:00,A,NR,Y_LT15,T,NO,2013,927384,
ESTAT:YTH_DEMO_010(1.0),03/07/23 23:00:00,A,NR,Y_LT15,T,NO,2014,930801,
ESTAT:YTH_DEMO_010(1.0),03/07/23 23:00:00,A,NR,Y_LT15,T,NO,2015,932536,
ESTAT:YTH_DEMO_010(1.0),03/07/23 23:00:00,A,NR,Y_LT15,T,NO,2016,933600,
ESTAT:YTH_DEMO_010(1.0),03/07/23 23:00:00,A,NR,Y_LT15,T,NO,2017,937710,
ESTAT:YTH_DEMO_010(1.0),03/07/23 23:00:00,A,NR,Y_LT15,T,NO,2018,938934,
ESTAT:YTH_DEMO_010(1.0),03/07/23 23:00:00,A,NR,Y_LT15,T,NO,2019,934958,
ESTAT:YTH_DEMO_010(1.0),03/07/23 23:00:00,A,NR,Y_LT15,T,NO,2020,930127,
ESTAT:YTH_DEMO_010(1.0),03/07/23 23:00:00,A,NR,Y_LT15,T,NO,2021,921591,
ESTAT:YTH_DEMO_010(1.0),03/07/23 23:00:00,A,NR,Y_LT15,T,NO,2022,915987,
ESTAT:YTH_DEMO_010(1.0),03/07/23 23:00:00,A,NR,Y_LT15,T,PL,2013,5742871,
ESTAT:YTH_DEMO_010(1.0),03/07/23 23:00:00,A,NR,Y_LT15,T,PL,2014,5718725,
ESTAT:YTH_DEMO_010(1.0),03/07/23 23:00:00,A,NR,Y_LT15,T,PL,2015,5714790,
ESTAT:YTH_DEMO_010(1.0),03/07/23 23:00:00,A,NR,Y_LT15,T,PL,2016,5708855,
ESTAT:YTH_DEMO_010(1.0),03/07/23 23:00:00,A,NR,Y_LT15,T,PL,2017,5732323,
ESTAT:YTH_DEMO_010(1.0),03/07/23 23:00:00,A,NR,Y_LT15,T,PL,2018,5786789,
ESTAT:YTH_DEMO_010(1.0),03/07/23 23:00:00,A,NR,Y_LT15,T,PL,2019,5833791,
ESTAT:YTH_DEMO_010(1.0),03/07/23 23:00:00,A,NR,Y_LT15,T,PL,2020,5862071,
ESTAT:YTH_DEMO_010(1.0),03/07/23 23:00:00,A,NR,Y_LT15,T,PL,2021,5857060,
ESTAT:YTH_DEMO_010(1.0),03/07/23 23:00:00,A,NR,Y_LT15,T,PT,2013,1550201,
ESTAT:YTH_DEMO_010(1.0),03/07/23 23:00:00,A,NR,Y_LT15,T,PT,2014,1521854,
ESTAT:YTH_DEMO_010(1.0),03/07/23 23:00:00,A,NR,Y_LT15,T,PT,2015,1490241,
ESTAT:YTH_DEMO_010(1.0),03/07/23 23:00:00,A,NR,Y_LT15,T,PT,2016,1460832,
ESTAT:YTH_DEMO_010(1.0),03/07/23 23:00:00,A,NR,Y_LT15,T,PT,2017,1442416,
ESTAT:YTH_DEMO_010(1.0),03/07/23 23:00:00,A,NR,Y_LT15,T,PT,2018,1423896,
ESTAT:YTH_DEMO_010(1.0),03/07/23 23:00:00,A,NR,Y_LT15,T,PT,2019,1407566,
ESTAT:YTH_DEMO_010(1.0),03/07/23 23:00:00,A,NR,Y_LT15,T,PT,2020,1396985,
ESTAT:YTH_DEMO_010(1.0),03/07/23 23:00:00,A,NR,Y_LT15,T,PT,2021,1382628,
ESTAT:YTH_DEMO_010(1.0),03/07/23 23:00:00,A,NR,Y_LT15,T,PT,2022,1324883,bp
ESTAT:YTH_DEMO_010(1.0),03/07/23 23:00:00,A,NR,Y_LT15,T,RO,2013,3139609,
ESTAT:YTH_DEMO_010(1.0),03/07/23 23:00:00,A,NR,Y_LT15,T,RO,2014,3094609,
ESTAT:YTH_DEMO_010(1.0),03/07/23 23:00:00,A,NR,Y_LT15,T,RO,2015,3081084,
ESTAT:YTH_DEMO_010(1.0),03/07/23 23:00:00,A,NR,Y_LT15,T,RO,2016,3066712,
ESTAT:YTH_DEMO_010(1.0),03/07/23 23:00:00,A,NR,Y_LT15,T,RO,2017,3059268,
ESTAT:YTH_DEMO_010(1.0),03/07/23 23:00:00,A,NR,Y_LT15,T,RO,2018,3058880,
ESTAT:YTH_DEMO_010(1.0),03/07/23 23:00:00,A,NR,Y_LT15,T,RO,2019,3042242,
ESTAT:YTH_DEMO_010(1.0),03/07/23 23:00:00,A,NR,Y_LT15,T,RO,2020,3031378,e
ESTAT:YTH_DEMO_010(1.0),03/07/23 23:00:00,A,NR,Y_LT15,T,RO,2021,3026943,e
ESTAT:YTH_DEMO_010(1.0),03/07/23 23:00:00,A,NR,Y_LT15,T,RO,2022,3089023,e
ESTAT:YTH_DEMO_010(1.0),03/07/23 23:00:00,A,NR,Y_LT15,T,RS,2013,1030952,
ESTAT:YTH_DEMO_010(1.0),03/07/23 23:00:00,A,NR,Y_LT15,T,RS,2014,1024910,
ESTAT:YTH_DEMO_010(1.0),03/07/23 23:00:00,A,NR,Y_LT15,T,RS,2015,1023354,
ESTAT:YTH_DEMO_010(1.0),03/07/23 23:00:00,A,NR,Y_LT15,T,RS,2016,1020693,
ESTAT:YTH_DEMO_010(1.0),03/07/23 23:00:00,A,NR,Y_LT15,T,RS,2017,1012481,
ESTAT:YTH_DEMO_010(1.0),03/07/23 23:00:00,A,NR,Y_LT15,T,RS,2018,1004991,
ESTAT:YTH_DEMO_010(1.0),03/07/23 23:00:00,A,NR,Y_LT15,T,RS,2019,996204,
ESTAT:YTH_DEMO_010(1.0),03/07/23 23:00:00,A,NR,Y_LT15,T,RS,2020,988983,
ESTAT:YTH_DEMO_010(1.0),03/07/23 23:00:00,A,NR,Y_LT15,T,RS,2021,980332,
ESTAT:YTH_DEMO_010(1.0),03/07/23 23:00:00,A,NR,Y_LT15,T,RS,2022,973914,
ESTAT:YTH_DEMO_010(1.0),03/07/23 23:00:00,A,NR,Y_LT15,T,RU,2014,23383808,
ESTAT:YTH_DEMO_010(1.0),03/07/23 23:00:00,A,NR,Y_LT15,T,SE,2013,1611859,
ESTAT:YTH_DEMO_010(1.0),03/07/23 23:00:00,A,NR,Y_LT15,T,SE,2014,1646101,
ESTAT:YTH_DEMO_010(1.0),03/07/23 23:00:00,A,NR,Y_LT15,T,SE,2015,1682033,
ESTAT:YTH_DEMO_010(1.0),03/07/23 23:00:00,A,NR,Y_LT15,T,SE,2016,1717143,
ESTAT:YTH_DEMO_010(1.0),03/07/23 23:00:00,A,NR,Y_LT15,T,SE,2017,1760994,
ESTAT:YTH_DEMO_010(1.0),03/07/23 23:00:00,A,NR,Y_LT15,T,SE,2018,1794677,
ESTAT:YTH_DEMO_010(1.0),03/07/23 23:00:00,A,NR,Y_LT15,T,SE,2019,1819729,
ESTAT:YTH_DEMO_010(1.0),03/07/23 23:00:00,A,NR,Y_LT15,T,SE,2020,1834821,
ESTAT:YTH_DEMO_010(1.0),03/07/23 23:00:00,A,NR,Y_LT15,T,SE,2021,1837798,
ESTAT:YTH_DEMO_010(1.0),03/07/23 23:00:00,A,NR,Y_LT15,T,SE,2022,1839103,
ESTAT:YTH_DEMO_010(1.0),03/07/23 23:00:00,A,NR,Y_LT15,T,SI,2013,298095,
ESTAT:YTH_DEMO_010(1.0),03/07/23 23:00:00,A,NR,Y_LT15,T,SI,2014,301053,
ESTAT:YTH_DEMO_010(1.0),03/07/23 23:00:00,A,NR,Y_LT15,T,SI,2015,304310,
ESTAT:YTH_DEMO_010(1.0),03/07/23 23:00:00,A,NR,Y_LT15,T,SI,2016,306390,
ESTAT:YTH_DEMO_010(1.0),03/07/23 23:00:00,A,NR,Y_LT15,T,SI,2017,308594,
ESTAT:YTH_DEMO_010(1.0),03/07/23 23:00:00,A,NR,Y_LT15,T,SI,2018,310677,
ESTAT:YTH_DEMO_010(1.0),03/07/23 23:00:00,A,NR,Y_LT15,T,SI,2019,313706,
ESTAT:YTH_DEMO_010(1.0),03/07/23 23:00:00,A,NR,Y_LT15,T,SI,2020,315802,
ESTAT:YTH_DEMO_010(1.0),03/07/23 23:00:00,A,NR,Y_LT15,T,SI,2021,317731,
ESTAT:YTH_DEMO_010(1.0),03/07/23 23:00:00,A,NR,Y_LT15,T,SI,2022,317938,
ESTAT:YTH_DEMO_010(1.0),03/07/23 23:00:00,A,NR,Y_LT15,T,SK,2013,830576,
ESTAT:YTH_DEMO_010(1.0),03/07/23 23:00:00,A,NR,Y_LT15,T,SK,2014,829925,
ESTAT:YTH_DEMO_010(1.0),03/07/23 23:00:00,A,NR,Y_LT15,T,SK,2015,830181,
ESTAT:YTH_DEMO_010(1.0),03/07/23 23:00:00,A,NR,Y_LT15,T,SK,2016,832043,
ESTAT:YTH_DEMO_010(1.0),03/07/23 23:00:00,A,NR,Y_LT15,T,SK,2017,840228,
ESTAT:YTH_DEMO_010(1.0),03/07/23 23:00:00,A,NR,Y_LT15,T,SK,2018,849701,
ESTAT:YTH_DEMO_010(1.0),03/07/23 23:00:00,A,NR,Y_LT15,T,SK,2019,858042,
ESTAT:YTH_DEMO_010(1.0),03/07/23 23:00:00,A,NR,Y_LT15,T,SK,2020,863720,
ESTAT:YTH_DEMO_010(1.0),03/07/23 23:00:00,A,NR,Y_LT15,T,SK,2021,868294,
ESTAT:YTH_DEMO_010(1.0),03/07/23 23:00:00,A,NR,Y_LT15,T,SK,2022,872796,
ESTAT:YTH_DEMO_010(1.0),03/07/23 23:00:00,A,NR,Y_LT15,T,SM,2013,5066,
ESTAT:YTH_DEMO_010(1.0),03/07/23 23:00:00,A,NR,Y_LT15,T,SM,2018,4883,
ESTAT:YTH_DEMO_010(1.0),03/07/23 23:00:00,A,NR,Y_LT15,T,SM,2020,4687,
ESTAT:YTH_DEMO_010(1.0),03/07/23 23:00:00,A,NR,Y_LT15,T,TR,2013,18857179,
ESTAT:YTH_DEMO_010(1.0),03/07/23 23:00:00,A,NR,Y_LT15,T,TR,2014,18849814,
ESTAT:YTH_DEMO_010(1.0),03/07/23 23:00:00,A,NR,Y_LT15,T,TR,2015,18862430,
ESTAT:YTH_DEMO_010(1.0),03/07/23 23:00:00,A,NR,Y_LT15,T,TR,2016,18886220,
ESTAT:YTH_DEMO_010(1.0),03/07/23 23:00:00,A,NR,Y_LT15,T,TR,2017,18925782,
ESTAT:YTH_DEMO_010(1.0),03/07/23 23:00:00,A,NR,Y_LT15,T,TR,2018,19033488,
ESTAT:YTH_DEMO_010(1.0),03/07/23 23:00:00,A,NR,Y_LT15,T,TR,2019,19184329,
ESTAT:YTH_DEMO_010(1.0),03/07/23 23:00:00,A,NR,Y_LT15,T,TR,2020,19212345,
ESTAT:YTH_DEMO_010(1.0),03/07/23 23:00:00,A,NR,Y_LT15,T,TR,2021,19068237,
ESTAT:YTH_DEMO_010(1.0),03/07/23 23:00:00,A,NR,Y_LT15,T,TR,2022,18975963,
ESTAT:YTH_DEMO_010(1.0),03/07/23 23:00:00,A,NR,Y_LT15,T,UA,2013,6620598,
ESTAT:YTH_DEMO_010(1.0),03/07/23 23:00:00,A,NR,Y_LT15,T,UA,2014,6710689,
ESTAT:YTH_DEMO_010(1.0),03/07/23 23:00:00,A,NR,Y_LT15,T,UA,2015,6449171,
ESTAT:YTH_DEMO_010(1.0),03/07/23 23:00:00,A,NR,Y_LT15,T,UA,2016,6494293,
ESTAT:YTH_DEMO_010(1.0),03/07/23 23:00:00,A,NR,Y_LT15,T,UA,2017,6535536,
ESTAT:YTH_DEMO_010(1.0),03/07/23 23:00:00,A,NR,Y_LT15,T,UA,2018,6530490,
ESTAT:YTH_DEMO_010(1.0),03/07/23 23:00:00,A,NR,Y_LT15,T,UA,2019,6480979,
ESTAT:YTH_DEMO_010(1.0),03/07/23 23:00:00,A,NR,Y_LT15,T,UA,2020,6386756,
ESTAT:YTH_DEMO_010(1.0),03/07/23 23:00:00,A,NR,Y_LT15,T,UA,2021,6279769,
ESTAT:YTH_DEMO_010(1.0),03/07/23 23:00:00,A,NR,Y_LT15,T,UA,2022,6119886,
ESTAT:YTH_DEMO_010(1.0),03/07/23 23:00:00,A,NR,Y_LT15,T,UK,2013,11260475,
ESTAT:YTH_DEMO_010(1.0),03/07/23 23:00:00,A,NR,Y_LT15,T,UK,2014,11357376,
ESTAT:YTH_DEMO_010(1.0),03/07/23 23:00:00,A,NR,Y_LT15,T,UK,2015,11469164,
ESTAT:YTH_DEMO_010(1.0),03/07/23 23:00:00,A,NR,Y_LT15,T,UK,2016,11603820,
ESTAT:YTH_DEMO_010(1.0),03/07/23 23:00:00,A,NR,Y_LT15,T,UK,2017,11742211,
ESTAT:YTH_DEMO_010(1.0),03/07/23 23:00:00,A,NR,Y_LT15,T,UK,2018,11871549,
ESTAT:YTH_DEMO_010(1.0),03/07/23 23:00:00,A,NR,Y_LT15,T,UK,2019,11939948,
ESTAT:YTH_DEMO_010(1.0),03/07/23 23:00:00,A,NR,Y_LT15,T,XK,2016,483027,p
ESTAT:YTH_DEMO_010(1.0),03/07/23 23:00:00,A,NR,Y_LT15,T,XK,2017,446632,
ESTAT:YTH_DEMO_010(1.0),03/07/23 23:00:00,A,NR,Y_LT15,T,XK,2018,450344,
ESTAT:YTH_DEMO_010(1.0),03/07/23 23:00:00,A,NR,Y_LT15,T,XK,2019,438179,
ESTAT:YTH_DEMO_010(1.0),03/07/23 23:00:00,A,NR,Y_LT15,T,XK,2020,428565,
