DATAFLOW,LAST UPDATE,freq,unit,sex,age,icd10,geo,TIME_PERIOD,OBS_VALUE,OBS_FLAG
ESTAT:TPS00137(1.0),12/06/23 11:00:00,A,RT,T,TOTAL,E10-E14,AT,2011,38.34,
ESTAT:TPS00137(1.0),12/06/23 11:00:00,A,RT,T,TOTAL,E10-E14,AT,2012,38.54,
ESTAT:TPS00137(1.0),12/06/23 11:00:00,A,RT,T,TOTAL,E10-E14,AT,2013,36.12,
ESTAT:TPS00137(1.0),12/06/23 11:00:00,A,RT,T,TOTAL,E10-E14,AT,2014,38.55,
ESTAT:TPS00137(1.0),12/06/23 11:00:00,A,RT,T,TOTAL,E10-E14,AT,2015,41.73,
ESTAT:TPS00137(1.0),12/06/23 11:00:00,A,RT,T,TOTAL,E10-E14,AT,2016,39,
ESTAT:TPS00137(1.0),12/06/23 11:00:00,A,RT,T,TOTAL,E10-E14,AT,2017,36.62,
ESTAT:TPS00137(1.0),12/06/23 11:00:00,A,RT,T,TOTAL,E10-E14,AT,2018,35.17,p
ESTAT:TPS00137(1.0),12/06/23 11:00:00,A,RT,T,TOTAL,E10-E14,AT,2019,29.84,p
ESTAT:TPS00137(1.0),12/06/23 11:00:00,A,RT,T,TOTAL,E10-E14,AT,2020,31.26,
ESTAT:TPS00137(1.0),12/06/23 11:00:00,A,RT,T,TOTAL,E10-E14,BE,2011,15.76,
ESTAT:TPS00137(1.0),12/06/23 11:00:00,A,RT,T,TOTAL,E10-E14,BE,2012,16.57,
ESTAT:TPS00137(1.0),12/06/23 11:00:00,A,RT,T,TOTAL,E10-E14,BE,2013,15.33,
ESTAT:TPS00137(1.0),12/06/23 11:00:00,A,RT,T,TOTAL,E10-E14,BE,2014,14.4,
ESTAT:TPS00137(1.0),12/06/23 11:00:00,A,RT,T,TOTAL,E10-E14,BE,2015,13.74,
ESTAT:TPS00137(1.0),12/06/23 11:00:00,A,RT,T,TOTAL,E10-E14,BE,2016,12.9,
ESTAT:TPS00137(1.0),12/06/23 11:00:00,A,RT,T,TOTAL,E10-E14,BE,2017,13.39,
ESTAT:TPS00137(1.0),12/06/23 11:00:00,A,RT,T,TOTAL,E10-E14,BE,2018,12.98,p
ESTAT:TPS00137(1.0),12/06/23 11:00:00,A,RT,T,TOTAL,E10-E14,BE,2019,12.39,p
ESTAT:TPS00137(1.0),12/06/23 11:00:00,A,RT,T,TOTAL,E10-E14,BE,2020,12.59,
ESTAT:TPS00137(1.0),12/06/23 11:00:00,A,RT,T,TOTAL,E10-E14,BG,2011,22.78,
ESTAT:TPS00137(1.0),12/06/23 11:00:00,A,RT,T,TOTAL,E10-E14,BG,2012,24.2,
ESTAT:TPS00137(1.0),12/06/23 11:00:00,A,RT,T,TOTAL,E10-E14,BG,2013,19.79,
ESTAT:TPS00137(1.0),12/06/23 11:00:00,A,RT,T,TOTAL,E10-E14,BG,2014,20.93,
ESTAT:TPS00137(1.0),12/06/23 11:00:00,A,RT,T,TOTAL,E10-E14,BG,2015,25.14,
ESTAT:TPS00137(1.0),12/06/23 11:00:00,A,RT,T,TOTAL,E10-E14,BG,2016,22.63,
ESTAT:TPS00137(1.0),12/06/23 11:00:00,A,RT,T,TOTAL,E10-E14,BG,2017,21.14,
ESTAT:TPS00137(1.0),12/06/23 11:00:00,A,RT,T,TOTAL,E10-E14,BG,2018,23.09,p
ESTAT:TPS00137(1.0),12/06/23 11:00:00,A,RT,T,TOTAL,E10-E14,BG,2019,20.82,p
ESTAT:TPS00137(1.0),12/06/23 11:00:00,A,RT,T,TOTAL,E10-E14,BG,2020,24.12,
ESTAT:TPS00137(1.0),12/06/23 11:00:00,A,RT,T,TOTAL,E10-E14,CH,2011,17.18,
ESTAT:TPS00137(1.0),12/06/23 11:00:00,A,RT,T,TOTAL,E10-E14,CH,2012,17.11,
ESTAT:TPS00137(1.0),12/06/23 11:00:00,A,RT,T,TOTAL,E10-E14,CH,2013,17.92,
ESTAT:TPS00137(1.0),12/06/23 11:00:00,A,RT,T,TOTAL,E10-E14,CH,2014,16,
ESTAT:TPS00137(1.0),12/06/23 11:00:00,A,RT,T,TOTAL,E10-E14,CH,2015,16.9,
ESTAT:TPS00137(1.0),12/06/23 11:00:00,A,RT,T,TOTAL,E10-E14,CH,2016,16.01,
ESTAT:TPS00137(1.0),12/06/23 11:00:00,A,RT,T,TOTAL,E10-E14,CH,2017,15.45,
ESTAT:TPS00137(1.0),12/06/23 11:00:00,A,RT,T,TOTAL,E10-E14,CH,2018,13.9,p
ESTAT:TPS00137(1.0),12/06/23 11:00:00,A,RT,T,TOTAL,E10-E14,CH,2019,13.5,p
ESTAT:TPS00137(1.0),12/06/23 11:00:00,A,RT,T,TOTAL,E10-E14,CH,2020,11.6,
ESTAT:TPS00137(1.0),12/06/23 11:00:00,A,RT,T,TOTAL,E10-E14,CY,2011,73.54,
ESTAT:TPS00137(1.0),12/06/23 11:00:00,A,RT,T,TOTAL,E10-E14,CY,2012,70.75,
ESTAT:TPS00137(1.0),12/06/23 11:00:00,A,RT,T,TOTAL,E10-E14,CY,2013,69.7,
ESTAT:TPS00137(1.0),12/06/23 11:00:00,A,RT,T,TOTAL,E10-E14,CY,2014,72.36,
ESTAT:TPS00137(1.0),12/06/23 11:00:00,A,RT,T,TOTAL,E10-E14,CY,2015,65.48,
ESTAT:TPS00137(1.0),12/06/23 11:00:00,A,RT,T,TOTAL,E10-E14,CY,2016,53.3,
ESTAT:TPS00137(1.0),12/06/23 11:00:00,A,RT,T,TOTAL,E10-E14,CY,2017,58.01,
ESTAT:TPS00137(1.0),12/06/23 11:00:00,A,RT,T,TOTAL,E10-E14,CY,2018,55.25,p
ESTAT:TPS00137(1.0),12/06/23 11:00:00,A,RT,T,TOTAL,E10-E14,CY,2019,56.06,p
ESTAT:TPS00137(1.0),12/06/23 11:00:00,A,RT,T,TOTAL,E10-E14,CY,2020,59.73,
ESTAT:TPS00137(1.0),12/06/23 11:00:00,A,RT,T,TOTAL,E10-E14,CZ,2011,29.15,
ESTAT:TPS00137(1.0),12/06/23 11:00:00,A,RT,T,TOTAL,E10-E14,CZ,2012,26.92,
ESTAT:TPS00137(1.0),12/06/23 11:00:00,A,RT,T,TOTAL,E10-E14,CZ,2013,45.1,
ESTAT:TPS00137(1.0),12/06/23 11:00:00,A,RT,T,TOTAL,E10-E14,CZ,2014,41.8,
ESTAT:TPS00137(1.0),12/06/23 11:00:00,A,RT,T,TOTAL,E10-E14,CZ,2015,43.48,
ESTAT:TPS00137(1.0),12/06/23 11:00:00,A,RT,T,TOTAL,E10-E14,CZ,2016,43.26,
ESTAT:TPS00137(1.0),12/06/23 11:00:00,A,RT,T,TOTAL,E10-E14,CZ,2017,41.53,
ESTAT:TPS00137(1.0),12/06/23 11:00:00,A,RT,T,TOTAL,E10-E14,CZ,2018,46.51,p
ESTAT:TPS00137(1.0),12/06/23 11:00:00,A,RT,T,TOTAL,E10-E14,CZ,2019,45.55,p
ESTAT:TPS00137(1.0),12/06/23 11:00:00,A,RT,T,TOTAL,E10-E14,CZ,2020,52.29,
ESTAT:TPS00137(1.0),12/06/23 11:00:00,A,RT,T,TOTAL,E10-E14,DE,2011,29.41,
ESTAT:TPS00137(1.0),12/06/23 11:00:00,A,RT,T,TOTAL,E10-E14,DE,2012,29.36,
ESTAT:TPS00137(1.0),12/06/23 11:00:00,A,RT,T,TOTAL,E10-E14,DE,2013,28.88,
ESTAT:TPS00137(1.0),12/06/23 11:00:00,A,RT,T,TOTAL,E10-E14,DE,2014,26.32,
ESTAT:TPS00137(1.0),12/06/23 11:00:00,A,RT,T,TOTAL,E10-E14,DE,2015,27.67,
ESTAT:TPS00137(1.0),12/06/23 11:00:00,A,RT,T,TOTAL,E10-E14,DE,2016,25.49,
ESTAT:TPS00137(1.0),12/06/23 11:00:00,A,RT,T,TOTAL,E10-E14,DE,2017,26.98,
ESTAT:TPS00137(1.0),12/06/23 11:00:00,A,RT,T,TOTAL,E10-E14,DE,2018,26.43,p
ESTAT:TPS00137(1.0),12/06/23 11:00:00,A,RT,T,TOTAL,E10-E14,DE,2019,24.9,p
ESTAT:TPS00137(1.0),12/06/23 11:00:00,A,RT,T,TOTAL,E10-E14,DE,2020,26.37,
ESTAT:TPS00137(1.0),12/06/23 11:00:00,A,RT,T,TOTAL,E10-E14,DK,2011,29.43,
ESTAT:TPS00137(1.0),12/06/23 11:00:00,A,RT,T,TOTAL,E10-E14,DK,2012,27.69,
ESTAT:TPS00137(1.0),12/06/23 11:00:00,A,RT,T,TOTAL,E10-E14,DK,2013,27.28,
ESTAT:TPS00137(1.0),12/06/23 11:00:00,A,RT,T,TOTAL,E10-E14,DK,2014,26.23,
ESTAT:TPS00137(1.0),12/06/23 11:00:00,A,RT,T,TOTAL,E10-E14,DK,2015,26.69,
ESTAT:TPS00137(1.0),12/06/23 11:00:00,A,RT,T,TOTAL,E10-E14,DK,2016,27.31,
ESTAT:TPS00137(1.0),12/06/23 11:00:00,A,RT,T,TOTAL,E10-E14,DK,2017,25.5,
ESTAT:TPS00137(1.0),12/06/23 11:00:00,A,RT,T,TOTAL,E10-E14,DK,2018,26.37,p
ESTAT:TPS00137(1.0),12/06/23 11:00:00,A,RT,T,TOTAL,E10-E14,DK,2019,24.21,p
ESTAT:TPS00137(1.0),12/06/23 11:00:00,A,RT,T,TOTAL,E10-E14,DK,2020,22.32,
ESTAT:TPS00137(1.0),12/06/23 11:00:00,A,RT,T,TOTAL,E10-E14,EE,2011,13.51,
ESTAT:TPS00137(1.0),12/06/23 11:00:00,A,RT,T,TOTAL,E10-E14,EE,2012,10.25,
ESTAT:TPS00137(1.0),12/06/23 11:00:00,A,RT,T,TOTAL,E10-E14,EE,2013,11.86,
ESTAT:TPS00137(1.0),12/06/23 11:00:00,A,RT,T,TOTAL,E10-E14,EE,2014,12,
ESTAT:TPS00137(1.0),12/06/23 11:00:00,A,RT,T,TOTAL,E10-E14,EE,2015,10.67,
ESTAT:TPS00137(1.0),12/06/23 11:00:00,A,RT,T,TOTAL,E10-E14,EE,2016,14.21,
ESTAT:TPS00137(1.0),12/06/23 11:00:00,A,RT,T,TOTAL,E10-E14,EE,2017,14.99,
ESTAT:TPS00137(1.0),12/06/23 11:00:00,A,RT,T,TOTAL,E10-E14,EE,2018,17.08,p
ESTAT:TPS00137(1.0),12/06/23 11:00:00,A,RT,T,TOTAL,E10-E14,EE,2019,18,p
ESTAT:TPS00137(1.0),12/06/23 11:00:00,A,RT,T,TOTAL,E10-E14,EE,2020,24.3,
ESTAT:TPS00137(1.0),12/06/23 11:00:00,A,RT,T,TOTAL,E10-E14,EL,2011,10.24,
ESTAT:TPS00137(1.0),12/06/23 11:00:00,A,RT,T,TOTAL,E10-E14,EL,2012,10.07,
ESTAT:TPS00137(1.0),12/06/23 11:00:00,A,RT,T,TOTAL,E10-E14,EL,2013,11.97,
ESTAT:TPS00137(1.0),12/06/23 11:00:00,A,RT,T,TOTAL,E10-E14,EL,2014,13.86,
ESTAT:TPS00137(1.0),12/06/23 11:00:00,A,RT,T,TOTAL,E10-E14,EL,2015,14.64,
ESTAT:TPS00137(1.0),12/06/23 11:00:00,A,RT,T,TOTAL,E10-E14,EL,2016,14.18,
ESTAT:TPS00137(1.0),12/06/23 11:00:00,A,RT,T,TOTAL,E10-E14,EL,2017,16.68,
ESTAT:TPS00137(1.0),12/06/23 11:00:00,A,RT,T,TOTAL,E10-E14,EL,2018,17.29,p
ESTAT:TPS00137(1.0),12/06/23 11:00:00,A,RT,T,TOTAL,E10-E14,EL,2019,18.32,p
ESTAT:TPS00137(1.0),12/06/23 11:00:00,A,RT,T,TOTAL,E10-E14,EL,2020,18.5,
ESTAT:TPS00137(1.0),12/06/23 11:00:00,A,RT,T,TOTAL,E10-E14,ES,2011,22.91,
ESTAT:TPS00137(1.0),12/06/23 11:00:00,A,RT,T,TOTAL,E10-E14,ES,2012,22.12,
ESTAT:TPS00137(1.0),12/06/23 11:00:00,A,RT,T,TOTAL,E10-E14,ES,2013,20.27,
ESTAT:TPS00137(1.0),12/06/23 11:00:00,A,RT,T,TOTAL,E10-E14,ES,2014,20.18,
ESTAT:TPS00137(1.0),12/06/23 11:00:00,A,RT,T,TOTAL,E10-E14,ES,2015,20.79,
ESTAT:TPS00137(1.0),12/06/23 11:00:00,A,RT,T,TOTAL,E10-E14,ES,2016,18.6,
ESTAT:TPS00137(1.0),12/06/23 11:00:00,A,RT,T,TOTAL,E10-E14,ES,2017,18.99,
ESTAT:TPS00137(1.0),12/06/23 11:00:00,A,RT,T,TOTAL,E10-E14,ES,2018,18.79,p
ESTAT:TPS00137(1.0),12/06/23 11:00:00,A,RT,T,TOTAL,E10-E14,ES,2019,17.89,p
ESTAT:TPS00137(1.0),12/06/23 11:00:00,A,RT,T,TOTAL,E10-E14,ES,2020,20.59,
ESTAT:TPS00137(1.0),12/06/23 11:00:00,A,RT,T,TOTAL,E10-E14,EU27_2020,2011,25.36,
ESTAT:TPS00137(1.0),12/06/23 11:00:00,A,RT,T,TOTAL,E10-E14,EU27_2020,2012,25.4,
ESTAT:TPS00137(1.0),12/06/23 11:00:00,A,RT,T,TOTAL,E10-E14,EU27_2020,2013,24.77,
ESTAT:TPS00137(1.0),12/06/23 11:00:00,A,RT,T,TOTAL,E10-E14,EU27_2020,2014,23.48,
ESTAT:TPS00137(1.0),12/06/23 11:00:00,A,RT,T,TOTAL,E10-E14,EU27_2020,2015,24.89,
ESTAT:TPS00137(1.0),12/06/23 11:00:00,A,RT,T,TOTAL,E10-E14,EU27_2020,2016,23.61,
ESTAT:TPS00137(1.0),12/06/23 11:00:00,A,RT,T,TOTAL,E10-E14,EU27_2020,2017,24.15,
ESTAT:TPS00137(1.0),12/06/23 11:00:00,A,RT,T,TOTAL,E10-E14,EU27_2020,2018,23.87,p
ESTAT:TPS00137(1.0),12/06/23 11:00:00,A,RT,T,TOTAL,E10-E14,EU27_2020,2019,23.36,p
ESTAT:TPS00137(1.0),12/06/23 11:00:00,A,RT,T,TOTAL,E10-E14,EU27_2020,2020,26.2,
ESTAT:TPS00137(1.0),12/06/23 11:00:00,A,RT,T,TOTAL,E10-E14,FI,2011,9.5,
ESTAT:TPS00137(1.0),12/06/23 11:00:00,A,RT,T,TOTAL,E10-E14,FI,2012,9.53,
ESTAT:TPS00137(1.0),12/06/23 11:00:00,A,RT,T,TOTAL,E10-E14,FI,2013,9.12,
ESTAT:TPS00137(1.0),12/06/23 11:00:00,A,RT,T,TOTAL,E10-E14,FI,2014,9.24,
ESTAT:TPS00137(1.0),12/06/23 11:00:00,A,RT,T,TOTAL,E10-E14,FI,2015,8.87,
ESTAT:TPS00137(1.0),12/06/23 11:00:00,A,RT,T,TOTAL,E10-E14,FI,2016,9.66,
ESTAT:TPS00137(1.0),12/06/23 11:00:00,A,RT,T,TOTAL,E10-E14,FI,2017,9.94,
ESTAT:TPS00137(1.0),12/06/23 11:00:00,A,RT,T,TOTAL,E10-E14,FI,2018,9.32,p
ESTAT:TPS00137(1.0),12/06/23 11:00:00,A,RT,T,TOTAL,E10-E14,FI,2019,10.08,p
ESTAT:TPS00137(1.0),12/06/23 11:00:00,A,RT,T,TOTAL,E10-E14,FI,2020,11.07,
ESTAT:TPS00137(1.0),12/06/23 11:00:00,A,RT,T,TOTAL,E10-E14,FR,2011,18.18,
ESTAT:TPS00137(1.0),12/06/23 11:00:00,A,RT,T,TOTAL,E10-E14,FR,2012,18.14,
ESTAT:TPS00137(1.0),12/06/23 11:00:00,A,RT,T,TOTAL,E10-E14,FR,2013,17.75,
ESTAT:TPS00137(1.0),12/06/23 11:00:00,A,RT,T,TOTAL,E10-E14,FR,2014,17.01,
ESTAT:TPS00137(1.0),12/06/23 11:00:00,A,RT,T,TOTAL,E10-E14,FR,2015,17.73,
ESTAT:TPS00137(1.0),12/06/23 11:00:00,A,RT,T,TOTAL,E10-E14,FR,2016,16.67,
ESTAT:TPS00137(1.0),12/06/23 11:00:00,A,RT,T,TOTAL,E10-E14,FR,2017,16.39,
ESTAT:TPS00137(1.0),12/06/23 11:00:00,A,RT,T,TOTAL,E10-E14,FR,2018,15.75,p
ESTAT:TPS00137(1.0),12/06/23 11:00:00,A,RT,T,TOTAL,E10-E14,FR,2019,15.6,p
ESTAT:TPS00137(1.0),12/06/23 11:00:00,A,RT,T,TOTAL,E10-E14,FR,2020,15.89,
ESTAT:TPS00137(1.0),12/06/23 11:00:00,A,RT,T,TOTAL,E10-E14,HR,2011,31.67,
ESTAT:TPS00137(1.0),12/06/23 11:00:00,A,RT,T,TOTAL,E10-E14,HR,2012,34.84,d
ESTAT:TPS00137(1.0),12/06/23 11:00:00,A,RT,T,TOTAL,E10-E14,HR,2013,32.26,d
ESTAT:TPS00137(1.0),12/06/23 11:00:00,A,RT,T,TOTAL,E10-E14,HR,2014,34.52,
ESTAT:TPS00137(1.0),12/06/23 11:00:00,A,RT,T,TOTAL,E10-E14,HR,2015,42.38,
ESTAT:TPS00137(1.0),12/06/23 11:00:00,A,RT,T,TOTAL,E10-E14,HR,2016,47.62,
ESTAT:TPS00137(1.0),12/06/23 11:00:00,A,RT,T,TOTAL,E10-E14,HR,2017,57.45,
ESTAT:TPS00137(1.0),12/06/23 11:00:00,A,RT,T,TOTAL,E10-E14,HR,2018,69.71,p
ESTAT:TPS00137(1.0),12/06/23 11:00:00,A,RT,T,TOTAL,E10-E14,HR,2019,96.05,p
ESTAT:TPS00137(1.0),12/06/23 11:00:00,A,RT,T,TOTAL,E10-E14,HR,2020,112.42,
ESTAT:TPS00137(1.0),12/06/23 11:00:00,A,RT,T,TOTAL,E10-E14,HU,2011,32.34,d
ESTAT:TPS00137(1.0),12/06/23 11:00:00,A,RT,T,TOTAL,E10-E14,HU,2012,32.88,d
ESTAT:TPS00137(1.0),12/06/23 11:00:00,A,RT,T,TOTAL,E10-E14,HU,2013,29.36,d
ESTAT:TPS00137(1.0),12/06/23 11:00:00,A,RT,T,TOTAL,E10-E14,HU,2014,29.1,
ESTAT:TPS00137(1.0),12/06/23 11:00:00,A,RT,T,TOTAL,E10-E14,HU,2015,30.89,
ESTAT:TPS00137(1.0),12/06/23 11:00:00,A,RT,T,TOTAL,E10-E14,HU,2016,30.64,
ESTAT:TPS00137(1.0),12/06/23 11:00:00,A,RT,T,TOTAL,E10-E14,HU,2017,33.93,
ESTAT:TPS00137(1.0),12/06/23 11:00:00,A,RT,T,TOTAL,E10-E14,HU,2018,33.68,p
ESTAT:TPS00137(1.0),12/06/23 11:00:00,A,RT,T,TOTAL,E10-E14,HU,2019,32.99,p
ESTAT:TPS00137(1.0),12/06/23 11:00:00,A,RT,T,TOTAL,E10-E14,HU,2020,39.74,
ESTAT:TPS00137(1.0),12/06/23 11:00:00,A,RT,T,TOTAL,E10-E14,IE,2011,17.81,
ESTAT:TPS00137(1.0),12/06/23 11:00:00,A,RT,T,TOTAL,E10-E14,IE,2012,19.93,
ESTAT:TPS00137(1.0),12/06/23 11:00:00,A,RT,T,TOTAL,E10-E14,IE,2013,20.78,
ESTAT:TPS00137(1.0),12/06/23 11:00:00,A,RT,T,TOTAL,E10-E14,IE,2014,17.27,
ESTAT:TPS00137(1.0),12/06/23 11:00:00,A,RT,T,TOTAL,E10-E14,IE,2015,17.9,
ESTAT:TPS00137(1.0),12/06/23 11:00:00,A,RT,T,TOTAL,E10-E14,IE,2016,17.35,
ESTAT:TPS00137(1.0),12/06/23 11:00:00,A,RT,T,TOTAL,E10-E14,IE,2017,17.59,
ESTAT:TPS00137(1.0),12/06/23 11:00:00,A,RT,T,TOTAL,E10-E14,IE,2018,16.18,p
ESTAT:TPS00137(1.0),12/06/23 11:00:00,A,RT,T,TOTAL,E10-E14,IE,2019,15.33,p
ESTAT:TPS00137(1.0),12/06/23 11:00:00,A,RT,T,TOTAL,E10-E14,IE,2020,17.67,
ESTAT:TPS00137(1.0),12/06/23 11:00:00,A,RT,T,TOTAL,E10-E14,IS,2011,9.26,
ESTAT:TPS00137(1.0),12/06/23 11:00:00,A,RT,T,TOTAL,E10-E14,IS,2012,10.54,
ESTAT:TPS00137(1.0),12/06/23 11:00:00,A,RT,T,TOTAL,E10-E14,IS,2013,13.85,
ESTAT:TPS00137(1.0),12/06/23 11:00:00,A,RT,T,TOTAL,E10-E14,IS,2014,12.78,
ESTAT:TPS00137(1.0),12/06/23 11:00:00,A,RT,T,TOTAL,E10-E14,IS,2015,10.1,
ESTAT:TPS00137(1.0),12/06/23 11:00:00,A,RT,T,TOTAL,E10-E14,IS,2016,13.06,
ESTAT:TPS00137(1.0),12/06/23 11:00:00,A,RT,T,TOTAL,E10-E14,IS,2017,14.83,
ESTAT:TPS00137(1.0),12/06/23 11:00:00,A,RT,T,TOTAL,E10-E14,IS,2018,14.53,p
ESTAT:TPS00137(1.0),12/06/23 11:00:00,A,RT,T,TOTAL,E10-E14,IS,2019,11.63,p
ESTAT:TPS00137(1.0),12/06/23 11:00:00,A,RT,T,TOTAL,E10-E14,IS,2020,12.28,
ESTAT:TPS00137(1.0),12/06/23 11:00:00,A,RT,T,TOTAL,E10-E14,IT,2011,32.31,
ESTAT:TPS00137(1.0),12/06/23 11:00:00,A,RT,T,TOTAL,E10-E14,IT,2012,32.03,
ESTAT:TPS00137(1.0),12/06/23 11:00:00,A,RT,T,TOTAL,E10-E14,IT,2013,30.3,
ESTAT:TPS00137(1.0),12/06/23 11:00:00,A,RT,T,TOTAL,E10-E14,IT,2014,28.45,
ESTAT:TPS00137(1.0),12/06/23 11:00:00,A,RT,T,TOTAL,E10-E14,IT,2015,30.73,
ESTAT:TPS00137(1.0),12/06/23 11:00:00,A,RT,T,TOTAL,E10-E14,IT,2016,28.76,
ESTAT:TPS00137(1.0),12/06/23 11:00:00,A,RT,T,TOTAL,E10-E14,IT,2017,29.65,
ESTAT:TPS00137(1.0),12/06/23 11:00:00,A,RT,T,TOTAL,E10-E14,IT,2018,27.78,p
ESTAT:TPS00137(1.0),12/06/23 11:00:00,A,RT,T,TOTAL,E10-E14,IT,2019,27.72,p
ESTAT:TPS00137(1.0),12/06/23 11:00:00,A,RT,T,TOTAL,E10-E14,IT,2020,32.47,
ESTAT:TPS00137(1.0),12/06/23 11:00:00,A,RT,T,TOTAL,E10-E14,LI,2011,11.46,
ESTAT:TPS00137(1.0),12/06/23 11:00:00,A,RT,T,TOTAL,E10-E14,LI,2012,10.86,
ESTAT:TPS00137(1.0),12/06/23 11:00:00,A,RT,T,TOTAL,E10-E14,LI,2014,6.56,
ESTAT:TPS00137(1.0),12/06/23 11:00:00,A,RT,T,TOTAL,E10-E14,LI,2015,2.65,
ESTAT:TPS00137(1.0),12/06/23 11:00:00,A,RT,T,TOTAL,E10-E14,LI,2016,4.52,
ESTAT:TPS00137(1.0),12/06/23 11:00:00,A,RT,T,TOTAL,E10-E14,LI,2017,0,
ESTAT:TPS00137(1.0),12/06/23 11:00:00,A,RT,T,TOTAL,E10-E14,LI,2018,3.18,p
ESTAT:TPS00137(1.0),12/06/23 11:00:00,A,RT,T,TOTAL,E10-E14,LI,2019,7.35,p
ESTAT:TPS00137(1.0),12/06/23 11:00:00,A,RT,T,TOTAL,E10-E14,LI,2020,11.6,
ESTAT:TPS00137(1.0),12/06/23 11:00:00,A,RT,T,TOTAL,E10-E14,LT,2011,9.67,
ESTAT:TPS00137(1.0),12/06/23 11:00:00,A,RT,T,TOTAL,E10-E14,LT,2012,11.33,
ESTAT:TPS00137(1.0),12/06/23 11:00:00,A,RT,T,TOTAL,E10-E14,LT,2013,10.87,
ESTAT:TPS00137(1.0),12/06/23 11:00:00,A,RT,T,TOTAL,E10-E14,LT,2014,9.69,
ESTAT:TPS00137(1.0),12/06/23 11:00:00,A,RT,T,TOTAL,E10-E14,LT,2015,11.02,
ESTAT:TPS00137(1.0),12/06/23 11:00:00,A,RT,T,TOTAL,E10-E14,LT,2016,10.61,
ESTAT:TPS00137(1.0),12/06/23 11:00:00,A,RT,T,TOTAL,E10-E14,LT,2017,14.42,
ESTAT:TPS00137(1.0),12/06/23 11:00:00,A,RT,T,TOTAL,E10-E14,LT,2018,18.15,p
ESTAT:TPS00137(1.0),12/06/23 11:00:00,A,RT,T,TOTAL,E10-E14,LT,2019,20.1,p
ESTAT:TPS00137(1.0),12/06/23 11:00:00,A,RT,T,TOTAL,E10-E14,LT,2020,23.5,
ESTAT:TPS00137(1.0),12/06/23 11:00:00,A,RT,T,TOTAL,E10-E14,LU,2011,14.37,
ESTAT:TPS00137(1.0),12/06/23 11:00:00,A,RT,T,TOTAL,E10-E14,LU,2012,15.14,
ESTAT:TPS00137(1.0),12/06/23 11:00:00,A,RT,T,TOTAL,E10-E14,LU,2013,20.71,
ESTAT:TPS00137(1.0),12/06/23 11:00:00,A,RT,T,TOTAL,E10-E14,LU,2014,22.79,
ESTAT:TPS00137(1.0),12/06/23 11:00:00,A,RT,T,TOTAL,E10-E14,LU,2015,20.22,
ESTAT:TPS00137(1.0),12/06/23 11:00:00,A,RT,T,TOTAL,E10-E14,LU,2016,14.01,
ESTAT:TPS00137(1.0),12/06/23 11:00:00,A,RT,T,TOTAL,E10-E14,LU,2017,19.51,
ESTAT:TPS00137(1.0),12/06/23 11:00:00,A,RT,T,TOTAL,E10-E14,LU,2018,13.76,p
ESTAT:TPS00137(1.0),12/06/23 11:00:00,A,RT,T,TOTAL,E10-E14,LU,2019,17.63,p
ESTAT:TPS00137(1.0),12/06/23 11:00:00,A,RT,T,TOTAL,E10-E14,LU,2020,15.43,
ESTAT:TPS00137(1.0),12/06/23 11:00:00,A,RT,T,TOTAL,E10-E14,LV,2011,25.56,
ESTAT:TPS00137(1.0),12/06/23 11:00:00,A,RT,T,TOTAL,E10-E14,LV,2012,24.71,
ESTAT:TPS00137(1.0),12/06/23 11:00:00,A,RT,T,TOTAL,E10-E14,LV,2013,24.59,
ESTAT:TPS00137(1.0),12/06/23 11:00:00,A,RT,T,TOTAL,E10-E14,LV,2014,26.31,
ESTAT:TPS00137(1.0),12/06/23 11:00:00,A,RT,T,TOTAL,E10-E14,LV,2015,24.78,
ESTAT:TPS00137(1.0),12/06/23 11:00:00,A,RT,T,TOTAL,E10-E14,LV,2016,27.97,
ESTAT:TPS00137(1.0),12/06/23 11:00:00,A,RT,T,TOTAL,E10-E14,LV,2017,28.77,
ESTAT:TPS00137(1.0),12/06/23 11:00:00,A,RT,T,TOTAL,E10-E14,LV,2018,29.28,p
ESTAT:TPS00137(1.0),12/06/23 11:00:00,A,RT,T,TOTAL,E10-E14,LV,2019,32.29,p
ESTAT:TPS00137(1.0),12/06/23 11:00:00,A,RT,T,TOTAL,E10-E14,LV,2020,34.31,
ESTAT:TPS00137(1.0),12/06/23 11:00:00,A,RT,T,TOTAL,E10-E14,MT,2011,14.02,
ESTAT:TPS00137(1.0),12/06/23 11:00:00,A,RT,T,TOTAL,E10-E14,MT,2012,11.05,
ESTAT:TPS00137(1.0),12/06/23 11:00:00,A,RT,T,TOTAL,E10-E14,MT,2013,30.33,
ESTAT:TPS00137(1.0),12/06/23 11:00:00,A,RT,T,TOTAL,E10-E14,MT,2014,45.38,
ESTAT:TPS00137(1.0),12/06/23 11:00:00,A,RT,T,TOTAL,E10-E14,MT,2015,45.83,
ESTAT:TPS00137(1.0),12/06/23 11:00:00,A,RT,T,TOTAL,E10-E14,MT,2016,44.57,
ESTAT:TPS00137(1.0),12/06/23 11:00:00,A,RT,T,TOTAL,E10-E14,MT,2017,45.14,
ESTAT:TPS00137(1.0),12/06/23 11:00:00,A,RT,T,TOTAL,E10-E14,MT,2018,50.75,p
ESTAT:TPS00137(1.0),12/06/23 11:00:00,A,RT,T,TOTAL,E10-E14,MT,2019,47.18,p
ESTAT:TPS00137(1.0),12/06/23 11:00:00,A,RT,T,TOTAL,E10-E14,MT,2020,55.31,
ESTAT:TPS00137(1.0),12/06/23 11:00:00,A,RT,T,TOTAL,E10-E14,NL,2011,20.7,
ESTAT:TPS00137(1.0),12/06/23 11:00:00,A,RT,T,TOTAL,E10-E14,NL,2012,20.52,
ESTAT:TPS00137(1.0),12/06/23 11:00:00,A,RT,T,TOTAL,E10-E14,NL,2013,20.91,
ESTAT:TPS00137(1.0),12/06/23 11:00:00,A,RT,T,TOTAL,E10-E14,NL,2014,19.33,
ESTAT:TPS00137(1.0),12/06/23 11:00:00,A,RT,T,TOTAL,E10-E14,NL,2015,19.52,
ESTAT:TPS00137(1.0),12/06/23 11:00:00,A,RT,T,TOTAL,E10-E14,NL,2016,19.23,
ESTAT:TPS00137(1.0),12/06/23 11:00:00,A,RT,T,TOTAL,E10-E14,NL,2017,18.19,
ESTAT:TPS00137(1.0),12/06/23 11:00:00,A,RT,T,TOTAL,E10-E14,NL,2018,17.03,p
ESTAT:TPS00137(1.0),12/06/23 11:00:00,A,RT,T,TOTAL,E10-E14,NL,2019,16.89,p
ESTAT:TPS00137(1.0),12/06/23 11:00:00,A,RT,T,TOTAL,E10-E14,NL,2020,17.04,
ESTAT:TPS00137(1.0),12/06/23 11:00:00,A,RT,T,TOTAL,E10-E14,NO,2011,17.06,
ESTAT:TPS00137(1.0),12/06/23 11:00:00,A,RT,T,TOTAL,E10-E14,NO,2012,17.43,
ESTAT:TPS00137(1.0),12/06/23 11:00:00,A,RT,T,TOTAL,E10-E14,NO,2013,15.87,
ESTAT:TPS00137(1.0),12/06/23 11:00:00,A,RT,T,TOTAL,E10-E14,NO,2014,14.08,
ESTAT:TPS00137(1.0),12/06/23 11:00:00,A,RT,T,TOTAL,E10-E14,NO,2015,13.76,
ESTAT:TPS00137(1.0),12/06/23 11:00:00,A,RT,T,TOTAL,E10-E14,NO,2016,14.19,
ESTAT:TPS00137(1.0),12/06/23 11:00:00,A,RT,T,TOTAL,E10-E14,NO,2017,13.46,
ESTAT:TPS00137(1.0),12/06/23 11:00:00,A,RT,T,TOTAL,E10-E14,NO,2018,12.18,p
ESTAT:TPS00137(1.0),12/06/23 11:00:00,A,RT,T,TOTAL,E10-E14,NO,2019,12.62,p
ESTAT:TPS00137(1.0),12/06/23 11:00:00,A,RT,T,TOTAL,E10-E14,NO,2020,15.83,
ESTAT:TPS00137(1.0),12/06/23 11:00:00,A,RT,T,TOTAL,E10-E14,PL,2011,23.55,
ESTAT:TPS00137(1.0),12/06/23 11:00:00,A,RT,T,TOTAL,E10-E14,PL,2012,24.57,
ESTAT:TPS00137(1.0),12/06/23 11:00:00,A,RT,T,TOTAL,E10-E14,PL,2013,24.93,
ESTAT:TPS00137(1.0),12/06/23 11:00:00,A,RT,T,TOTAL,E10-E14,PL,2014,22.33,
ESTAT:TPS00137(1.0),12/06/23 11:00:00,A,RT,T,TOTAL,E10-E14,PL,2015,26.68,
ESTAT:TPS00137(1.0),12/06/23 11:00:00,A,RT,T,TOTAL,E10-E14,PL,2016,26.18,
ESTAT:TPS00137(1.0),12/06/23 11:00:00,A,RT,T,TOTAL,E10-E14,PL,2017,27.06,
ESTAT:TPS00137(1.0),12/06/23 11:00:00,A,RT,T,TOTAL,E10-E14,PL,2018,27.16,p
ESTAT:TPS00137(1.0),12/06/23 11:00:00,A,RT,T,TOTAL,E10-E14,PL,2019,27.53,p
ESTAT:TPS00137(1.0),12/06/23 11:00:00,A,RT,T,TOTAL,E10-E14,PL,2020,35.78,
ESTAT:TPS00137(1.0),12/06/23 11:00:00,A,RT,T,TOTAL,E10-E14,PT,2011,44.52,
ESTAT:TPS00137(1.0),12/06/23 11:00:00,A,RT,T,TOTAL,E10-E14,PT,2012,46.85,
ESTAT:TPS00137(1.0),12/06/23 11:00:00,A,RT,T,TOTAL,E10-E14,PT,2013,42.74,
ESTAT:TPS00137(1.0),12/06/23 11:00:00,A,RT,T,TOTAL,E10-E14,PT,2014,39.53,
ESTAT:TPS00137(1.0),12/06/23 11:00:00,A,RT,T,TOTAL,E10-E14,PT,2015,39.79,
ESTAT:TPS00137(1.0),12/06/23 11:00:00,A,RT,T,TOTAL,E10-E14,PT,2016,38.69,
ESTAT:TPS00137(1.0),12/06/23 11:00:00,A,RT,T,TOTAL,E10-E14,PT,2017,36.27,
ESTAT:TPS00137(1.0),12/06/23 11:00:00,A,RT,T,TOTAL,E10-E14,PT,2018,36.71,p
ESTAT:TPS00137(1.0),12/06/23 11:00:00,A,RT,T,TOTAL,E10-E14,PT,2019,32.11,p
ESTAT:TPS00137(1.0),12/06/23 11:00:00,A,RT,T,TOTAL,E10-E14,PT,2020,33.94,
ESTAT:TPS00137(1.0),12/06/23 11:00:00,A,RT,T,TOTAL,E10-E14,RO,2011,12.58,
ESTAT:TPS00137(1.0),12/06/23 11:00:00,A,RT,T,TOTAL,E10-E14,RO,2012,13.07,
ESTAT:TPS00137(1.0),12/06/23 11:00:00,A,RT,T,TOTAL,E10-E14,RO,2013,12.52,
ESTAT:TPS00137(1.0),12/06/23 11:00:00,A,RT,T,TOTAL,E10-E14,RO,2014,12.58,
ESTAT:TPS00137(1.0),12/06/23 11:00:00,A,RT,T,TOTAL,E10-E14,RO,2015,13.99,
ESTAT:TPS00137(1.0),12/06/23 11:00:00,A,RT,T,TOTAL,E10-E14,RO,2016,14.8,
ESTAT:TPS00137(1.0),12/06/23 11:00:00,A,RT,T,TOTAL,E10-E14,RO,2017,14.06,
ESTAT:TPS00137(1.0),12/06/23 11:00:00,A,RT,T,TOTAL,E10-E14,RO,2018,15.04,p
ESTAT:TPS00137(1.0),12/06/23 11:00:00,A,RT,T,TOTAL,E10-E14,RO,2019,15.52,p
ESTAT:TPS00137(1.0),12/06/23 11:00:00,A,RT,T,TOTAL,E10-E14,RO,2020,21.39,
ESTAT:TPS00137(1.0),12/06/23 11:00:00,A,RT,T,TOTAL,E10-E14,RS,2011,48.94,
ESTAT:TPS00137(1.0),12/06/23 11:00:00,A,RT,T,TOTAL,E10-E14,RS,2012,46.15,
ESTAT:TPS00137(1.0),12/06/23 11:00:00,A,RT,T,TOTAL,E10-E14,RS,2013,42.79,
ESTAT:TPS00137(1.0),12/06/23 11:00:00,A,RT,T,TOTAL,E10-E14,RS,2014,37.91,
ESTAT:TPS00137(1.0),12/06/23 11:00:00,A,RT,T,TOTAL,E10-E14,RS,2015,44.68,
ESTAT:TPS00137(1.0),12/06/23 11:00:00,A,RT,T,TOTAL,E10-E14,RS,2016,46.97,
ESTAT:TPS00137(1.0),12/06/23 11:00:00,A,RT,T,TOTAL,E10-E14,RS,2017,51.62,
ESTAT:TPS00137(1.0),12/06/23 11:00:00,A,RT,T,TOTAL,E10-E14,RS,2018,46.48,p
ESTAT:TPS00137(1.0),12/06/23 11:00:00,A,RT,T,TOTAL,E10-E14,RS,2019,44.72,p
ESTAT:TPS00137(1.0),12/06/23 11:00:00,A,RT,T,TOTAL,E10-E14,RS,2020,49.54,
ESTAT:TPS00137(1.0),12/06/23 11:00:00,A,RT,T,TOTAL,E10-E14,SE,2011,21.13,
ESTAT:TPS00137(1.0),12/06/23 11:00:00,A,RT,T,TOTAL,E10-E14,SE,2012,20.98,
ESTAT:TPS00137(1.0),12/06/23 11:00:00,A,RT,T,TOTAL,E10-E14,SE,2013,20.92,
ESTAT:TPS00137(1.0),12/06/23 11:00:00,A,RT,T,TOTAL,E10-E14,SE,2014,19.58,
ESTAT:TPS00137(1.0),12/06/23 11:00:00,A,RT,T,TOTAL,E10-E14,SE,2015,20.69,
ESTAT:TPS00137(1.0),12/06/23 11:00:00,A,RT,T,TOTAL,E10-E14,SE,2016,20.8,
ESTAT:TPS00137(1.0),12/06/23 11:00:00,A,RT,T,TOTAL,E10-E14,SE,2017,22.21,
ESTAT:TPS00137(1.0),12/06/23 11:00:00,A,RT,T,TOTAL,E10-E14,SE,2018,21.12,p
ESTAT:TPS00137(1.0),12/06/23 11:00:00,A,RT,T,TOTAL,E10-E14,SE,2019,19.99,p
ESTAT:TPS00137(1.0),12/06/23 11:00:00,A,RT,T,TOTAL,E10-E14,SE,2020,21.98,
ESTAT:TPS00137(1.0),12/06/23 11:00:00,A,RT,T,TOTAL,E10-E14,SI,2011,16.11,
ESTAT:TPS00137(1.0),12/06/23 11:00:00,A,RT,T,TOTAL,E10-E14,SI,2012,18.25,
ESTAT:TPS00137(1.0),12/06/23 11:00:00,A,RT,T,TOTAL,E10-E14,SI,2013,18.01,
ESTAT:TPS00137(1.0),12/06/23 11:00:00,A,RT,T,TOTAL,E10-E14,SI,2014,15.36,
ESTAT:TPS00137(1.0),12/06/23 11:00:00,A,RT,T,TOTAL,E10-E14,SI,2015,16.84,
ESTAT:TPS00137(1.0),12/06/23 11:00:00,A,RT,T,TOTAL,E10-E14,SI,2016,15.21,
ESTAT:TPS00137(1.0),12/06/23 11:00:00,A,RT,T,TOTAL,E10-E14,SI,2017,16.39,
ESTAT:TPS00137(1.0),12/06/23 11:00:00,A,RT,T,TOTAL,E10-E14,SI,2018,14.4,p
ESTAT:TPS00137(1.0),12/06/23 11:00:00,A,RT,T,TOTAL,E10-E14,SI,2019,19.19,p
ESTAT:TPS00137(1.0),12/06/23 11:00:00,A,RT,T,TOTAL,E10-E14,SI,2020,20.93,
ESTAT:TPS00137(1.0),12/06/23 11:00:00,A,RT,T,TOTAL,E10-E14,SK,2011,21.9,
ESTAT:TPS00137(1.0),12/06/23 11:00:00,A,RT,T,TOTAL,E10-E14,SK,2012,25.65,
ESTAT:TPS00137(1.0),12/06/23 11:00:00,A,RT,T,TOTAL,E10-E14,SK,2013,20.54,
ESTAT:TPS00137(1.0),12/06/23 11:00:00,A,RT,T,TOTAL,E10-E14,SK,2014,23.06,
ESTAT:TPS00137(1.0),12/06/23 11:00:00,A,RT,T,TOTAL,E10-E14,SK,2015,18.75,
ESTAT:TPS00137(1.0),12/06/23 11:00:00,A,RT,T,TOTAL,E10-E14,SK,2016,18.72,
ESTAT:TPS00137(1.0),12/06/23 11:00:00,A,RT,T,TOTAL,E10-E14,SK,2017,17.5,
ESTAT:TPS00137(1.0),12/06/23 11:00:00,A,RT,T,TOTAL,E10-E14,SK,2018,19.71,p
ESTAT:TPS00137(1.0),12/06/23 11:00:00,A,RT,T,TOTAL,E10-E14,SK,2019,15.87,p
ESTAT:TPS00137(1.0),12/06/23 11:00:00,A,RT,T,TOTAL,E10-E14,SK,2020,19,
ESTAT:TPS00137(1.0),12/06/23 11:00:00,A,RT,T,TOTAL,E10-E14,TR,2011,59.73,d
ESTAT:TPS00137(1.0),12/06/23 11:00:00,A,RT,T,TOTAL,E10-E14,TR,2012,56.14,d
ESTAT:TPS00137(1.0),12/06/23 11:00:00,A,RT,T,TOTAL,E10-E14,TR,2013,54.04,d
ESTAT:TPS00137(1.0),12/06/23 11:00:00,A,RT,T,TOTAL,E10-E14,TR,2014,49.42,d
ESTAT:TPS00137(1.0),12/06/23 11:00:00,A,RT,T,TOTAL,E10-E14,TR,2015,48.89,d
ESTAT:TPS00137(1.0),12/06/23 11:00:00,A,RT,T,TOTAL,E10-E14,TR,2016,49.12,d
ESTAT:TPS00137(1.0),12/06/23 11:00:00,A,RT,T,TOTAL,E10-E14,TR,2017,45.47,d
ESTAT:TPS00137(1.0),12/06/23 11:00:00,A,RT,T,TOTAL,E10-E14,TR,2018,44.04,dp
ESTAT:TPS00137(1.0),12/06/23 11:00:00,A,RT,T,TOTAL,E10-E14,TR,2019,33.85,dp
ESTAT:TPS00137(1.0),12/06/23 11:00:00,A,RT,T,TOTAL,E10-E14,UK,2011,10.46,d
ESTAT:TPS00137(1.0),12/06/23 11:00:00,A,RT,T,TOTAL,E10-E14,UK,2012,10.36,
ESTAT:TPS00137(1.0),12/06/23 11:00:00,A,RT,T,TOTAL,E10-E14,UK,2013,10.21,
ESTAT:TPS00137(1.0),12/06/23 11:00:00,A,RT,T,TOTAL,E10-E14,UK,2014,10.8,
ESTAT:TPS00137(1.0),12/06/23 11:00:00,A,RT,T,TOTAL,E10-E14,UK,2015,10.95,
ESTAT:TPS00137(1.0),12/06/23 11:00:00,A,RT,T,TOTAL,E10-E14,UK,2016,11.2,
ESTAT:TPS00137(1.0),12/06/23 11:00:00,A,RT,T,TOTAL,E10-E14,UK,2017,11.85,
ESTAT:TPS00137(1.0),12/06/23 11:00:00,A,RT,T,TOTAL,E10-E14,UK,2018,11.99,p
