DATAFLOW,LAST UPDATE,freq,indic_de,geo,TIME_PERIOD,OBS_VALUE,OBS_FLAG
ESTAT:TPS00028(1.0),03/07/23 23:00:00,A,PC_Y65_MAX,AD,2011,12.6,
ESTAT:TPS00028(1.0),03/07/23 23:00:00,A,PC_Y65_MAX,AD,2012,12.6,
ESTAT:TPS00028(1.0),03/07/23 23:00:00,A,PC_Y65_MAX,AD,2013,12.6,
ESTAT:TPS00028(1.0),03/07/23 23:00:00,A,PC_Y65_MAX,AD,2019,13.6,
ESTAT:TPS00028(1.0),03/07/23 23:00:00,A,PC_Y65_MAX,AL,2011,11.0,
ESTAT:TPS00028(1.0),03/07/23 23:00:00,A,PC_Y65_MAX,AL,2012,11.3,
ESTAT:TPS00028(1.0),03/07/23 23:00:00,A,PC_Y65_MAX,AL,2013,11.6,
ESTAT:TPS00028(1.0),03/07/23 23:00:00,A,PC_Y65_MAX,AL,2014,12.0,
ESTAT:TPS00028(1.0),03/07/23 23:00:00,A,PC_Y65_MAX,AL,2015,12.4,
ESTAT:TPS00028(1.0),03/07/23 23:00:00,A,PC_Y65_MAX,AL,2016,12.8,
ESTAT:TPS00028(1.0),03/07/23 23:00:00,A,PC_Y65_MAX,AL,2017,13.1,
ESTAT:TPS00028(1.0),03/07/23 23:00:00,A,PC_Y65_MAX,AL,2018,13.6,
ESTAT:TPS00028(1.0),03/07/23 23:00:00,A,PC_Y65_MAX,AL,2019,14.1,
ESTAT:TPS00028(1.0),03/07/23 23:00:00,A,PC_Y65_MAX,AL,2020,14.8,
ESTAT:TPS00028(1.0),03/07/23 23:00:00,A,PC_Y65_MAX,AL,2021,15.2,
ESTAT:TPS00028(1.0),03/07/23 23:00:00,A,PC_Y65_MAX,AL,2022,15.7,
ESTAT:TPS00028(1.0),03/07/23 23:00:00,A,PC_Y65_MAX,AM,2015,10.7,
ESTAT:TPS00028(1.0),03/07/23 23:00:00,A,PC_Y65_MAX,AM,2016,10.9,
ESTAT:TPS00028(1.0),03/07/23 23:00:00,A,PC_Y65_MAX,AM,2017,11.2,
ESTAT:TPS00028(1.0),03/07/23 23:00:00,A,PC_Y65_MAX,AM,2018,11.6,
ESTAT:TPS00028(1.0),03/07/23 23:00:00,A,PC_Y65_MAX,AM,2019,11.9,
ESTAT:TPS00028(1.0),03/07/23 23:00:00,A,PC_Y65_MAX,AM,2020,12.3,
ESTAT:TPS00028(1.0),03/07/23 23:00:00,A,PC_Y65_MAX,AM,2021,12.6,
ESTAT:TPS00028(1.0),03/07/23 23:00:00,A,PC_Y65_MAX,AT,2011,17.6,
ESTAT:TPS00028(1.0),03/07/23 23:00:00,A,PC_Y65_MAX,AT,2012,17.8,
ESTAT:TPS00028(1.0),03/07/23 23:00:00,A,PC_Y65_MAX,AT,2013,18.1,
ESTAT:TPS00028(1.0),03/07/23 23:00:00,A,PC_Y65_MAX,AT,2014,18.3,
ESTAT:TPS00028(1.0),03/07/23 23:00:00,A,PC_Y65_MAX,AT,2015,18.5,
ESTAT:TPS00028(1.0),03/07/23 23:00:00,A,PC_Y65_MAX,AT,2016,18.4,
ESTAT:TPS00028(1.0),03/07/23 23:00:00,A,PC_Y65_MAX,AT,2017,18.5,
ESTAT:TPS00028(1.0),03/07/23 23:00:00,A,PC_Y65_MAX,AT,2018,18.7,
ESTAT:TPS00028(1.0),03/07/23 23:00:00,A,PC_Y65_MAX,AT,2019,18.8,
ESTAT:TPS00028(1.0),03/07/23 23:00:00,A,PC_Y65_MAX,AT,2020,19.0,
ESTAT:TPS00028(1.0),03/07/23 23:00:00,A,PC_Y65_MAX,AT,2021,19.2,
ESTAT:TPS00028(1.0),03/07/23 23:00:00,A,PC_Y65_MAX,AT,2022,19.4,
ESTAT:TPS00028(1.0),03/07/23 23:00:00,A,PC_Y65_MAX,AZ,2011,5.8,
ESTAT:TPS00028(1.0),03/07/23 23:00:00,A,PC_Y65_MAX,AZ,2012,5.8,
ESTAT:TPS00028(1.0),03/07/23 23:00:00,A,PC_Y65_MAX,AZ,2013,5.8,
ESTAT:TPS00028(1.0),03/07/23 23:00:00,A,PC_Y65_MAX,AZ,2014,5.8,
ESTAT:TPS00028(1.0),03/07/23 23:00:00,A,PC_Y65_MAX,AZ,2015,6.0,
ESTAT:TPS00028(1.0),03/07/23 23:00:00,A,PC_Y65_MAX,AZ,2016,6.2,
ESTAT:TPS00028(1.0),03/07/23 23:00:00,A,PC_Y65_MAX,AZ,2017,6.3,
ESTAT:TPS00028(1.0),03/07/23 23:00:00,A,PC_Y65_MAX,AZ,2018,6.5,
ESTAT:TPS00028(1.0),03/07/23 23:00:00,A,PC_Y65_MAX,AZ,2019,6.8,
ESTAT:TPS00028(1.0),03/07/23 23:00:00,A,PC_Y65_MAX,AZ,2020,7.2,
ESTAT:TPS00028(1.0),03/07/23 23:00:00,A,PC_Y65_MAX,AZ,2021,7.5,
ESTAT:TPS00028(1.0),03/07/23 23:00:00,A,PC_Y65_MAX,AZ,2022,7.9,
ESTAT:TPS00028(1.0),03/07/23 23:00:00,A,PC_Y65_MAX,BE,2011,17.1,b
ESTAT:TPS00028(1.0),03/07/23 23:00:00,A,PC_Y65_MAX,BE,2012,17.4,
ESTAT:TPS00028(1.0),03/07/23 23:00:00,A,PC_Y65_MAX,BE,2013,17.6,
ESTAT:TPS00028(1.0),03/07/23 23:00:00,A,PC_Y65_MAX,BE,2014,17.8,
ESTAT:TPS00028(1.0),03/07/23 23:00:00,A,PC_Y65_MAX,BE,2015,18.1,
ESTAT:TPS00028(1.0),03/07/23 23:00:00,A,PC_Y65_MAX,BE,2016,18.2,
ESTAT:TPS00028(1.0),03/07/23 23:00:00,A,PC_Y65_MAX,BE,2017,18.5,
ESTAT:TPS00028(1.0),03/07/23 23:00:00,A,PC_Y65_MAX,BE,2018,18.7,
ESTAT:TPS00028(1.0),03/07/23 23:00:00,A,PC_Y65_MAX,BE,2019,18.9,
ESTAT:TPS00028(1.0),03/07/23 23:00:00,A,PC_Y65_MAX,BE,2020,19.1,
ESTAT:TPS00028(1.0),03/07/23 23:00:00,A,PC_Y65_MAX,BE,2021,19.3,
ESTAT:TPS00028(1.0),03/07/23 23:00:00,A,PC_Y65_MAX,BE,2022,19.5,
ESTAT:TPS00028(1.0),03/07/23 23:00:00,A,PC_Y65_MAX,BG,2011,18.5,
ESTAT:TPS00028(1.0),03/07/23 23:00:00,A,PC_Y65_MAX,BG,2012,18.8,
ESTAT:TPS00028(1.0),03/07/23 23:00:00,A,PC_Y65_MAX,BG,2013,19.2,
ESTAT:TPS00028(1.0),03/07/23 23:00:00,A,PC_Y65_MAX,BG,2014,19.6,
ESTAT:TPS00028(1.0),03/07/23 23:00:00,A,PC_Y65_MAX,BG,2015,20.0,
ESTAT:TPS00028(1.0),03/07/23 23:00:00,A,PC_Y65_MAX,BG,2016,20.4,
ESTAT:TPS00028(1.0),03/07/23 23:00:00,A,PC_Y65_MAX,BG,2017,20.7,
ESTAT:TPS00028(1.0),03/07/23 23:00:00,A,PC_Y65_MAX,BG,2018,21.0,
ESTAT:TPS00028(1.0),03/07/23 23:00:00,A,PC_Y65_MAX,BG,2019,21.3,
ESTAT:TPS00028(1.0),03/07/23 23:00:00,A,PC_Y65_MAX,BG,2020,21.6,
ESTAT:TPS00028(1.0),03/07/23 23:00:00,A,PC_Y65_MAX,BG,2021,21.7,
ESTAT:TPS00028(1.0),03/07/23 23:00:00,A,PC_Y65_MAX,BG,2022,21.7,
ESTAT:TPS00028(1.0),03/07/23 23:00:00,A,PC_Y65_MAX,BY,2011,13.8,
ESTAT:TPS00028(1.0),03/07/23 23:00:00,A,PC_Y65_MAX,BY,2012,13.7,
ESTAT:TPS00028(1.0),03/07/23 23:00:00,A,PC_Y65_MAX,BY,2013,13.8,
ESTAT:TPS00028(1.0),03/07/23 23:00:00,A,PC_Y65_MAX,BY,2014,13.9,
ESTAT:TPS00028(1.0),03/07/23 23:00:00,A,PC_Y65_MAX,BY,2015,14.2,
ESTAT:TPS00028(1.0),03/07/23 23:00:00,A,PC_Y65_MAX,BY,2016,14.4,
ESTAT:TPS00028(1.0),03/07/23 23:00:00,A,PC_Y65_MAX,BY,2017,14.7,
ESTAT:TPS00028(1.0),03/07/23 23:00:00,A,PC_Y65_MAX,BY,2018,15.0,
ESTAT:TPS00028(1.0),03/07/23 23:00:00,A,PC_Y65_MAX,BY,2019,15.2,
ESTAT:TPS00028(1.0),03/07/23 23:00:00,A,PC_Y65_MAX,CH,2011,16.9,b
ESTAT:TPS00028(1.0),03/07/23 23:00:00,A,PC_Y65_MAX,CH,2012,17.2,
ESTAT:TPS00028(1.0),03/07/23 23:00:00,A,PC_Y65_MAX,CH,2013,17.4,
ESTAT:TPS00028(1.0),03/07/23 23:00:00,A,PC_Y65_MAX,CH,2014,17.6,
ESTAT:TPS00028(1.0),03/07/23 23:00:00,A,PC_Y65_MAX,CH,2015,17.8,
ESTAT:TPS00028(1.0),03/07/23 23:00:00,A,PC_Y65_MAX,CH,2016,18.0,
ESTAT:TPS00028(1.0),03/07/23 23:00:00,A,PC_Y65_MAX,CH,2017,18.1,
ESTAT:TPS00028(1.0),03/07/23 23:00:00,A,PC_Y65_MAX,CH,2018,18.3,
ESTAT:TPS00028(1.0),03/07/23 23:00:00,A,PC_Y65_MAX,CH,2019,18.5,
ESTAT:TPS00028(1.0),03/07/23 23:00:00,A,PC_Y65_MAX,CH,2020,18.7,
ESTAT:TPS00028(1.0),03/07/23 23:00:00,A,PC_Y65_MAX,CH,2021,18.8,
ESTAT:TPS00028(1.0),03/07/23 23:00:00,A,PC_Y65_MAX,CH,2022,19.0,
ESTAT:TPS00028(1.0),03/07/23 23:00:00,A,PC_Y65_MAX,CY,2011,12.7,
ESTAT:TPS00028(1.0),03/07/23 23:00:00,A,PC_Y65_MAX,CY,2012,12.8,
ESTAT:TPS00028(1.0),03/07/23 23:00:00,A,PC_Y65_MAX,CY,2013,13.2,
ESTAT:TPS00028(1.0),03/07/23 23:00:00,A,PC_Y65_MAX,CY,2014,13.9,
ESTAT:TPS00028(1.0),03/07/23 23:00:00,A,PC_Y65_MAX,CY,2015,14.6,
ESTAT:TPS00028(1.0),03/07/23 23:00:00,A,PC_Y65_MAX,CY,2016,15.1,
ESTAT:TPS00028(1.0),03/07/23 23:00:00,A,PC_Y65_MAX,CY,2017,15.6,
ESTAT:TPS00028(1.0),03/07/23 23:00:00,A,PC_Y65_MAX,CY,2018,15.9,
ESTAT:TPS00028(1.0),03/07/23 23:00:00,A,PC_Y65_MAX,CY,2019,16.1,
ESTAT:TPS00028(1.0),03/07/23 23:00:00,A,PC_Y65_MAX,CY,2020,16.3,
ESTAT:TPS00028(1.0),03/07/23 23:00:00,A,PC_Y65_MAX,CY,2021,16.4,
ESTAT:TPS00028(1.0),03/07/23 23:00:00,A,PC_Y65_MAX,CY,2022,16.5,
ESTAT:TPS00028(1.0),03/07/23 23:00:00,A,PC_Y65_MAX,CZ,2011,15.6,
ESTAT:TPS00028(1.0),03/07/23 23:00:00,A,PC_Y65_MAX,CZ,2012,16.2,
ESTAT:TPS00028(1.0),03/07/23 23:00:00,A,PC_Y65_MAX,CZ,2013,16.8,
ESTAT:TPS00028(1.0),03/07/23 23:00:00,A,PC_Y65_MAX,CZ,2014,17.4,
ESTAT:TPS00028(1.0),03/07/23 23:00:00,A,PC_Y65_MAX,CZ,2015,17.8,
ESTAT:TPS00028(1.0),03/07/23 23:00:00,A,PC_Y65_MAX,CZ,2016,18.3,
ESTAT:TPS00028(1.0),03/07/23 23:00:00,A,PC_Y65_MAX,CZ,2017,18.8,
ESTAT:TPS00028(1.0),03/07/23 23:00:00,A,PC_Y65_MAX,CZ,2018,19.2,
ESTAT:TPS00028(1.0),03/07/23 23:00:00,A,PC_Y65_MAX,CZ,2019,19.6,
ESTAT:TPS00028(1.0),03/07/23 23:00:00,A,PC_Y65_MAX,CZ,2020,19.9,
ESTAT:TPS00028(1.0),03/07/23 23:00:00,A,PC_Y65_MAX,CZ,2021,20.5,b
ESTAT:TPS00028(1.0),03/07/23 23:00:00,A,PC_Y65_MAX,CZ,2022,20.6,
ESTAT:TPS00028(1.0),03/07/23 23:00:00,A,PC_Y65_MAX,DE,2011,20.7,b
ESTAT:TPS00028(1.0),03/07/23 23:00:00,A,PC_Y65_MAX,DE,2012,20.7,
ESTAT:TPS00028(1.0),03/07/23 23:00:00,A,PC_Y65_MAX,DE,2013,20.8,
ESTAT:TPS00028(1.0),03/07/23 23:00:00,A,PC_Y65_MAX,DE,2014,20.9,b
ESTAT:TPS00028(1.0),03/07/23 23:00:00,A,PC_Y65_MAX,DE,2015,21.0,
ESTAT:TPS00028(1.0),03/07/23 23:00:00,A,PC_Y65_MAX,DE,2016,21.1,
ESTAT:TPS00028(1.0),03/07/23 23:00:00,A,PC_Y65_MAX,DE,2017,21.2,
ESTAT:TPS00028(1.0),03/07/23 23:00:00,A,PC_Y65_MAX,DE,2018,21.4,
ESTAT:TPS00028(1.0),03/07/23 23:00:00,A,PC_Y65_MAX,DE,2019,21.5,
ESTAT:TPS00028(1.0),03/07/23 23:00:00,A,PC_Y65_MAX,DE,2020,21.8,
ESTAT:TPS00028(1.0),03/07/23 23:00:00,A,PC_Y65_MAX,DE,2021,22.0,
ESTAT:TPS00028(1.0),03/07/23 23:00:00,A,PC_Y65_MAX,DE,2022,22.1,
ESTAT:TPS00028(1.0),03/07/23 23:00:00,A,PC_Y65_MAX,DK,2011,16.8,
ESTAT:TPS00028(1.0),03/07/23 23:00:00,A,PC_Y65_MAX,DK,2012,17.3,
ESTAT:TPS00028(1.0),03/07/23 23:00:00,A,PC_Y65_MAX,DK,2013,17.8,
ESTAT:TPS00028(1.0),03/07/23 23:00:00,A,PC_Y65_MAX,DK,2014,18.2,
ESTAT:TPS00028(1.0),03/07/23 23:00:00,A,PC_Y65_MAX,DK,2015,18.6,
ESTAT:TPS00028(1.0),03/07/23 23:00:00,A,PC_Y65_MAX,DK,2016,18.8,
ESTAT:TPS00028(1.0),03/07/23 23:00:00,A,PC_Y65_MAX,DK,2017,19.1,
ESTAT:TPS00028(1.0),03/07/23 23:00:00,A,PC_Y65_MAX,DK,2018,19.3,
ESTAT:TPS00028(1.0),03/07/23 23:00:00,A,PC_Y65_MAX,DK,2019,19.6,
ESTAT:TPS00028(1.0),03/07/23 23:00:00,A,PC_Y65_MAX,DK,2020,19.9,
ESTAT:TPS00028(1.0),03/07/23 23:00:00,A,PC_Y65_MAX,DK,2021,20.1,
ESTAT:TPS00028(1.0),03/07/23 23:00:00,A,PC_Y65_MAX,DK,2022,20.3,
ESTAT:TPS00028(1.0),03/07/23 23:00:00,A,PC_Y65_MAX,EA19,2011,18.4,b
ESTAT:TPS00028(1.0),03/07/23 23:00:00,A,PC_Y65_MAX,EA19,2012,18.7,b
ESTAT:TPS00028(1.0),03/07/23 23:00:00,A,PC_Y65_MAX,EA19,2013,19.0,
ESTAT:TPS00028(1.0),03/07/23 23:00:00,A,PC_Y65_MAX,EA19,2014,19.3,b
ESTAT:TPS00028(1.0),03/07/23 23:00:00,A,PC_Y65_MAX,EA19,2015,19.6,b
ESTAT:TPS00028(1.0),03/07/23 23:00:00,A,PC_Y65_MAX,EA19,2016,19.9,
ESTAT:TPS00028(1.0),03/07/23 23:00:00,A,PC_Y65_MAX,EA19,2017,20.2,b
ESTAT:TPS00028(1.0),03/07/23 23:00:00,A,PC_Y65_MAX,EA19,2018,20.4,p
ESTAT:TPS00028(1.0),03/07/23 23:00:00,A,PC_Y65_MAX,EA19,2019,20.7,bep
ESTAT:TPS00028(1.0),03/07/23 23:00:00,A,PC_Y65_MAX,EA19,2020,21.0,ep
ESTAT:TPS00028(1.0),03/07/23 23:00:00,A,PC_Y65_MAX,EA19,2021,21.2,bp
ESTAT:TPS00028(1.0),03/07/23 23:00:00,A,PC_Y65_MAX,EA19,2022,21.5,bp
ESTAT:TPS00028(1.0),03/07/23 23:00:00,A,PC_Y65_MAX,EA20,2022,21.5,bp
ESTAT:TPS00028(1.0),03/07/23 23:00:00,A,PC_Y65_MAX,EE,2011,17.4,
ESTAT:TPS00028(1.0),03/07/23 23:00:00,A,PC_Y65_MAX,EE,2012,17.7,
ESTAT:TPS00028(1.0),03/07/23 23:00:00,A,PC_Y65_MAX,EE,2013,18.0,
ESTAT:TPS00028(1.0),03/07/23 23:00:00,A,PC_Y65_MAX,EE,2014,18.4,
ESTAT:TPS00028(1.0),03/07/23 23:00:00,A,PC_Y65_MAX,EE,2015,18.8,b
ESTAT:TPS00028(1.0),03/07/23 23:00:00,A,PC_Y65_MAX,EE,2016,19.0,
ESTAT:TPS00028(1.0),03/07/23 23:00:00,A,PC_Y65_MAX,EE,2017,19.3,
ESTAT:TPS00028(1.0),03/07/23 23:00:00,A,PC_Y65_MAX,EE,2018,19.6,
ESTAT:TPS00028(1.0),03/07/23 23:00:00,A,PC_Y65_MAX,EE,2019,19.8,
ESTAT:TPS00028(1.0),03/07/23 23:00:00,A,PC_Y65_MAX,EE,2020,20.0,
ESTAT:TPS00028(1.0),03/07/23 23:00:00,A,PC_Y65_MAX,EE,2021,20.3,
ESTAT:TPS00028(1.0),03/07/23 23:00:00,A,PC_Y65_MAX,EE,2022,20.4,
ESTAT:TPS00028(1.0),03/07/23 23:00:00,A,PC_Y65_MAX,EL,2011,19.3,
ESTAT:TPS00028(1.0),03/07/23 23:00:00,A,PC_Y65_MAX,EL,2012,19.7,
ESTAT:TPS00028(1.0),03/07/23 23:00:00,A,PC_Y65_MAX,EL,2013,20.1,
ESTAT:TPS00028(1.0),03/07/23 23:00:00,A,PC_Y65_MAX,EL,2014,20.5,
ESTAT:TPS00028(1.0),03/07/23 23:00:00,A,PC_Y65_MAX,EL,2015,20.9,
ESTAT:TPS00028(1.0),03/07/23 23:00:00,A,PC_Y65_MAX,EL,2016,21.3,
ESTAT:TPS00028(1.0),03/07/23 23:00:00,A,PC_Y65_MAX,EL,2017,21.5,
ESTAT:TPS00028(1.0),03/07/23 23:00:00,A,PC_Y65_MAX,EL,2018,21.8,
ESTAT:TPS00028(1.0),03/07/23 23:00:00,A,PC_Y65_MAX,EL,2019,22.0,
ESTAT:TPS00028(1.0),03/07/23 23:00:00,A,PC_Y65_MAX,EL,2020,22.3,
ESTAT:TPS00028(1.0),03/07/23 23:00:00,A,PC_Y65_MAX,EL,2021,22.5,
ESTAT:TPS00028(1.0),03/07/23 23:00:00,A,PC_Y65_MAX,EL,2022,22.7,b
ESTAT:TPS00028(1.0),03/07/23 23:00:00,A,PC_Y65_MAX,ES,2011,17.1,
ESTAT:TPS00028(1.0),03/07/23 23:00:00,A,PC_Y65_MAX,ES,2012,17.4,
ESTAT:TPS00028(1.0),03/07/23 23:00:00,A,PC_Y65_MAX,ES,2013,17.7,
ESTAT:TPS00028(1.0),03/07/23 23:00:00,A,PC_Y65_MAX,ES,2014,18.1,
ESTAT:TPS00028(1.0),03/07/23 23:00:00,A,PC_Y65_MAX,ES,2015,18.5,
ESTAT:TPS00028(1.0),03/07/23 23:00:00,A,PC_Y65_MAX,ES,2016,18.7,
ESTAT:TPS00028(1.0),03/07/23 23:00:00,A,PC_Y65_MAX,ES,2017,19.0,
ESTAT:TPS00028(1.0),03/07/23 23:00:00,A,PC_Y65_MAX,ES,2018,19.2,
ESTAT:TPS00028(1.0),03/07/23 23:00:00,A,PC_Y65_MAX,ES,2019,19.4,
ESTAT:TPS00028(1.0),03/07/23 23:00:00,A,PC_Y65_MAX,ES,2020,19.6,
ESTAT:TPS00028(1.0),03/07/23 23:00:00,A,PC_Y65_MAX,ES,2021,19.8,
ESTAT:TPS00028(1.0),03/07/23 23:00:00,A,PC_Y65_MAX,ES,2022,20.1,
ESTAT:TPS00028(1.0),03/07/23 23:00:00,A,PC_Y65_MAX,EU27_2020,2011,17.8,b
ESTAT:TPS00028(1.0),03/07/23 23:00:00,A,PC_Y65_MAX,EU27_2020,2012,18.0,b
ESTAT:TPS00028(1.0),03/07/23 23:00:00,A,PC_Y65_MAX,EU27_2020,2013,18.3,
ESTAT:TPS00028(1.0),03/07/23 23:00:00,A,PC_Y65_MAX,EU27_2020,2014,18.7,b
ESTAT:TPS00028(1.0),03/07/23 23:00:00,A,PC_Y65_MAX,EU27_2020,2015,19.0,b
ESTAT:TPS00028(1.0),03/07/23 23:00:00,A,PC_Y65_MAX,EU27_2020,2016,19.3,
ESTAT:TPS00028(1.0),03/07/23 23:00:00,A,PC_Y65_MAX,EU27_2020,2017,19.7,b
ESTAT:TPS00028(1.0),03/07/23 23:00:00,A,PC_Y65_MAX,EU27_2020,2018,20.0,p
ESTAT:TPS00028(1.0),03/07/23 23:00:00,A,PC_Y65_MAX,EU27_2020,2019,20.2,bep
ESTAT:TPS00028(1.0),03/07/23 23:00:00,A,PC_Y65_MAX,EU27_2020,2020,20.6,ep
ESTAT:TPS00028(1.0),03/07/23 23:00:00,A,PC_Y65_MAX,EU27_2020,2021,20.9,bep
ESTAT:TPS00028(1.0),03/07/23 23:00:00,A,PC_Y65_MAX,EU27_2020,2022,21.1,bep
ESTAT:TPS00028(1.0),03/07/23 23:00:00,A,PC_Y65_MAX,FI,2011,17.5,
ESTAT:TPS00028(1.0),03/07/23 23:00:00,A,PC_Y65_MAX,FI,2012,18.1,
ESTAT:TPS00028(1.0),03/07/23 23:00:00,A,PC_Y65_MAX,FI,2013,18.8,
ESTAT:TPS00028(1.0),03/07/23 23:00:00,A,PC_Y65_MAX,FI,2014,19.4,
ESTAT:TPS00028(1.0),03/07/23 23:00:00,A,PC_Y65_MAX,FI,2015,19.9,
ESTAT:TPS00028(1.0),03/07/23 23:00:00,A,PC_Y65_MAX,FI,2016,20.5,
ESTAT:TPS00028(1.0),03/07/23 23:00:00,A,PC_Y65_MAX,FI,2017,20.9,
ESTAT:TPS00028(1.0),03/07/23 23:00:00,A,PC_Y65_MAX,FI,2018,21.4,
ESTAT:TPS00028(1.0),03/07/23 23:00:00,A,PC_Y65_MAX,FI,2019,21.8,
ESTAT:TPS00028(1.0),03/07/23 23:00:00,A,PC_Y65_MAX,FI,2020,22.3,
ESTAT:TPS00028(1.0),03/07/23 23:00:00,A,PC_Y65_MAX,FI,2021,22.7,
ESTAT:TPS00028(1.0),03/07/23 23:00:00,A,PC_Y65_MAX,FI,2022,23.1,
ESTAT:TPS00028(1.0),03/07/23 23:00:00,A,PC_Y65_MAX,FR,2011,16.7,
ESTAT:TPS00028(1.0),03/07/23 23:00:00,A,PC_Y65_MAX,FR,2012,17.1,b
ESTAT:TPS00028(1.0),03/07/23 23:00:00,A,PC_Y65_MAX,FR,2013,17.6,
ESTAT:TPS00028(1.0),03/07/23 23:00:00,A,PC_Y65_MAX,FR,2014,18.0,b
ESTAT:TPS00028(1.0),03/07/23 23:00:00,A,PC_Y65_MAX,FR,2015,18.4,
ESTAT:TPS00028(1.0),03/07/23 23:00:00,A,PC_Y65_MAX,FR,2016,18.9,
ESTAT:TPS00028(1.0),03/07/23 23:00:00,A,PC_Y65_MAX,FR,2017,19.3,
ESTAT:TPS00028(1.0),03/07/23 23:00:00,A,PC_Y65_MAX,FR,2018,19.7,p
ESTAT:TPS00028(1.0),03/07/23 23:00:00,A,PC_Y65_MAX,FR,2019,20.0,p
ESTAT:TPS00028(1.0),03/07/23 23:00:00,A,PC_Y65_MAX,FR,2020,20.4,p
ESTAT:TPS00028(1.0),03/07/23 23:00:00,A,PC_Y65_MAX,FR,2021,20.7,p
ESTAT:TPS00028(1.0),03/07/23 23:00:00,A,PC_Y65_MAX,FR,2022,21.0,p
ESTAT:TPS00028(1.0),03/07/23 23:00:00,A,PC_Y65_MAX,FX,2011,16.9,
ESTAT:TPS00028(1.0),03/07/23 23:00:00,A,PC_Y65_MAX,FX,2012,17.3,
ESTAT:TPS00028(1.0),03/07/23 23:00:00,A,PC_Y65_MAX,FX,2013,17.7,
ESTAT:TPS00028(1.0),03/07/23 23:00:00,A,PC_Y65_MAX,GE,2011,13.8,
ESTAT:TPS00028(1.0),03/07/23 23:00:00,A,PC_Y65_MAX,GE,2012,13.7,
ESTAT:TPS00028(1.0),03/07/23 23:00:00,A,PC_Y65_MAX,GE,2014,14.0,
ESTAT:TPS00028(1.0),03/07/23 23:00:00,A,PC_Y65_MAX,GE,2015,13.9,
ESTAT:TPS00028(1.0),03/07/23 23:00:00,A,PC_Y65_MAX,GE,2016,14.4,
ESTAT:TPS00028(1.0),03/07/23 23:00:00,A,PC_Y65_MAX,GE,2017,14.5,
ESTAT:TPS00028(1.0),03/07/23 23:00:00,A,PC_Y65_MAX,GE,2018,14.6,
ESTAT:TPS00028(1.0),03/07/23 23:00:00,A,PC_Y65_MAX,GE,2019,14.8,
ESTAT:TPS00028(1.0),03/07/23 23:00:00,A,PC_Y65_MAX,GE,2020,15.1,
ESTAT:TPS00028(1.0),03/07/23 23:00:00,A,PC_Y65_MAX,GE,2021,15.2,
ESTAT:TPS00028(1.0),03/07/23 23:00:00,A,PC_Y65_MAX,GE,2022,15.5,
ESTAT:TPS00028(1.0),03/07/23 23:00:00,A,PC_Y65_MAX,HR,2011,17.7,
ESTAT:TPS00028(1.0),03/07/23 23:00:00,A,PC_Y65_MAX,HR,2012,17.9,
ESTAT:TPS00028(1.0),03/07/23 23:00:00,A,PC_Y65_MAX,HR,2013,18.1,
ESTAT:TPS00028(1.0),03/07/23 23:00:00,A,PC_Y65_MAX,HR,2014,18.4,
ESTAT:TPS00028(1.0),03/07/23 23:00:00,A,PC_Y65_MAX,HR,2015,18.8,
ESTAT:TPS00028(1.0),03/07/23 23:00:00,A,PC_Y65_MAX,HR,2016,19.2,
ESTAT:TPS00028(1.0),03/07/23 23:00:00,A,PC_Y65_MAX,HR,2017,19.6,
ESTAT:TPS00028(1.0),03/07/23 23:00:00,A,PC_Y65_MAX,HR,2018,20.1,
ESTAT:TPS00028(1.0),03/07/23 23:00:00,A,PC_Y65_MAX,HR,2019,20.6,
ESTAT:TPS00028(1.0),03/07/23 23:00:00,A,PC_Y65_MAX,HR,2020,21.0,
ESTAT:TPS00028(1.0),03/07/23 23:00:00,A,PC_Y65_MAX,HR,2021,21.4,
ESTAT:TPS00028(1.0),03/07/23 23:00:00,A,PC_Y65_MAX,HR,2022,22.5,b
ESTAT:TPS00028(1.0),03/07/23 23:00:00,A,PC_Y65_MAX,HU,2011,16.7,
ESTAT:TPS00028(1.0),03/07/23 23:00:00,A,PC_Y65_MAX,HU,2012,16.9,b
ESTAT:TPS00028(1.0),03/07/23 23:00:00,A,PC_Y65_MAX,HU,2013,17.2,
ESTAT:TPS00028(1.0),03/07/23 23:00:00,A,PC_Y65_MAX,HU,2014,17.5,
ESTAT:TPS00028(1.0),03/07/23 23:00:00,A,PC_Y65_MAX,HU,2015,17.9,
ESTAT:TPS00028(1.0),03/07/23 23:00:00,A,PC_Y65_MAX,HU,2016,18.3,
ESTAT:TPS00028(1.0),03/07/23 23:00:00,A,PC_Y65_MAX,HU,2017,18.7,
ESTAT:TPS00028(1.0),03/07/23 23:00:00,A,PC_Y65_MAX,HU,2018,18.9,
ESTAT:TPS00028(1.0),03/07/23 23:00:00,A,PC_Y65_MAX,HU,2019,19.3,
ESTAT:TPS00028(1.0),03/07/23 23:00:00,A,PC_Y65_MAX,HU,2020,19.9,
ESTAT:TPS00028(1.0),03/07/23 23:00:00,A,PC_Y65_MAX,HU,2021,20.3,
ESTAT:TPS00028(1.0),03/07/23 23:00:00,A,PC_Y65_MAX,HU,2022,20.5,
ESTAT:TPS00028(1.0),03/07/23 23:00:00,A,PC_Y65_MAX,IE,2011,11.5,
ESTAT:TPS00028(1.0),03/07/23 23:00:00,A,PC_Y65_MAX,IE,2012,11.9,
ESTAT:TPS00028(1.0),03/07/23 23:00:00,A,PC_Y65_MAX,IE,2013,12.2,
ESTAT:TPS00028(1.0),03/07/23 23:00:00,A,PC_Y65_MAX,IE,2014,12.6,
ESTAT:TPS00028(1.0),03/07/23 23:00:00,A,PC_Y65_MAX,IE,2015,12.9,
ESTAT:TPS00028(1.0),03/07/23 23:00:00,A,PC_Y65_MAX,IE,2016,13.2,
ESTAT:TPS00028(1.0),03/07/23 23:00:00,A,PC_Y65_MAX,IE,2017,13.5,
ESTAT:TPS00028(1.0),03/07/23 23:00:00,A,PC_Y65_MAX,IE,2018,13.8,
ESTAT:TPS00028(1.0),03/07/23 23:00:00,A,PC_Y65_MAX,IE,2019,14.1,
ESTAT:TPS00028(1.0),03/07/23 23:00:00,A,PC_Y65_MAX,IE,2020,14.4,
ESTAT:TPS00028(1.0),03/07/23 23:00:00,A,PC_Y65_MAX,IE,2021,14.8,
ESTAT:TPS00028(1.0),03/07/23 23:00:00,A,PC_Y65_MAX,IE,2022,15.0,
ESTAT:TPS00028(1.0),03/07/23 23:00:00,A,PC_Y65_MAX,IS,2011,12.3,
ESTAT:TPS00028(1.0),03/07/23 23:00:00,A,PC_Y65_MAX,IS,2012,12.6,
ESTAT:TPS00028(1.0),03/07/23 23:00:00,A,PC_Y65_MAX,IS,2013,12.9,
ESTAT:TPS00028(1.0),03/07/23 23:00:00,A,PC_Y65_MAX,IS,2014,13.2,
ESTAT:TPS00028(1.0),03/07/23 23:00:00,A,PC_Y65_MAX,IS,2015,13.5,
ESTAT:TPS00028(1.0),03/07/23 23:00:00,A,PC_Y65_MAX,IS,2016,13.9,
ESTAT:TPS00028(1.0),03/07/23 23:00:00,A,PC_Y65_MAX,IS,2017,14.0,
ESTAT:TPS00028(1.0),03/07/23 23:00:00,A,PC_Y65_MAX,IS,2018,14.1,
ESTAT:TPS00028(1.0),03/07/23 23:00:00,A,PC_Y65_MAX,IS,2019,14.2,
ESTAT:TPS00028(1.0),03/07/23 23:00:00,A,PC_Y65_MAX,IS,2020,14.4,
ESTAT:TPS00028(1.0),03/07/23 23:00:00,A,PC_Y65_MAX,IS,2021,14.7,
ESTAT:TPS00028(1.0),03/07/23 23:00:00,A,PC_Y65_MAX,IS,2022,15.0,
ESTAT:TPS00028(1.0),03/07/23 23:00:00,A,PC_Y65_MAX,IT,2011,20.5,
ESTAT:TPS00028(1.0),03/07/23 23:00:00,A,PC_Y65_MAX,IT,2012,20.8,
ESTAT:TPS00028(1.0),03/07/23 23:00:00,A,PC_Y65_MAX,IT,2013,21.2,
ESTAT:TPS00028(1.0),03/07/23 23:00:00,A,PC_Y65_MAX,IT,2014,21.4,
ESTAT:TPS00028(1.0),03/07/23 23:00:00,A,PC_Y65_MAX,IT,2015,21.7,
ESTAT:TPS00028(1.0),03/07/23 23:00:00,A,PC_Y65_MAX,IT,2016,22.0,
ESTAT:TPS00028(1.0),03/07/23 23:00:00,A,PC_Y65_MAX,IT,2017,22.3,
ESTAT:TPS00028(1.0),03/07/23 23:00:00,A,PC_Y65_MAX,IT,2018,22.6,
ESTAT:TPS00028(1.0),03/07/23 23:00:00,A,PC_Y65_MAX,IT,2019,22.9,b
ESTAT:TPS00028(1.0),03/07/23 23:00:00,A,PC_Y65_MAX,IT,2020,23.2,
ESTAT:TPS00028(1.0),03/07/23 23:00:00,A,PC_Y65_MAX,IT,2021,23.5,
ESTAT:TPS00028(1.0),03/07/23 23:00:00,A,PC_Y65_MAX,IT,2022,23.8,
ESTAT:TPS00028(1.0),03/07/23 23:00:00,A,PC_Y65_MAX,LI,2011,13.9,
ESTAT:TPS00028(1.0),03/07/23 23:00:00,A,PC_Y65_MAX,LI,2012,14.4,
ESTAT:TPS00028(1.0),03/07/23 23:00:00,A,PC_Y65_MAX,LI,2013,14.9,
ESTAT:TPS00028(1.0),03/07/23 23:00:00,A,PC_Y65_MAX,LI,2014,15.5,
ESTAT:TPS00028(1.0),03/07/23 23:00:00,A,PC_Y65_MAX,LI,2015,16.0,
ESTAT:TPS00028(1.0),03/07/23 23:00:00,A,PC_Y65_MAX,LI,2016,16.5,
ESTAT:TPS00028(1.0),03/07/23 23:00:00,A,PC_Y65_MAX,LI,2017,17.0,
ESTAT:TPS00028(1.0),03/07/23 23:00:00,A,PC_Y65_MAX,LI,2018,17.5,
ESTAT:TPS00028(1.0),03/07/23 23:00:00,A,PC_Y65_MAX,LI,2019,17.9,
ESTAT:TPS00028(1.0),03/07/23 23:00:00,A,PC_Y65_MAX,LI,2020,18.3,
ESTAT:TPS00028(1.0),03/07/23 23:00:00,A,PC_Y65_MAX,LI,2021,18.6,
ESTAT:TPS00028(1.0),03/07/23 23:00:00,A,PC_Y65_MAX,LI,2022,19.2,
ESTAT:TPS00028(1.0),03/07/23 23:00:00,A,PC_Y65_MAX,LT,2011,17.9,
ESTAT:TPS00028(1.0),03/07/23 23:00:00,A,PC_Y65_MAX,LT,2012,18.1,
ESTAT:TPS00028(1.0),03/07/23 23:00:00,A,PC_Y65_MAX,LT,2013,18.2,
ESTAT:TPS00028(1.0),03/07/23 23:00:00,A,PC_Y65_MAX,LT,2014,18.4,
ESTAT:TPS00028(1.0),03/07/23 23:00:00,A,PC_Y65_MAX,LT,2015,18.7,
ESTAT:TPS00028(1.0),03/07/23 23:00:00,A,PC_Y65_MAX,LT,2016,19.0,
ESTAT:TPS00028(1.0),03/07/23 23:00:00,A,PC_Y65_MAX,LT,2017,19.3,
ESTAT:TPS00028(1.0),03/07/23 23:00:00,A,PC_Y65_MAX,LT,2018,19.6,
ESTAT:TPS00028(1.0),03/07/23 23:00:00,A,PC_Y65_MAX,LT,2019,19.8,
ESTAT:TPS00028(1.0),03/07/23 23:00:00,A,PC_Y65_MAX,LT,2020,19.9,
ESTAT:TPS00028(1.0),03/07/23 23:00:00,A,PC_Y65_MAX,LT,2021,19.9,
ESTAT:TPS00028(1.0),03/07/23 23:00:00,A,PC_Y65_MAX,LT,2022,20.0,
ESTAT:TPS00028(1.0),03/07/23 23:00:00,A,PC_Y65_MAX,LU,2011,13.9,
ESTAT:TPS00028(1.0),03/07/23 23:00:00,A,PC_Y65_MAX,LU,2012,14.0,b
ESTAT:TPS00028(1.0),03/07/23 23:00:00,A,PC_Y65_MAX,LU,2013,14.0,
ESTAT:TPS00028(1.0),03/07/23 23:00:00,A,PC_Y65_MAX,LU,2014,14.1,
ESTAT:TPS00028(1.0),03/07/23 23:00:00,A,PC_Y65_MAX,LU,2015,14.2,
ESTAT:TPS00028(1.0),03/07/23 23:00:00,A,PC_Y65_MAX,LU,2016,14.2,
ESTAT:TPS00028(1.0),03/07/23 23:00:00,A,PC_Y65_MAX,LU,2017,14.2,b
ESTAT:TPS00028(1.0),03/07/23 23:00:00,A,PC_Y65_MAX,LU,2018,14.3,
ESTAT:TPS00028(1.0),03/07/23 23:00:00,A,PC_Y65_MAX,LU,2019,14.4,
ESTAT:TPS00028(1.0),03/07/23 23:00:00,A,PC_Y65_MAX,LU,2020,14.5,
ESTAT:TPS00028(1.0),03/07/23 23:00:00,A,PC_Y65_MAX,LU,2021,14.6,
ESTAT:TPS00028(1.0),03/07/23 23:00:00,A,PC_Y65_MAX,LU,2022,14.8,
ESTAT:TPS00028(1.0),03/07/23 23:00:00,A,PC_Y65_MAX,LV,2011,18.4,
ESTAT:TPS00028(1.0),03/07/23 23:00:00,A,PC_Y65_MAX,LV,2012,18.6,
ESTAT:TPS00028(1.0),03/07/23 23:00:00,A,PC_Y65_MAX,LV,2013,18.8,
ESTAT:TPS00028(1.0),03/07/23 23:00:00,A,PC_Y65_MAX,LV,2014,19.1,
ESTAT:TPS00028(1.0),03/07/23 23:00:00,A,PC_Y65_MAX,LV,2015,19.4,
ESTAT:TPS00028(1.0),03/07/23 23:00:00,A,PC_Y65_MAX,LV,2016,19.6,
ESTAT:TPS00028(1.0),03/07/23 23:00:00,A,PC_Y65_MAX,LV,2017,19.9,
ESTAT:TPS00028(1.0),03/07/23 23:00:00,A,PC_Y65_MAX,LV,2018,20.1,
ESTAT:TPS00028(1.0),03/07/23 23:00:00,A,PC_Y65_MAX,LV,2019,20.3,
ESTAT:TPS00028(1.0),03/07/23 23:00:00,A,PC_Y65_MAX,LV,2020,20.5,
ESTAT:TPS00028(1.0),03/07/23 23:00:00,A,PC_Y65_MAX,LV,2021,20.8,
ESTAT:TPS00028(1.0),03/07/23 23:00:00,A,PC_Y65_MAX,LV,2022,20.9,
ESTAT:TPS00028(1.0),03/07/23 23:00:00,A,PC_Y65_MAX,MD,2011,10.0,
ESTAT:TPS00028(1.0),03/07/23 23:00:00,A,PC_Y65_MAX,MD,2012,9.9,
ESTAT:TPS00028(1.0),03/07/23 23:00:00,A,PC_Y65_MAX,MD,2013,9.9,
ESTAT:TPS00028(1.0),03/07/23 23:00:00,A,PC_Y65_MAX,MD,2014,10.0,
ESTAT:TPS00028(1.0),03/07/23 23:00:00,A,PC_Y65_MAX,MD,2015,10.3,
ESTAT:TPS00028(1.0),03/07/23 23:00:00,A,PC_Y65_MAX,MD,2017,11.2,
ESTAT:TPS00028(1.0),03/07/23 23:00:00,A,PC_Y65_MAX,MD,2021,14.9,p
ESTAT:TPS00028(1.0),03/07/23 23:00:00,A,PC_Y65_MAX,ME,2011,12.8,
ESTAT:TPS00028(1.0),03/07/23 23:00:00,A,PC_Y65_MAX,ME,2012,12.9,
ESTAT:TPS00028(1.0),03/07/23 23:00:00,A,PC_Y65_MAX,ME,2013,13.1,
ESTAT:TPS00028(1.0),03/07/23 23:00:00,A,PC_Y65_MAX,ME,2014,13.3,
ESTAT:TPS00028(1.0),03/07/23 23:00:00,A,PC_Y65_MAX,ME,2015,13.7,
ESTAT:TPS00028(1.0),03/07/23 23:00:00,A,PC_Y65_MAX,ME,2016,14.1,
ESTAT:TPS00028(1.0),03/07/23 23:00:00,A,PC_Y65_MAX,ME,2017,14.4,
ESTAT:TPS00028(1.0),03/07/23 23:00:00,A,PC_Y65_MAX,ME,2018,14.8,
ESTAT:TPS00028(1.0),03/07/23 23:00:00,A,PC_Y65_MAX,ME,2019,15.2,
ESTAT:TPS00028(1.0),03/07/23 23:00:00,A,PC_Y65_MAX,ME,2020,15.6,
ESTAT:TPS00028(1.0),03/07/23 23:00:00,A,PC_Y65_MAX,ME,2021,15.9,
ESTAT:TPS00028(1.0),03/07/23 23:00:00,A,PC_Y65_MAX,ME,2022,16.0,
ESTAT:TPS00028(1.0),03/07/23 23:00:00,A,PC_Y65_MAX,MK,2011,11.7,
ESTAT:TPS00028(1.0),03/07/23 23:00:00,A,PC_Y65_MAX,MK,2012,11.8,
ESTAT:TPS00028(1.0),03/07/23 23:00:00,A,PC_Y65_MAX,MK,2013,12.0,
ESTAT:TPS00028(1.0),03/07/23 23:00:00,A,PC_Y65_MAX,MK,2014,12.4,
ESTAT:TPS00028(1.0),03/07/23 23:00:00,A,PC_Y65_MAX,MK,2015,12.7,
ESTAT:TPS00028(1.0),03/07/23 23:00:00,A,PC_Y65_MAX,MK,2016,13.0,
ESTAT:TPS00028(1.0),03/07/23 23:00:00,A,PC_Y65_MAX,MK,2017,13.3,
ESTAT:TPS00028(1.0),03/07/23 23:00:00,A,PC_Y65_MAX,MK,2018,13.7,
ESTAT:TPS00028(1.0),03/07/23 23:00:00,A,PC_Y65_MAX,MK,2019,14.1,
ESTAT:TPS00028(1.0),03/07/23 23:00:00,A,PC_Y65_MAX,MK,2020,14.5,
ESTAT:TPS00028(1.0),03/07/23 23:00:00,A,PC_Y65_MAX,MK,2021,14.8,
ESTAT:TPS00028(1.0),03/07/23 23:00:00,A,PC_Y65_MAX,MK,2022,17.1,b
ESTAT:TPS00028(1.0),03/07/23 23:00:00,A,PC_Y65_MAX,MT,2011,15.7,
ESTAT:TPS00028(1.0),03/07/23 23:00:00,A,PC_Y65_MAX,MT,2012,16.4,
ESTAT:TPS00028(1.0),03/07/23 23:00:00,A,PC_Y65_MAX,MT,2013,17.2,
ESTAT:TPS00028(1.0),03/07/23 23:00:00,A,PC_Y65_MAX,MT,2014,17.7,
ESTAT:TPS00028(1.0),03/07/23 23:00:00,A,PC_Y65_MAX,MT,2015,18.2,
ESTAT:TPS00028(1.0),03/07/23 23:00:00,A,PC_Y65_MAX,MT,2016,18.5,
ESTAT:TPS00028(1.0),03/07/23 23:00:00,A,PC_Y65_MAX,MT,2017,18.8,
ESTAT:TPS00028(1.0),03/07/23 23:00:00,A,PC_Y65_MAX,MT,2018,18.8,
ESTAT:TPS00028(1.0),03/07/23 23:00:00,A,PC_Y65_MAX,MT,2019,18.7,
ESTAT:TPS00028(1.0),03/07/23 23:00:00,A,PC_Y65_MAX,MT,2020,18.5,
ESTAT:TPS00028(1.0),03/07/23 23:00:00,A,PC_Y65_MAX,MT,2021,18.9,
ESTAT:TPS00028(1.0),03/07/23 23:00:00,A,PC_Y65_MAX,MT,2022,19.2,p
ESTAT:TPS00028(1.0),03/07/23 23:00:00,A,PC_Y65_MAX,NL,2011,15.6,
ESTAT:TPS00028(1.0),03/07/23 23:00:00,A,PC_Y65_MAX,NL,2012,16.2,
ESTAT:TPS00028(1.0),03/07/23 23:00:00,A,PC_Y65_MAX,NL,2013,16.8,
ESTAT:TPS00028(1.0),03/07/23 23:00:00,A,PC_Y65_MAX,NL,2014,17.3,
ESTAT:TPS00028(1.0),03/07/23 23:00:00,A,PC_Y65_MAX,NL,2015,17.8,
ESTAT:TPS00028(1.0),03/07/23 23:00:00,A,PC_Y65_MAX,NL,2016,18.2,
ESTAT:TPS00028(1.0),03/07/23 23:00:00,A,PC_Y65_MAX,NL,2017,18.5,
ESTAT:TPS00028(1.0),03/07/23 23:00:00,A,PC_Y65_MAX,NL,2018,18.9,
ESTAT:TPS00028(1.0),03/07/23 23:00:00,A,PC_Y65_MAX,NL,2019,19.2,
ESTAT:TPS00028(1.0),03/07/23 23:00:00,A,PC_Y65_MAX,NL,2020,19.5,
ESTAT:TPS00028(1.0),03/07/23 23:00:00,A,PC_Y65_MAX,NL,2021,19.8,
ESTAT:TPS00028(1.0),03/07/23 23:00:00,A,PC_Y65_MAX,NL,2022,20.0,
ESTAT:TPS00028(1.0),03/07/23 23:00:00,A,PC_Y65_MAX,NO,2011,15.1,
ESTAT:TPS00028(1.0),03/07/23 23:00:00,A,PC_Y65_MAX,NO,2012,15.4,
ESTAT:TPS00028(1.0),03/07/23 23:00:00,A,PC_Y65_MAX,NO,2013,15.7,
ESTAT:TPS00028(1.0),03/07/23 23:00:00,A,PC_Y65_MAX,NO,2014,15.9,
ESTAT:TPS00028(1.0),03/07/23 23:00:00,A,PC_Y65_MAX,NO,2015,16.1,
ESTAT:TPS00028(1.0),03/07/23 23:00:00,A,PC_Y65_MAX,NO,2016,16.4,
ESTAT:TPS00028(1.0),03/07/23 23:00:00,A,PC_Y65_MAX,NO,2017,16.6,
ESTAT:TPS00028(1.0),03/07/23 23:00:00,A,PC_Y65_MAX,NO,2018,16.9,
ESTAT:TPS00028(1.0),03/07/23 23:00:00,A,PC_Y65_MAX,NO,2019,17.2,
ESTAT:TPS00028(1.0),03/07/23 23:00:00,A,PC_Y65_MAX,NO,2020,17.5,
ESTAT:TPS00028(1.0),03/07/23 23:00:00,A,PC_Y65_MAX,NO,2021,17.9,
ESTAT:TPS00028(1.0),03/07/23 23:00:00,A,PC_Y65_MAX,NO,2022,18.2,
ESTAT:TPS00028(1.0),03/07/23 23:00:00,A,PC_Y65_MAX,PL,2011,13.6,
ESTAT:TPS00028(1.0),03/07/23 23:00:00,A,PC_Y65_MAX,PL,2012,14.0,
ESTAT:TPS00028(1.0),03/07/23 23:00:00,A,PC_Y65_MAX,PL,2013,14.4,
ESTAT:TPS00028(1.0),03/07/23 23:00:00,A,PC_Y65_MAX,PL,2014,14.9,
ESTAT:TPS00028(1.0),03/07/23 23:00:00,A,PC_Y65_MAX,PL,2015,15.4,
ESTAT:TPS00028(1.0),03/07/23 23:00:00,A,PC_Y65_MAX,PL,2016,16.0,
ESTAT:TPS00028(1.0),03/07/23 23:00:00,A,PC_Y65_MAX,PL,2017,16.5,
ESTAT:TPS00028(1.0),03/07/23 23:00:00,A,PC_Y65_MAX,PL,2018,17.1,
ESTAT:TPS00028(1.0),03/07/23 23:00:00,A,PC_Y65_MAX,PL,2019,17.7,
ESTAT:TPS00028(1.0),03/07/23 23:00:00,A,PC_Y65_MAX,PL,2020,18.2,
ESTAT:TPS00028(1.0),03/07/23 23:00:00,A,PC_Y65_MAX,PL,2021,18.7,ep
ESTAT:TPS00028(1.0),03/07/23 23:00:00,A,PC_Y65_MAX,PL,2022,19.1,ep
ESTAT:TPS00028(1.0),03/07/23 23:00:00,A,PC_Y65_MAX,PT,2011,18.7,
ESTAT:TPS00028(1.0),03/07/23 23:00:00,A,PC_Y65_MAX,PT,2012,19.0,
ESTAT:TPS00028(1.0),03/07/23 23:00:00,A,PC_Y65_MAX,PT,2013,19.4,
ESTAT:TPS00028(1.0),03/07/23 23:00:00,A,PC_Y65_MAX,PT,2014,19.9,
ESTAT:TPS00028(1.0),03/07/23 23:00:00,A,PC_Y65_MAX,PT,2015,20.3,
ESTAT:TPS00028(1.0),03/07/23 23:00:00,A,PC_Y65_MAX,PT,2016,20.7,
ESTAT:TPS00028(1.0),03/07/23 23:00:00,A,PC_Y65_MAX,PT,2017,21.1,
ESTAT:TPS00028(1.0),03/07/23 23:00:00,A,PC_Y65_MAX,PT,2018,21.5,
ESTAT:TPS00028(1.0),03/07/23 23:00:00,A,PC_Y65_MAX,PT,2019,21.8,
ESTAT:TPS00028(1.0),03/07/23 23:00:00,A,PC_Y65_MAX,PT,2020,22.1,
ESTAT:TPS00028(1.0),03/07/23 23:00:00,A,PC_Y65_MAX,PT,2021,22.4,
ESTAT:TPS00028(1.0),03/07/23 23:00:00,A,PC_Y65_MAX,PT,2022,23.7,bp
ESTAT:TPS00028(1.0),03/07/23 23:00:00,A,PC_Y65_MAX,RO,2011,16.1,
ESTAT:TPS00028(1.0),03/07/23 23:00:00,A,PC_Y65_MAX,RO,2012,16.1,
ESTAT:TPS00028(1.0),03/07/23 23:00:00,A,PC_Y65_MAX,RO,2013,16.3,
ESTAT:TPS00028(1.0),03/07/23 23:00:00,A,PC_Y65_MAX,RO,2014,16.5,e
ESTAT:TPS00028(1.0),03/07/23 23:00:00,A,PC_Y65_MAX,RO,2015,17.0,
ESTAT:TPS00028(1.0),03/07/23 23:00:00,A,PC_Y65_MAX,RO,2016,17.4,
ESTAT:TPS00028(1.0),03/07/23 23:00:00,A,PC_Y65_MAX,RO,2017,17.8,
ESTAT:TPS00028(1.0),03/07/23 23:00:00,A,PC_Y65_MAX,RO,2018,18.2,
ESTAT:TPS00028(1.0),03/07/23 23:00:00,A,PC_Y65_MAX,RO,2019,18.5,
ESTAT:TPS00028(1.0),03/07/23 23:00:00,A,PC_Y65_MAX,RO,2020,18.9,e
ESTAT:TPS00028(1.0),03/07/23 23:00:00,A,PC_Y65_MAX,RO,2021,19.3,e
ESTAT:TPS00028(1.0),03/07/23 23:00:00,A,PC_Y65_MAX,RO,2022,19.5,e
ESTAT:TPS00028(1.0),03/07/23 23:00:00,A,PC_Y65_MAX,RS,2011,17.2,b
ESTAT:TPS00028(1.0),03/07/23 23:00:00,A,PC_Y65_MAX,RS,2012,17.3,
ESTAT:TPS00028(1.0),03/07/23 23:00:00,A,PC_Y65_MAX,RS,2013,17.6,
ESTAT:TPS00028(1.0),03/07/23 23:00:00,A,PC_Y65_MAX,RS,2014,18.0,
ESTAT:TPS00028(1.0),03/07/23 23:00:00,A,PC_Y65_MAX,RS,2015,18.5,
ESTAT:TPS00028(1.0),03/07/23 23:00:00,A,PC_Y65_MAX,RS,2016,19.0,
ESTAT:TPS00028(1.0),03/07/23 23:00:00,A,PC_Y65_MAX,RS,2017,19.4,
ESTAT:TPS00028(1.0),03/07/23 23:00:00,A,PC_Y65_MAX,RS,2018,19.9,
ESTAT:TPS00028(1.0),03/07/23 23:00:00,A,PC_Y65_MAX,RS,2019,20.4,
ESTAT:TPS00028(1.0),03/07/23 23:00:00,A,PC_Y65_MAX,RS,2020,21.0,
ESTAT:TPS00028(1.0),03/07/23 23:00:00,A,PC_Y65_MAX,RS,2021,21.3,
ESTAT:TPS00028(1.0),03/07/23 23:00:00,A,PC_Y65_MAX,RS,2022,21.3,
ESTAT:TPS00028(1.0),03/07/23 23:00:00,A,PC_Y65_MAX,RU,2011,12.8,
ESTAT:TPS00028(1.0),03/07/23 23:00:00,A,PC_Y65_MAX,RU,2014,13.1,
ESTAT:TPS00028(1.0),03/07/23 23:00:00,A,PC_Y65_MAX,SE,2011,18.5,
ESTAT:TPS00028(1.0),03/07/23 23:00:00,A,PC_Y65_MAX,SE,2012,18.8,
ESTAT:TPS00028(1.0),03/07/23 23:00:00,A,PC_Y65_MAX,SE,2013,19.1,
ESTAT:TPS00028(1.0),03/07/23 23:00:00,A,PC_Y65_MAX,SE,2014,19.4,
ESTAT:TPS00028(1.0),03/07/23 23:00:00,A,PC_Y65_MAX,SE,2015,19.6,
ESTAT:TPS00028(1.0),03/07/23 23:00:00,A,PC_Y65_MAX,SE,2016,19.8,
ESTAT:TPS00028(1.0),03/07/23 23:00:00,A,PC_Y65_MAX,SE,2017,19.8,
ESTAT:TPS00028(1.0),03/07/23 23:00:00,A,PC_Y65_MAX,SE,2018,19.8,
ESTAT:TPS00028(1.0),03/07/23 23:00:00,A,PC_Y65_MAX,SE,2019,19.9,
ESTAT:TPS00028(1.0),03/07/23 23:00:00,A,PC_Y65_MAX,SE,2020,20.0,
ESTAT:TPS00028(1.0),03/07/23 23:00:00,A,PC_Y65_MAX,SE,2021,20.1,
ESTAT:TPS00028(1.0),03/07/23 23:00:00,A,PC_Y65_MAX,SE,2022,20.3,
ESTAT:TPS00028(1.0),03/07/23 23:00:00,A,PC_Y65_MAX,SI,2011,16.5,
ESTAT:TPS00028(1.0),03/07/23 23:00:00,A,PC_Y65_MAX,SI,2012,16.8,
ESTAT:TPS00028(1.0),03/07/23 23:00:00,A,PC_Y65_MAX,SI,2013,17.1,
ESTAT:TPS00028(1.0),03/07/23 23:00:00,A,PC_Y65_MAX,SI,2014,17.5,
ESTAT:TPS00028(1.0),03/07/23 23:00:00,A,PC_Y65_MAX,SI,2015,17.9,
ESTAT:TPS00028(1.0),03/07/23 23:00:00,A,PC_Y65_MAX,SI,2016,18.4,
ESTAT:TPS00028(1.0),03/07/23 23:00:00,A,PC_Y65_MAX,SI,2017,18.9,
ESTAT:TPS00028(1.0),03/07/23 23:00:00,A,PC_Y65_MAX,SI,2018,19.4,
ESTAT:TPS00028(1.0),03/07/23 23:00:00,A,PC_Y65_MAX,SI,2019,19.8,
ESTAT:TPS00028(1.0),03/07/23 23:00:00,A,PC_Y65_MAX,SI,2020,20.2,
ESTAT:TPS00028(1.0),03/07/23 23:00:00,A,PC_Y65_MAX,SI,2021,20.7,
ESTAT:TPS00028(1.0),03/07/23 23:00:00,A,PC_Y65_MAX,SI,2022,21.1,
ESTAT:TPS00028(1.0),03/07/23 23:00:00,A,PC_Y65_MAX,SK,2011,12.6,
ESTAT:TPS00028(1.0),03/07/23 23:00:00,A,PC_Y65_MAX,SK,2012,12.8,
ESTAT:TPS00028(1.0),03/07/23 23:00:00,A,PC_Y65_MAX,SK,2013,13.1,
ESTAT:TPS00028(1.0),03/07/23 23:00:00,A,PC_Y65_MAX,SK,2014,13.5,
ESTAT:TPS00028(1.0),03/07/23 23:00:00,A,PC_Y65_MAX,SK,2015,14.0,
ESTAT:TPS00028(1.0),03/07/23 23:00:00,A,PC_Y65_MAX,SK,2016,14.4,
ESTAT:TPS00028(1.0),03/07/23 23:00:00,A,PC_Y65_MAX,SK,2017,15.0,
ESTAT:TPS00028(1.0),03/07/23 23:00:00,A,PC_Y65_MAX,SK,2018,15.5,
ESTAT:TPS00028(1.0),03/07/23 23:00:00,A,PC_Y65_MAX,SK,2019,16.0,
ESTAT:TPS00028(1.0),03/07/23 23:00:00,A,PC_Y65_MAX,SK,2020,16.6,
ESTAT:TPS00028(1.0),03/07/23 23:00:00,A,PC_Y65_MAX,SK,2021,17.1,
ESTAT:TPS00028(1.0),03/07/23 23:00:00,A,PC_Y65_MAX,SK,2022,17.4,
ESTAT:TPS00028(1.0),03/07/23 23:00:00,A,PC_Y65_MAX,SM,2012,17.5,
ESTAT:TPS00028(1.0),03/07/23 23:00:00,A,PC_Y65_MAX,SM,2013,17.8,
ESTAT:TPS00028(1.0),03/07/23 23:00:00,A,PC_Y65_MAX,SM,2018,19.2,
ESTAT:TPS00028(1.0),03/07/23 23:00:00,A,PC_Y65_MAX,TR,2011,7.2,
ESTAT:TPS00028(1.0),03/07/23 23:00:00,A,PC_Y65_MAX,TR,2012,7.3,
ESTAT:TPS00028(1.0),03/07/23 23:00:00,A,PC_Y65_MAX,TR,2013,7.5,
ESTAT:TPS00028(1.0),03/07/23 23:00:00,A,PC_Y65_MAX,TR,2014,7.7,
ESTAT:TPS00028(1.0),03/07/23 23:00:00,A,PC_Y65_MAX,TR,2015,8.0,
ESTAT:TPS00028(1.0),03/07/23 23:00:00,A,PC_Y65_MAX,TR,2016,8.2,
ESTAT:TPS00028(1.0),03/07/23 23:00:00,A,PC_Y65_MAX,TR,2017,8.3,
ESTAT:TPS00028(1.0),03/07/23 23:00:00,A,PC_Y65_MAX,TR,2018,8.5,
ESTAT:TPS00028(1.0),03/07/23 23:00:00,A,PC_Y65_MAX,TR,2019,8.8,
ESTAT:TPS00028(1.0),03/07/23 23:00:00,A,PC_Y65_MAX,TR,2020,9.1,
ESTAT:TPS00028(1.0),03/07/23 23:00:00,A,PC_Y65_MAX,TR,2021,9.5,
ESTAT:TPS00028(1.0),03/07/23 23:00:00,A,PC_Y65_MAX,UA,2011,15.3,
ESTAT:TPS00028(1.0),03/07/23 23:00:00,A,PC_Y65_MAX,UA,2012,15.2,
ESTAT:TPS00028(1.0),03/07/23 23:00:00,A,PC_Y65_MAX,UA,2013,15.2,
ESTAT:TPS00028(1.0),03/07/23 23:00:00,A,PC_Y65_MAX,UA,2014,15.3,
ESTAT:TPS00028(1.0),03/07/23 23:00:00,A,PC_Y65_MAX,UA,2015,15.6,
ESTAT:TPS00028(1.0),03/07/23 23:00:00,A,PC_Y65_MAX,UA,2016,15.9,
ESTAT:TPS00028(1.0),03/07/23 23:00:00,A,PC_Y65_MAX,UA,2017,16.2,
ESTAT:TPS00028(1.0),03/07/23 23:00:00,A,PC_Y65_MAX,UA,2018,16.5,
ESTAT:TPS00028(1.0),03/07/23 23:00:00,A,PC_Y65_MAX,UA,2019,16.8,
ESTAT:TPS00028(1.0),03/07/23 23:00:00,A,PC_Y65_MAX,UA,2020,17.1,
ESTAT:TPS00028(1.0),03/07/23 23:00:00,A,PC_Y65_MAX,UA,2021,17.4,
ESTAT:TPS00028(1.0),03/07/23 23:00:00,A,PC_Y65_MAX,UA,2022,17.6,
ESTAT:TPS00028(1.0),03/07/23 23:00:00,A,PC_Y65_MAX,UK,2011,16.4,
ESTAT:TPS00028(1.0),03/07/23 23:00:00,A,PC_Y65_MAX,UK,2012,16.8,
ESTAT:TPS00028(1.0),03/07/23 23:00:00,A,PC_Y65_MAX,UK,2013,17.2,
ESTAT:TPS00028(1.0),03/07/23 23:00:00,A,PC_Y65_MAX,UK,2014,17.5,
ESTAT:TPS00028(1.0),03/07/23 23:00:00,A,PC_Y65_MAX,UK,2015,17.7,
ESTAT:TPS00028(1.0),03/07/23 23:00:00,A,PC_Y65_MAX,UK,2016,17.9,
ESTAT:TPS00028(1.0),03/07/23 23:00:00,A,PC_Y65_MAX,UK,2017,18.1,
ESTAT:TPS00028(1.0),03/07/23 23:00:00,A,PC_Y65_MAX,UK,2018,18.2,
ESTAT:TPS00028(1.0),03/07/23 23:00:00,A,PC_Y65_MAX,UK,2019,18.4,
ESTAT:TPS00028(1.0),03/07/23 23:00:00,A,PC_Y65_MAX,XK,2016,7.1,
ESTAT:TPS00028(1.0),03/07/23 23:00:00,A,PC_Y65_MAX,XK,2017,8.1,
ESTAT:TPS00028(1.0),03/07/23 23:00:00,A,PC_Y65_MAX,XK,2018,8.1,
ESTAT:TPS00028(1.0),03/07/23 23:00:00,A,PC_Y65_MAX,XK,2019,8.5,
ESTAT:TPS00028(1.0),03/07/23 23:00:00,A,PC_Y65_MAX,XK,2020,8.9,
ESTAT:TPS00028(1.0),03/07/23 23:00:00,A,PC_Y65_MAX,XK,2021,8.9,
ESTAT:TPS00028(1.0),03/07/23 23:00:00,A,PC_Y65_MAX,XK,2022,9.1,
