DATAFLOW,LAST UPDATE,freq,airpol,src_crf,unit,geo,TIME_PERIOD,OBS_VALUE,OBS_FLAG
ESTAT:SDG_13_10(1.0),13/07/23 23:00:00,A,GHG,TOTXMEMONIA,I90,AT,1990,100.0,
ESTAT:SDG_13_10(1.0),13/07/23 23:00:00,A,GHG,TOTXMEMONIA,I90,AT,1991,95.3,
ESTAT:SDG_13_10(1.0),13/07/23 23:00:00,A,GHG,TOTXMEMONIA,I90,AT,1992,100.0,
ESTAT:SDG_13_10(1.0),13/07/23 23:00:00,A,GHG,TOTXMEMONIA,I90,AT,1993,89.5,
ESTAT:SDG_13_10(1.0),13/07/23 23:00:00,A,GHG,TOTXMEMONIA,I90,AT,1994,100.8,
ESTAT:SDG_13_10(1.0),13/07/23 23:00:00,A,GHG,TOTXMEMONIA,I90,AT,1995,90.9,
ESTAT:SDG_13_10(1.0),13/07/23 23:00:00,A,GHG,TOTXMEMONIA,I90,AT,1996,97.1,
ESTAT:SDG_13_10(1.0),13/07/23 23:00:00,A,GHG,TOTXMEMONIA,I90,AT,1997,90.9,
ESTAT:SDG_13_10(1.0),13/07/23 23:00:00,A,GHG,TOTXMEMONIA,I90,AT,1998,95.0,
ESTAT:SDG_13_10(1.0),13/07/23 23:00:00,A,GHG,TOTXMEMONIA,I90,AT,1999,90.9,
ESTAT:SDG_13_10(1.0),13/07/23 23:00:00,A,GHG,TOTXMEMONIA,I90,AT,2000,100.5,
ESTAT:SDG_13_10(1.0),13/07/23 23:00:00,A,GHG,TOTXMEMONIA,I90,AT,2001,83.8,
ESTAT:SDG_13_10(1.0),13/07/23 23:00:00,A,GHG,TOTXMEMONIA,I90,AT,2002,110.2,
ESTAT:SDG_13_10(1.0),13/07/23 23:00:00,A,GHG,TOTXMEMONIA,I90,AT,2003,114.9,
ESTAT:SDG_13_10(1.0),13/07/23 23:00:00,A,GHG,TOTXMEMONIA,I90,AT,2004,104.5,
ESTAT:SDG_13_10(1.0),13/07/23 23:00:00,A,GHG,TOTXMEMONIA,I90,AT,2005,112.4,
ESTAT:SDG_13_10(1.0),13/07/23 23:00:00,A,GHG,TOTXMEMONIA,I90,AT,2006,122.8,
ESTAT:SDG_13_10(1.0),13/07/23 23:00:00,A,GHG,TOTXMEMONIA,I90,AT,2007,123.9,
ESTAT:SDG_13_10(1.0),13/07/23 23:00:00,A,GHG,TOTXMEMONIA,I90,AT,2008,113.1,
ESTAT:SDG_13_10(1.0),13/07/23 23:00:00,A,GHG,TOTXMEMONIA,I90,AT,2009,109.3,
ESTAT:SDG_13_10(1.0),13/07/23 23:00:00,A,GHG,TOTXMEMONIA,I90,AT,2010,98.9,
ESTAT:SDG_13_10(1.0),13/07/23 23:00:00,A,GHG,TOTXMEMONIA,I90,AT,2011,102.4,
ESTAT:SDG_13_10(1.0),13/07/23 23:00:00,A,GHG,TOTXMEMONIA,I90,AT,2012,112.4,
ESTAT:SDG_13_10(1.0),13/07/23 23:00:00,A,GHG,TOTXMEMONIA,I90,AT,2013,112.2,
ESTAT:SDG_13_10(1.0),13/07/23 23:00:00,A,GHG,TOTXMEMONIA,I90,AT,2014,104.9,
ESTAT:SDG_13_10(1.0),13/07/23 23:00:00,A,GHG,TOTXMEMONIA,I90,AT,2015,110.0,
ESTAT:SDG_13_10(1.0),13/07/23 23:00:00,A,GHG,TOTXMEMONIA,I90,AT,2016,111.0,
ESTAT:SDG_13_10(1.0),13/07/23 23:00:00,A,GHG,TOTXMEMONIA,I90,AT,2017,119.8,
ESTAT:SDG_13_10(1.0),13/07/23 23:00:00,A,GHG,TOTXMEMONIA,I90,AT,2018,127.5,
ESTAT:SDG_13_10(1.0),13/07/23 23:00:00,A,GHG,TOTXMEMONIA,I90,AT,2019,125.6,
ESTAT:SDG_13_10(1.0),13/07/23 23:00:00,A,GHG,TOTXMEMONIA,I90,AT,2020,103.0,
ESTAT:SDG_13_10(1.0),13/07/23 23:00:00,A,GHG,TOTXMEMONIA,I90,AT,2021,100.9,
ESTAT:SDG_13_10(1.0),13/07/23 23:00:00,A,GHG,TOTXMEMONIA,I90,BE,1990,100.0,
ESTAT:SDG_13_10(1.0),13/07/23 23:00:00,A,GHG,TOTXMEMONIA,I90,BE,1991,101.8,
ESTAT:SDG_13_10(1.0),13/07/23 23:00:00,A,GHG,TOTXMEMONIA,I90,BE,1992,101.6,
ESTAT:SDG_13_10(1.0),13/07/23 23:00:00,A,GHG,TOTXMEMONIA,I90,BE,1993,100.7,
ESTAT:SDG_13_10(1.0),13/07/23 23:00:00,A,GHG,TOTXMEMONIA,I90,BE,1994,104.0,
ESTAT:SDG_13_10(1.0),13/07/23 23:00:00,A,GHG,TOTXMEMONIA,I90,BE,1995,105.6,
ESTAT:SDG_13_10(1.0),13/07/23 23:00:00,A,GHG,TOTXMEMONIA,I90,BE,1996,108.3,
ESTAT:SDG_13_10(1.0),13/07/23 23:00:00,A,GHG,TOTXMEMONIA,I90,BE,1997,103.0,
ESTAT:SDG_13_10(1.0),13/07/23 23:00:00,A,GHG,TOTXMEMONIA,I90,BE,1998,106.5,
ESTAT:SDG_13_10(1.0),13/07/23 23:00:00,A,GHG,TOTXMEMONIA,I90,BE,1999,102.9,
ESTAT:SDG_13_10(1.0),13/07/23 23:00:00,A,GHG,TOTXMEMONIA,I90,BE,2000,104.0,
ESTAT:SDG_13_10(1.0),13/07/23 23:00:00,A,GHG,TOTXMEMONIA,I90,BE,2001,102.8,
ESTAT:SDG_13_10(1.0),13/07/23 23:00:00,A,GHG,TOTXMEMONIA,I90,BE,2002,101.9,
ESTAT:SDG_13_10(1.0),13/07/23 23:00:00,A,GHG,TOTXMEMONIA,I90,BE,2003,102.4,
ESTAT:SDG_13_10(1.0),13/07/23 23:00:00,A,GHG,TOTXMEMONIA,I90,BE,2004,103.1,
ESTAT:SDG_13_10(1.0),13/07/23 23:00:00,A,GHG,TOTXMEMONIA,I90,BE,2005,100.8,
ESTAT:SDG_13_10(1.0),13/07/23 23:00:00,A,GHG,TOTXMEMONIA,I90,BE,2006,99.1,
ESTAT:SDG_13_10(1.0),13/07/23 23:00:00,A,GHG,TOTXMEMONIA,I90,BE,2007,97.0,
ESTAT:SDG_13_10(1.0),13/07/23 23:00:00,A,GHG,TOTXMEMONIA,I90,BE,2008,97.3,
ESTAT:SDG_13_10(1.0),13/07/23 23:00:00,A,GHG,TOTXMEMONIA,I90,BE,2009,88.5,
ESTAT:SDG_13_10(1.0),13/07/23 23:00:00,A,GHG,TOTXMEMONIA,I90,BE,2010,94.1,
ESTAT:SDG_13_10(1.0),13/07/23 23:00:00,A,GHG,TOTXMEMONIA,I90,BE,2011,87.2,
ESTAT:SDG_13_10(1.0),13/07/23 23:00:00,A,GHG,TOTXMEMONIA,I90,BE,2012,85.1,
ESTAT:SDG_13_10(1.0),13/07/23 23:00:00,A,GHG,TOTXMEMONIA,I90,BE,2013,84.6,
ESTAT:SDG_13_10(1.0),13/07/23 23:00:00,A,GHG,TOTXMEMONIA,I90,BE,2014,80.8,
ESTAT:SDG_13_10(1.0),13/07/23 23:00:00,A,GHG,TOTXMEMONIA,I90,BE,2015,83.9,
ESTAT:SDG_13_10(1.0),13/07/23 23:00:00,A,GHG,TOTXMEMONIA,I90,BE,2016,82.9,
ESTAT:SDG_13_10(1.0),13/07/23 23:00:00,A,GHG,TOTXMEMONIA,I90,BE,2017,82.9,
ESTAT:SDG_13_10(1.0),13/07/23 23:00:00,A,GHG,TOTXMEMONIA,I90,BE,2018,83.6,
ESTAT:SDG_13_10(1.0),13/07/23 23:00:00,A,GHG,TOTXMEMONIA,I90,BE,2019,83.0,
ESTAT:SDG_13_10(1.0),13/07/23 23:00:00,A,GHG,TOTXMEMONIA,I90,BE,2020,75.7,
ESTAT:SDG_13_10(1.0),13/07/23 23:00:00,A,GHG,TOTXMEMONIA,I90,BE,2021,78.9,
ESTAT:SDG_13_10(1.0),13/07/23 23:00:00,A,GHG,TOTXMEMONIA,I90,BG,1990,100.0,
ESTAT:SDG_13_10(1.0),13/07/23 23:00:00,A,GHG,TOTXMEMONIA,I90,BG,1991,78.1,
ESTAT:SDG_13_10(1.0),13/07/23 23:00:00,A,GHG,TOTXMEMONIA,I90,BG,1992,72.3,
ESTAT:SDG_13_10(1.0),13/07/23 23:00:00,A,GHG,TOTXMEMONIA,I90,BG,1993,71.5,
ESTAT:SDG_13_10(1.0),13/07/23 23:00:00,A,GHG,TOTXMEMONIA,I90,BG,1994,66.2,
ESTAT:SDG_13_10(1.0),13/07/23 23:00:00,A,GHG,TOTXMEMONIA,I90,BG,1995,67.9,
ESTAT:SDG_13_10(1.0),13/07/23 23:00:00,A,GHG,TOTXMEMONIA,I90,BG,1996,68.8,
ESTAT:SDG_13_10(1.0),13/07/23 23:00:00,A,GHG,TOTXMEMONIA,I90,BG,1997,64.4,
ESTAT:SDG_13_10(1.0),13/07/23 23:00:00,A,GHG,TOTXMEMONIA,I90,BG,1998,59.8,
ESTAT:SDG_13_10(1.0),13/07/23 23:00:00,A,GHG,TOTXMEMONIA,I90,BG,1999,51.3,
ESTAT:SDG_13_10(1.0),13/07/23 23:00:00,A,GHG,TOTXMEMONIA,I90,BG,2000,48.7,
ESTAT:SDG_13_10(1.0),13/07/23 23:00:00,A,GHG,TOTXMEMONIA,I90,BG,2001,55.5,
ESTAT:SDG_13_10(1.0),13/07/23 23:00:00,A,GHG,TOTXMEMONIA,I90,BG,2002,52.1,
ESTAT:SDG_13_10(1.0),13/07/23 23:00:00,A,GHG,TOTXMEMONIA,I90,BG,2003,58.6,
ESTAT:SDG_13_10(1.0),13/07/23 23:00:00,A,GHG,TOTXMEMONIA,I90,BG,2004,56.6,
ESTAT:SDG_13_10(1.0),13/07/23 23:00:00,A,GHG,TOTXMEMONIA,I90,BG,2005,55.8,
ESTAT:SDG_13_10(1.0),13/07/23 23:00:00,A,GHG,TOTXMEMONIA,I90,BG,2006,60.7,
ESTAT:SDG_13_10(1.0),13/07/23 23:00:00,A,GHG,TOTXMEMONIA,I90,BG,2007,64.2,
ESTAT:SDG_13_10(1.0),13/07/23 23:00:00,A,GHG,TOTXMEMONIA,I90,BG,2008,64.7,
ESTAT:SDG_13_10(1.0),13/07/23 23:00:00,A,GHG,TOTXMEMONIA,I90,BG,2009,53.7,
ESTAT:SDG_13_10(1.0),13/07/23 23:00:00,A,GHG,TOTXMEMONIA,I90,BG,2010,57.7,
ESTAT:SDG_13_10(1.0),13/07/23 23:00:00,A,GHG,TOTXMEMONIA,I90,BG,2011,68.1,
ESTAT:SDG_13_10(1.0),13/07/23 23:00:00,A,GHG,TOTXMEMONIA,I90,BG,2012,62.6,
ESTAT:SDG_13_10(1.0),13/07/23 23:00:00,A,GHG,TOTXMEMONIA,I90,BG,2013,57.7,
ESTAT:SDG_13_10(1.0),13/07/23 23:00:00,A,GHG,TOTXMEMONIA,I90,BG,2014,59.9,
ESTAT:SDG_13_10(1.0),13/07/23 23:00:00,A,GHG,TOTXMEMONIA,I90,BG,2015,64.0,
ESTAT:SDG_13_10(1.0),13/07/23 23:00:00,A,GHG,TOTXMEMONIA,I90,BG,2016,58.8,
ESTAT:SDG_13_10(1.0),13/07/23 23:00:00,A,GHG,TOTXMEMONIA,I90,BG,2017,61.3,
ESTAT:SDG_13_10(1.0),13/07/23 23:00:00,A,GHG,TOTXMEMONIA,I90,BG,2018,55.9,
ESTAT:SDG_13_10(1.0),13/07/23 23:00:00,A,GHG,TOTXMEMONIA,I90,BG,2019,54.4,
ESTAT:SDG_13_10(1.0),13/07/23 23:00:00,A,GHG,TOTXMEMONIA,I90,BG,2020,46.8,
ESTAT:SDG_13_10(1.0),13/07/23 23:00:00,A,GHG,TOTXMEMONIA,I90,BG,2021,54.4,
ESTAT:SDG_13_10(1.0),13/07/23 23:00:00,A,GHG,TOTXMEMONIA,I90,CH,1990,100.0,
ESTAT:SDG_13_10(1.0),13/07/23 23:00:00,A,GHG,TOTXMEMONIA,I90,CH,1991,97.7,
ESTAT:SDG_13_10(1.0),13/07/23 23:00:00,A,GHG,TOTXMEMONIA,I90,CH,1992,99.1,
ESTAT:SDG_13_10(1.0),13/07/23 23:00:00,A,GHG,TOTXMEMONIA,I90,CH,1993,94.2,
ESTAT:SDG_13_10(1.0),13/07/23 23:00:00,A,GHG,TOTXMEMONIA,I90,CH,1994,94.8,
ESTAT:SDG_13_10(1.0),13/07/23 23:00:00,A,GHG,TOTXMEMONIA,I90,CH,1995,95.3,
ESTAT:SDG_13_10(1.0),13/07/23 23:00:00,A,GHG,TOTXMEMONIA,I90,CH,1996,93.8,
ESTAT:SDG_13_10(1.0),13/07/23 23:00:00,A,GHG,TOTXMEMONIA,I90,CH,1997,94.9,
ESTAT:SDG_13_10(1.0),13/07/23 23:00:00,A,GHG,TOTXMEMONIA,I90,CH,1998,99.5,
ESTAT:SDG_13_10(1.0),13/07/23 23:00:00,A,GHG,TOTXMEMONIA,I90,CH,1999,100.4,
ESTAT:SDG_13_10(1.0),13/07/23 23:00:00,A,GHG,TOTXMEMONIA,I90,CH,2000,113.0,
ESTAT:SDG_13_10(1.0),13/07/23 23:00:00,A,GHG,TOTXMEMONIA,I90,CH,2001,104.4,
ESTAT:SDG_13_10(1.0),13/07/23 23:00:00,A,GHG,TOTXMEMONIA,I90,CH,2002,98.0,
ESTAT:SDG_13_10(1.0),13/07/23 23:00:00,A,GHG,TOTXMEMONIA,I90,CH,2003,99.1,
ESTAT:SDG_13_10(1.0),13/07/23 23:00:00,A,GHG,TOTXMEMONIA,I90,CH,2004,99.6,
ESTAT:SDG_13_10(1.0),13/07/23 23:00:00,A,GHG,TOTXMEMONIA,I90,CH,2005,100.4,
ESTAT:SDG_13_10(1.0),13/07/23 23:00:00,A,GHG,TOTXMEMONIA,I90,CH,2006,101.8,
ESTAT:SDG_13_10(1.0),13/07/23 23:00:00,A,GHG,TOTXMEMONIA,I90,CH,2007,100.7,
ESTAT:SDG_13_10(1.0),13/07/23 23:00:00,A,GHG,TOTXMEMONIA,I90,CH,2008,101.6,
ESTAT:SDG_13_10(1.0),13/07/23 23:00:00,A,GHG,TOTXMEMONIA,I90,CH,2009,96.7,
ESTAT:SDG_13_10(1.0),13/07/23 23:00:00,A,GHG,TOTXMEMONIA,I90,CH,2010,100.5,
ESTAT:SDG_13_10(1.0),13/07/23 23:00:00,A,GHG,TOTXMEMONIA,I90,CH,2011,96.9,
ESTAT:SDG_13_10(1.0),13/07/23 23:00:00,A,GHG,TOTXMEMONIA,I90,CH,2012,96.8,
ESTAT:SDG_13_10(1.0),13/07/23 23:00:00,A,GHG,TOTXMEMONIA,I90,CH,2013,99.7,
ESTAT:SDG_13_10(1.0),13/07/23 23:00:00,A,GHG,TOTXMEMONIA,I90,CH,2014,95.6,
ESTAT:SDG_13_10(1.0),13/07/23 23:00:00,A,GHG,TOTXMEMONIA,I90,CH,2015,91.8,
ESTAT:SDG_13_10(1.0),13/07/23 23:00:00,A,GHG,TOTXMEMONIA,I90,CH,2016,92.7,
ESTAT:SDG_13_10(1.0),13/07/23 23:00:00,A,GHG,TOTXMEMONIA,I90,CH,2017,91.8,
ESTAT:SDG_13_10(1.0),13/07/23 23:00:00,A,GHG,TOTXMEMONIA,I90,CH,2018,90.8,
ESTAT:SDG_13_10(1.0),13/07/23 23:00:00,A,GHG,TOTXMEMONIA,I90,CH,2019,89.2,
ESTAT:SDG_13_10(1.0),13/07/23 23:00:00,A,GHG,TOTXMEMONIA,I90,CH,2020,78.6,
ESTAT:SDG_13_10(1.0),13/07/23 23:00:00,A,GHG,TOTXMEMONIA,I90,CH,2021,80.7,
ESTAT:SDG_13_10(1.0),13/07/23 23:00:00,A,GHG,TOTXMEMONIA,I90,CY,1990,100.0,
ESTAT:SDG_13_10(1.0),13/07/23 23:00:00,A,GHG,TOTXMEMONIA,I90,CY,1991,110.1,
ESTAT:SDG_13_10(1.0),13/07/23 23:00:00,A,GHG,TOTXMEMONIA,I90,CY,1992,116.8,
ESTAT:SDG_13_10(1.0),13/07/23 23:00:00,A,GHG,TOTXMEMONIA,I90,CY,1993,119.4,
ESTAT:SDG_13_10(1.0),13/07/23 23:00:00,A,GHG,TOTXMEMONIA,I90,CY,1994,123.6,
ESTAT:SDG_13_10(1.0),13/07/23 23:00:00,A,GHG,TOTXMEMONIA,I90,CY,1995,123.8,
ESTAT:SDG_13_10(1.0),13/07/23 23:00:00,A,GHG,TOTXMEMONIA,I90,CY,1996,128.9,
ESTAT:SDG_13_10(1.0),13/07/23 23:00:00,A,GHG,TOTXMEMONIA,I90,CY,1997,130.1,
ESTAT:SDG_13_10(1.0),13/07/23 23:00:00,A,GHG,TOTXMEMONIA,I90,CY,1998,135.9,
ESTAT:SDG_13_10(1.0),13/07/23 23:00:00,A,GHG,TOTXMEMONIA,I90,CY,1999,140.5,
ESTAT:SDG_13_10(1.0),13/07/23 23:00:00,A,GHG,TOTXMEMONIA,I90,CY,2000,146.0,
ESTAT:SDG_13_10(1.0),13/07/23 23:00:00,A,GHG,TOTXMEMONIA,I90,CY,2001,147.1,
ESTAT:SDG_13_10(1.0),13/07/23 23:00:00,A,GHG,TOTXMEMONIA,I90,CY,2002,149.8,
ESTAT:SDG_13_10(1.0),13/07/23 23:00:00,A,GHG,TOTXMEMONIA,I90,CY,2003,156.9,
ESTAT:SDG_13_10(1.0),13/07/23 23:00:00,A,GHG,TOTXMEMONIA,I90,CY,2004,158.8,
ESTAT:SDG_13_10(1.0),13/07/23 23:00:00,A,GHG,TOTXMEMONIA,I90,CY,2005,159.6,
ESTAT:SDG_13_10(1.0),13/07/23 23:00:00,A,GHG,TOTXMEMONIA,I90,CY,2006,163.8,
ESTAT:SDG_13_10(1.0),13/07/23 23:00:00,A,GHG,TOTXMEMONIA,I90,CY,2007,169.5,
ESTAT:SDG_13_10(1.0),13/07/23 23:00:00,A,GHG,TOTXMEMONIA,I90,CY,2008,172.4,
ESTAT:SDG_13_10(1.0),13/07/23 23:00:00,A,GHG,TOTXMEMONIA,I90,CY,2009,167.3,
ESTAT:SDG_13_10(1.0),13/07/23 23:00:00,A,GHG,TOTXMEMONIA,I90,CY,2010,162.6,
ESTAT:SDG_13_10(1.0),13/07/23 23:00:00,A,GHG,TOTXMEMONIA,I90,CY,2011,157.5,
ESTAT:SDG_13_10(1.0),13/07/23 23:00:00,A,GHG,TOTXMEMONIA,I90,CY,2012,148.6,
ESTAT:SDG_13_10(1.0),13/07/23 23:00:00,A,GHG,TOTXMEMONIA,I90,CY,2013,136.1,
ESTAT:SDG_13_10(1.0),13/07/23 23:00:00,A,GHG,TOTXMEMONIA,I90,CY,2014,142.1,
ESTAT:SDG_13_10(1.0),13/07/23 23:00:00,A,GHG,TOTXMEMONIA,I90,CY,2015,142.6,
ESTAT:SDG_13_10(1.0),13/07/23 23:00:00,A,GHG,TOTXMEMONIA,I90,CY,2016,153.5,
ESTAT:SDG_13_10(1.0),13/07/23 23:00:00,A,GHG,TOTXMEMONIA,I90,CY,2017,156.5,
ESTAT:SDG_13_10(1.0),13/07/23 23:00:00,A,GHG,TOTXMEMONIA,I90,CY,2018,154.9,
ESTAT:SDG_13_10(1.0),13/07/23 23:00:00,A,GHG,TOTXMEMONIA,I90,CY,2019,155.9,
ESTAT:SDG_13_10(1.0),13/07/23 23:00:00,A,GHG,TOTXMEMONIA,I90,CY,2020,138.4,
ESTAT:SDG_13_10(1.0),13/07/23 23:00:00,A,GHG,TOTXMEMONIA,I90,CY,2021,145.7,
ESTAT:SDG_13_10(1.0),13/07/23 23:00:00,A,GHG,TOTXMEMONIA,I90,CZ,1990,100.0,
ESTAT:SDG_13_10(1.0),13/07/23 23:00:00,A,GHG,TOTXMEMONIA,I90,CZ,1991,89.8,
ESTAT:SDG_13_10(1.0),13/07/23 23:00:00,A,GHG,TOTXMEMONIA,I90,CZ,1992,86.7,
ESTAT:SDG_13_10(1.0),13/07/23 23:00:00,A,GHG,TOTXMEMONIA,I90,CZ,1993,82.8,
ESTAT:SDG_13_10(1.0),13/07/23 23:00:00,A,GHG,TOTXMEMONIA,I90,CZ,1994,78.9,
ESTAT:SDG_13_10(1.0),13/07/23 23:00:00,A,GHG,TOTXMEMONIA,I90,CZ,1995,78.2,
ESTAT:SDG_13_10(1.0),13/07/23 23:00:00,A,GHG,TOTXMEMONIA,I90,CZ,1996,80.0,
ESTAT:SDG_13_10(1.0),13/07/23 23:00:00,A,GHG,TOTXMEMONIA,I90,CZ,1997,78.1,
ESTAT:SDG_13_10(1.0),13/07/23 23:00:00,A,GHG,TOTXMEMONIA,I90,CZ,1998,75.0,
ESTAT:SDG_13_10(1.0),13/07/23 23:00:00,A,GHG,TOTXMEMONIA,I90,CZ,1999,69.7,
ESTAT:SDG_13_10(1.0),13/07/23 23:00:00,A,GHG,TOTXMEMONIA,I90,CZ,2000,74.5,
ESTAT:SDG_13_10(1.0),13/07/23 23:00:00,A,GHG,TOTXMEMONIA,I90,CZ,2001,74.3,
ESTAT:SDG_13_10(1.0),13/07/23 23:00:00,A,GHG,TOTXMEMONIA,I90,CZ,2002,72.5,
ESTAT:SDG_13_10(1.0),13/07/23 23:00:00,A,GHG,TOTXMEMONIA,I90,CZ,2003,74.5,
ESTAT:SDG_13_10(1.0),13/07/23 23:00:00,A,GHG,TOTXMEMONIA,I90,CZ,2004,75.1,
ESTAT:SDG_13_10(1.0),13/07/23 23:00:00,A,GHG,TOTXMEMONIA,I90,CZ,2005,74.1,
ESTAT:SDG_13_10(1.0),13/07/23 23:00:00,A,GHG,TOTXMEMONIA,I90,CZ,2006,75.4,
ESTAT:SDG_13_10(1.0),13/07/23 23:00:00,A,GHG,TOTXMEMONIA,I90,CZ,2007,76.5,
ESTAT:SDG_13_10(1.0),13/07/23 23:00:00,A,GHG,TOTXMEMONIA,I90,CZ,2008,73.2,
ESTAT:SDG_13_10(1.0),13/07/23 23:00:00,A,GHG,TOTXMEMONIA,I90,CZ,2009,68.2,
ESTAT:SDG_13_10(1.0),13/07/23 23:00:00,A,GHG,TOTXMEMONIA,I90,CZ,2010,70.0,
ESTAT:SDG_13_10(1.0),13/07/23 23:00:00,A,GHG,TOTXMEMONIA,I90,CZ,2011,69.0,
ESTAT:SDG_13_10(1.0),13/07/23 23:00:00,A,GHG,TOTXMEMONIA,I90,CZ,2012,66.8,
ESTAT:SDG_13_10(1.0),13/07/23 23:00:00,A,GHG,TOTXMEMONIA,I90,CZ,2013,64.2,
ESTAT:SDG_13_10(1.0),13/07/23 23:00:00,A,GHG,TOTXMEMONIA,I90,CZ,2014,63.2,
ESTAT:SDG_13_10(1.0),13/07/23 23:00:00,A,GHG,TOTXMEMONIA,I90,CZ,2015,63.9,
ESTAT:SDG_13_10(1.0),13/07/23 23:00:00,A,GHG,TOTXMEMONIA,I90,CZ,2016,65.2,
ESTAT:SDG_13_10(1.0),13/07/23 23:00:00,A,GHG,TOTXMEMONIA,I90,CZ,2017,66.5,
ESTAT:SDG_13_10(1.0),13/07/23 23:00:00,A,GHG,TOTXMEMONIA,I90,CZ,2018,68.5,
ESTAT:SDG_13_10(1.0),13/07/23 23:00:00,A,GHG,TOTXMEMONIA,I90,CZ,2019,69.1,
ESTAT:SDG_13_10(1.0),13/07/23 23:00:00,A,GHG,TOTXMEMONIA,I90,CZ,2020,65.0,
ESTAT:SDG_13_10(1.0),13/07/23 23:00:00,A,GHG,TOTXMEMONIA,I90,CZ,2021,66.3,
ESTAT:SDG_13_10(1.0),13/07/23 23:00:00,A,GHG,TOTXMEMONIA,I90,DE,1990,100.0,
ESTAT:SDG_13_10(1.0),13/07/23 23:00:00,A,GHG,TOTXMEMONIA,I90,DE,1991,91.7,
ESTAT:SDG_13_10(1.0),13/07/23 23:00:00,A,GHG,TOTXMEMONIA,I90,DE,1992,87.4,
ESTAT:SDG_13_10(1.0),13/07/23 23:00:00,A,GHG,TOTXMEMONIA,I90,DE,1993,86.7,
ESTAT:SDG_13_10(1.0),13/07/23 23:00:00,A,GHG,TOTXMEMONIA,I90,DE,1994,85.7,
ESTAT:SDG_13_10(1.0),13/07/23 23:00:00,A,GHG,TOTXMEMONIA,I90,DE,1995,85.6,
ESTAT:SDG_13_10(1.0),13/07/23 23:00:00,A,GHG,TOTXMEMONIA,I90,DE,1996,87.5,
ESTAT:SDG_13_10(1.0),13/07/23 23:00:00,A,GHG,TOTXMEMONIA,I90,DE,1997,84.9,
ESTAT:SDG_13_10(1.0),13/07/23 23:00:00,A,GHG,TOTXMEMONIA,I90,DE,1998,83.0,
ESTAT:SDG_13_10(1.0),13/07/23 23:00:00,A,GHG,TOTXMEMONIA,I90,DE,1999,80.2,
ESTAT:SDG_13_10(1.0),13/07/23 23:00:00,A,GHG,TOTXMEMONIA,I90,DE,2000,81.6,
ESTAT:SDG_13_10(1.0),13/07/23 23:00:00,A,GHG,TOTXMEMONIA,I90,DE,2001,81.9,
ESTAT:SDG_13_10(1.0),13/07/23 23:00:00,A,GHG,TOTXMEMONIA,I90,DE,2002,82.7,
ESTAT:SDG_13_10(1.0),13/07/23 23:00:00,A,GHG,TOTXMEMONIA,I90,DE,2003,82.1,
ESTAT:SDG_13_10(1.0),13/07/23 23:00:00,A,GHG,TOTXMEMONIA,I90,DE,2004,80.2,
ESTAT:SDG_13_10(1.0),13/07/23 23:00:00,A,GHG,TOTXMEMONIA,I90,DE,2005,78.2,
ESTAT:SDG_13_10(1.0),13/07/23 23:00:00,A,GHG,TOTXMEMONIA,I90,DE,2006,78.3,
ESTAT:SDG_13_10(1.0),13/07/23 23:00:00,A,GHG,TOTXMEMONIA,I90,DE,2007,76.5,
ESTAT:SDG_13_10(1.0),13/07/23 23:00:00,A,GHG,TOTXMEMONIA,I90,DE,2008,76.1,
ESTAT:SDG_13_10(1.0),13/07/23 23:00:00,A,GHG,TOTXMEMONIA,I90,DE,2009,70.3,
ESTAT:SDG_13_10(1.0),13/07/23 23:00:00,A,GHG,TOTXMEMONIA,I90,DE,2010,73.4,
ESTAT:SDG_13_10(1.0),13/07/23 23:00:00,A,GHG,TOTXMEMONIA,I90,DE,2011,71.0,
ESTAT:SDG_13_10(1.0),13/07/23 23:00:00,A,GHG,TOTXMEMONIA,I90,DE,2012,70.9,
ESTAT:SDG_13_10(1.0),13/07/23 23:00:00,A,GHG,TOTXMEMONIA,I90,DE,2013,72.6,
ESTAT:SDG_13_10(1.0),13/07/23 23:00:00,A,GHG,TOTXMEMONIA,I90,DE,2014,70.0,
ESTAT:SDG_13_10(1.0),13/07/23 23:00:00,A,GHG,TOTXMEMONIA,I90,DE,2015,70.1,
ESTAT:SDG_13_10(1.0),13/07/23 23:00:00,A,GHG,TOTXMEMONIA,I90,DE,2016,70.2,
ESTAT:SDG_13_10(1.0),13/07/23 23:00:00,A,GHG,TOTXMEMONIA,I90,DE,2017,69.3,
ESTAT:SDG_13_10(1.0),13/07/23 23:00:00,A,GHG,TOTXMEMONIA,I90,DE,2018,66.9,
ESTAT:SDG_13_10(1.0),13/07/23 23:00:00,A,GHG,TOTXMEMONIA,I90,DE,2019,62.9,
ESTAT:SDG_13_10(1.0),13/07/23 23:00:00,A,GHG,TOTXMEMONIA,I90,DE,2020,57.6,
ESTAT:SDG_13_10(1.0),13/07/23 23:00:00,A,GHG,TOTXMEMONIA,I90,DE,2021,60.2,
ESTAT:SDG_13_10(1.0),13/07/23 23:00:00,A,GHG,TOTXMEMONIA,I90,DK,1990,100.0,
ESTAT:SDG_13_10(1.0),13/07/23 23:00:00,A,GHG,TOTXMEMONIA,I90,DK,1991,112.3,
ESTAT:SDG_13_10(1.0),13/07/23 23:00:00,A,GHG,TOTXMEMONIA,I90,DK,1992,106.2,
ESTAT:SDG_13_10(1.0),13/07/23 23:00:00,A,GHG,TOTXMEMONIA,I90,DK,1993,107.3,
ESTAT:SDG_13_10(1.0),13/07/23 23:00:00,A,GHG,TOTXMEMONIA,I90,DK,1994,111.8,
ESTAT:SDG_13_10(1.0),13/07/23 23:00:00,A,GHG,TOTXMEMONIA,I90,DK,1995,108.4,
ESTAT:SDG_13_10(1.0),13/07/23 23:00:00,A,GHG,TOTXMEMONIA,I90,DK,1996,124.0,
ESTAT:SDG_13_10(1.0),13/07/23 23:00:00,A,GHG,TOTXMEMONIA,I90,DK,1997,112.6,
ESTAT:SDG_13_10(1.0),13/07/23 23:00:00,A,GHG,TOTXMEMONIA,I90,DK,1998,107.7,
ESTAT:SDG_13_10(1.0),13/07/23 23:00:00,A,GHG,TOTXMEMONIA,I90,DK,1999,104.8,
ESTAT:SDG_13_10(1.0),13/07/23 23:00:00,A,GHG,TOTXMEMONIA,I90,DK,2000,99.2,
ESTAT:SDG_13_10(1.0),13/07/23 23:00:00,A,GHG,TOTXMEMONIA,I90,DK,2001,100.6,
ESTAT:SDG_13_10(1.0),13/07/23 23:00:00,A,GHG,TOTXMEMONIA,I90,DK,2002,100.9,
ESTAT:SDG_13_10(1.0),13/07/23 23:00:00,A,GHG,TOTXMEMONIA,I90,DK,2003,106.9,
ESTAT:SDG_13_10(1.0),13/07/23 23:00:00,A,GHG,TOTXMEMONIA,I90,DK,2004,99.5,
ESTAT:SDG_13_10(1.0),13/07/23 23:00:00,A,GHG,TOTXMEMONIA,I90,DK,2005,94.2,
ESTAT:SDG_13_10(1.0),13/07/23 23:00:00,A,GHG,TOTXMEMONIA,I90,DK,2006,104.1,
ESTAT:SDG_13_10(1.0),13/07/23 23:00:00,A,GHG,TOTXMEMONIA,I90,DK,2007,98.7,
ESTAT:SDG_13_10(1.0),13/07/23 23:00:00,A,GHG,TOTXMEMONIA,I90,DK,2008,92.4,
ESTAT:SDG_13_10(1.0),13/07/23 23:00:00,A,GHG,TOTXMEMONIA,I90,DK,2009,87.7,
ESTAT:SDG_13_10(1.0),13/07/23 23:00:00,A,GHG,TOTXMEMONIA,I90,DK,2010,86.8,
ESTAT:SDG_13_10(1.0),13/07/23 23:00:00,A,GHG,TOTXMEMONIA,I90,DK,2011,79.7,
ESTAT:SDG_13_10(1.0),13/07/23 23:00:00,A,GHG,TOTXMEMONIA,I90,DK,2012,73.5,
ESTAT:SDG_13_10(1.0),13/07/23 23:00:00,A,GHG,TOTXMEMONIA,I90,DK,2013,75.2,
ESTAT:SDG_13_10(1.0),13/07/23 23:00:00,A,GHG,TOTXMEMONIA,I90,DK,2014,71.1,
ESTAT:SDG_13_10(1.0),13/07/23 23:00:00,A,GHG,TOTXMEMONIA,I90,DK,2015,66.3,
ESTAT:SDG_13_10(1.0),13/07/23 23:00:00,A,GHG,TOTXMEMONIA,I90,DK,2016,70.4,
ESTAT:SDG_13_10(1.0),13/07/23 23:00:00,A,GHG,TOTXMEMONIA,I90,DK,2017,67.6,
ESTAT:SDG_13_10(1.0),13/07/23 23:00:00,A,GHG,TOTXMEMONIA,I90,DK,2018,69.9,
ESTAT:SDG_13_10(1.0),13/07/23 23:00:00,A,GHG,TOTXMEMONIA,I90,DK,2019,64.2,
ESTAT:SDG_13_10(1.0),13/07/23 23:00:00,A,GHG,TOTXMEMONIA,I90,DK,2020,58.5,
ESTAT:SDG_13_10(1.0),13/07/23 23:00:00,A,GHG,TOTXMEMONIA,I90,DK,2021,59.3,
ESTAT:SDG_13_10(1.0),13/07/23 23:00:00,A,GHG,TOTXMEMONIA,I90,EE,1990,100.0,
ESTAT:SDG_13_10(1.0),13/07/23 23:00:00,A,GHG,TOTXMEMONIA,I90,EE,1991,92.5,
ESTAT:SDG_13_10(1.0),13/07/23 23:00:00,A,GHG,TOTXMEMONIA,I90,EE,1992,67.3,
ESTAT:SDG_13_10(1.0),13/07/23 23:00:00,A,GHG,TOTXMEMONIA,I90,EE,1993,49.3,
ESTAT:SDG_13_10(1.0),13/07/23 23:00:00,A,GHG,TOTXMEMONIA,I90,EE,1994,52.2,
ESTAT:SDG_13_10(1.0),13/07/23 23:00:00,A,GHG,TOTXMEMONIA,I90,EE,1995,45.7,
ESTAT:SDG_13_10(1.0),13/07/23 23:00:00,A,GHG,TOTXMEMONIA,I90,EE,1996,47.3,
ESTAT:SDG_13_10(1.0),13/07/23 23:00:00,A,GHG,TOTXMEMONIA,I90,EE,1997,46.2,
ESTAT:SDG_13_10(1.0),13/07/23 23:00:00,A,GHG,TOTXMEMONIA,I90,EE,1998,40.1,
ESTAT:SDG_13_10(1.0),13/07/23 23:00:00,A,GHG,TOTXMEMONIA,I90,EE,1999,38.2,
ESTAT:SDG_13_10(1.0),13/07/23 23:00:00,A,GHG,TOTXMEMONIA,I90,EE,2000,35.0,
ESTAT:SDG_13_10(1.0),13/07/23 23:00:00,A,GHG,TOTXMEMONIA,I90,EE,2001,35.5,
ESTAT:SDG_13_10(1.0),13/07/23 23:00:00,A,GHG,TOTXMEMONIA,I90,EE,2002,34.8,
ESTAT:SDG_13_10(1.0),13/07/23 23:00:00,A,GHG,TOTXMEMONIA,I90,EE,2003,41.0,
ESTAT:SDG_13_10(1.0),13/07/23 23:00:00,A,GHG,TOTXMEMONIA,I90,EE,2004,40.1,
ESTAT:SDG_13_10(1.0),13/07/23 23:00:00,A,GHG,TOTXMEMONIA,I90,EE,2005,45.0,
ESTAT:SDG_13_10(1.0),13/07/23 23:00:00,A,GHG,TOTXMEMONIA,I90,EE,2006,39.0,
ESTAT:SDG_13_10(1.0),13/07/23 23:00:00,A,GHG,TOTXMEMONIA,I90,EE,2007,50.0,
ESTAT:SDG_13_10(1.0),13/07/23 23:00:00,A,GHG,TOTXMEMONIA,I90,EE,2008,40.9,
ESTAT:SDG_13_10(1.0),13/07/23 23:00:00,A,GHG,TOTXMEMONIA,I90,EE,2009,32.2,
ESTAT:SDG_13_10(1.0),13/07/23 23:00:00,A,GHG,TOTXMEMONIA,I90,EE,2010,42.9,
ESTAT:SDG_13_10(1.0),13/07/23 23:00:00,A,GHG,TOTXMEMONIA,I90,EE,2011,43.7,
ESTAT:SDG_13_10(1.0),13/07/23 23:00:00,A,GHG,TOTXMEMONIA,I90,EE,2012,45.2,
ESTAT:SDG_13_10(1.0),13/07/23 23:00:00,A,GHG,TOTXMEMONIA,I90,EE,2013,52.6,
ESTAT:SDG_13_10(1.0),13/07/23 23:00:00,A,GHG,TOTXMEMONIA,I90,EE,2014,57.0,
ESTAT:SDG_13_10(1.0),13/07/23 23:00:00,A,GHG,TOTXMEMONIA,I90,EE,2015,47.3,
ESTAT:SDG_13_10(1.0),13/07/23 23:00:00,A,GHG,TOTXMEMONIA,I90,EE,2016,53.4,
ESTAT:SDG_13_10(1.0),13/07/23 23:00:00,A,GHG,TOTXMEMONIA,I90,EE,2017,58.2,
ESTAT:SDG_13_10(1.0),13/07/23 23:00:00,A,GHG,TOTXMEMONIA,I90,EE,2018,61.3,
ESTAT:SDG_13_10(1.0),13/07/23 23:00:00,A,GHG,TOTXMEMONIA,I90,EE,2019,43.3,
ESTAT:SDG_13_10(1.0),13/07/23 23:00:00,A,GHG,TOTXMEMONIA,I90,EE,2020,38.1,
ESTAT:SDG_13_10(1.0),13/07/23 23:00:00,A,GHG,TOTXMEMONIA,I90,EE,2021,42.6,
ESTAT:SDG_13_10(1.0),13/07/23 23:00:00,A,GHG,TOTXMEMONIA,I90,EL,1990,100.0,
ESTAT:SDG_13_10(1.0),13/07/23 23:00:00,A,GHG,TOTXMEMONIA,I90,EL,1991,99.6,
ESTAT:SDG_13_10(1.0),13/07/23 23:00:00,A,GHG,TOTXMEMONIA,I90,EL,1992,100.7,
ESTAT:SDG_13_10(1.0),13/07/23 23:00:00,A,GHG,TOTXMEMONIA,I90,EL,1993,99.9,
ESTAT:SDG_13_10(1.0),13/07/23 23:00:00,A,GHG,TOTXMEMONIA,I90,EL,1994,103.1,
ESTAT:SDG_13_10(1.0),13/07/23 23:00:00,A,GHG,TOTXMEMONIA,I90,EL,1995,104.8,
ESTAT:SDG_13_10(1.0),13/07/23 23:00:00,A,GHG,TOTXMEMONIA,I90,EL,1996,108.2,
ESTAT:SDG_13_10(1.0),13/07/23 23:00:00,A,GHG,TOTXMEMONIA,I90,EL,1997,113.0,
ESTAT:SDG_13_10(1.0),13/07/23 23:00:00,A,GHG,TOTXMEMONIA,I90,EL,1998,118.3,
ESTAT:SDG_13_10(1.0),13/07/23 23:00:00,A,GHG,TOTXMEMONIA,I90,EL,1999,118.2,
ESTAT:SDG_13_10(1.0),13/07/23 23:00:00,A,GHG,TOTXMEMONIA,I90,EL,2000,121.5,
ESTAT:SDG_13_10(1.0),13/07/23 23:00:00,A,GHG,TOTXMEMONIA,I90,EL,2001,122.3,
ESTAT:SDG_13_10(1.0),13/07/23 23:00:00,A,GHG,TOTXMEMONIA,I90,EL,2002,122.0,
ESTAT:SDG_13_10(1.0),13/07/23 23:00:00,A,GHG,TOTXMEMONIA,I90,EL,2003,126.6,
ESTAT:SDG_13_10(1.0),13/07/23 23:00:00,A,GHG,TOTXMEMONIA,I90,EL,2004,127.3,
ESTAT:SDG_13_10(1.0),13/07/23 23:00:00,A,GHG,TOTXMEMONIA,I90,EL,2005,130.3,
ESTAT:SDG_13_10(1.0),13/07/23 23:00:00,A,GHG,TOTXMEMONIA,I90,EL,2006,127.1,
ESTAT:SDG_13_10(1.0),13/07/23 23:00:00,A,GHG,TOTXMEMONIA,I90,EL,2007,131.0,
ESTAT:SDG_13_10(1.0),13/07/23 23:00:00,A,GHG,TOTXMEMONIA,I90,EL,2008,126.8,
ESTAT:SDG_13_10(1.0),13/07/23 23:00:00,A,GHG,TOTXMEMONIA,I90,EL,2009,119.5,
ESTAT:SDG_13_10(1.0),13/07/23 23:00:00,A,GHG,TOTXMEMONIA,I90,EL,2010,113.6,
ESTAT:SDG_13_10(1.0),13/07/23 23:00:00,A,GHG,TOTXMEMONIA,I90,EL,2011,110.7,
ESTAT:SDG_13_10(1.0),13/07/23 23:00:00,A,GHG,TOTXMEMONIA,I90,EL,2012,107.3,
ESTAT:SDG_13_10(1.0),13/07/23 23:00:00,A,GHG,TOTXMEMONIA,I90,EL,2013,99.5,
ESTAT:SDG_13_10(1.0),13/07/23 23:00:00,A,GHG,TOTXMEMONIA,I90,EL,2014,97.9,
ESTAT:SDG_13_10(1.0),13/07/23 23:00:00,A,GHG,TOTXMEMONIA,I90,EL,2015,90.8,
ESTAT:SDG_13_10(1.0),13/07/23 23:00:00,A,GHG,TOTXMEMONIA,I90,EL,2016,87.6,
ESTAT:SDG_13_10(1.0),13/07/23 23:00:00,A,GHG,TOTXMEMONIA,I90,EL,2017,91.6,
ESTAT:SDG_13_10(1.0),13/07/23 23:00:00,A,GHG,TOTXMEMONIA,I90,EL,2018,88.1,
ESTAT:SDG_13_10(1.0),13/07/23 23:00:00,A,GHG,TOTXMEMONIA,I90,EL,2019,81.3,
ESTAT:SDG_13_10(1.0),13/07/23 23:00:00,A,GHG,TOTXMEMONIA,I90,EL,2020,68.5,
ESTAT:SDG_13_10(1.0),13/07/23 23:00:00,A,GHG,TOTXMEMONIA,I90,EL,2021,71.5,
ESTAT:SDG_13_10(1.0),13/07/23 23:00:00,A,GHG,TOTXMEMONIA,I90,ES,1990,100.0,
ESTAT:SDG_13_10(1.0),13/07/23 23:00:00,A,GHG,TOTXMEMONIA,I90,ES,1991,103.1,
ESTAT:SDG_13_10(1.0),13/07/23 23:00:00,A,GHG,TOTXMEMONIA,I90,ES,1992,106.9,
ESTAT:SDG_13_10(1.0),13/07/23 23:00:00,A,GHG,TOTXMEMONIA,I90,ES,1993,102.5,
ESTAT:SDG_13_10(1.0),13/07/23 23:00:00,A,GHG,TOTXMEMONIA,I90,ES,1994,109.4,
ESTAT:SDG_13_10(1.0),13/07/23 23:00:00,A,GHG,TOTXMEMONIA,I90,ES,1995,115.0,
ESTAT:SDG_13_10(1.0),13/07/23 23:00:00,A,GHG,TOTXMEMONIA,I90,ES,1996,111.6,
ESTAT:SDG_13_10(1.0),13/07/23 23:00:00,A,GHG,TOTXMEMONIA,I90,ES,1997,117.2,
ESTAT:SDG_13_10(1.0),13/07/23 23:00:00,A,GHG,TOTXMEMONIA,I90,ES,1998,120.9,
ESTAT:SDG_13_10(1.0),13/07/23 23:00:00,A,GHG,TOTXMEMONIA,I90,ES,1999,129.9,
ESTAT:SDG_13_10(1.0),13/07/23 23:00:00,A,GHG,TOTXMEMONIA,I90,ES,2000,135.2,
ESTAT:SDG_13_10(1.0),13/07/23 23:00:00,A,GHG,TOTXMEMONIA,I90,ES,2001,134.0,
ESTAT:SDG_13_10(1.0),13/07/23 23:00:00,A,GHG,TOTXMEMONIA,I90,ES,2002,141.5,
ESTAT:SDG_13_10(1.0),13/07/23 23:00:00,A,GHG,TOTXMEMONIA,I90,ES,2003,144.6,
ESTAT:SDG_13_10(1.0),13/07/23 23:00:00,A,GHG,TOTXMEMONIA,I90,ES,2004,150.8,
ESTAT:SDG_13_10(1.0),13/07/23 23:00:00,A,GHG,TOTXMEMONIA,I90,ES,2005,157.0,
ESTAT:SDG_13_10(1.0),13/07/23 23:00:00,A,GHG,TOTXMEMONIA,I90,ES,2006,153.7,
ESTAT:SDG_13_10(1.0),13/07/23 23:00:00,A,GHG,TOTXMEMONIA,I90,ES,2007,159.2,
ESTAT:SDG_13_10(1.0),13/07/23 23:00:00,A,GHG,TOTXMEMONIA,I90,ES,2008,146.2,
ESTAT:SDG_13_10(1.0),13/07/23 23:00:00,A,GHG,TOTXMEMONIA,I90,ES,2009,131.6,
ESTAT:SDG_13_10(1.0),13/07/23 23:00:00,A,GHG,TOTXMEMONIA,I90,ES,2010,125.0,
ESTAT:SDG_13_10(1.0),13/07/23 23:00:00,A,GHG,TOTXMEMONIA,I90,ES,2011,125.7,
ESTAT:SDG_13_10(1.0),13/07/23 23:00:00,A,GHG,TOTXMEMONIA,I90,ES,2012,123.7,
ESTAT:SDG_13_10(1.0),13/07/23 23:00:00,A,GHG,TOTXMEMONIA,I90,ES,2013,113.6,
ESTAT:SDG_13_10(1.0),13/07/23 23:00:00,A,GHG,TOTXMEMONIA,I90,ES,2014,113.7,
ESTAT:SDG_13_10(1.0),13/07/23 23:00:00,A,GHG,TOTXMEMONIA,I90,ES,2015,117.5,
ESTAT:SDG_13_10(1.0),13/07/23 23:00:00,A,GHG,TOTXMEMONIA,I90,ES,2016,113.4,
ESTAT:SDG_13_10(1.0),13/07/23 23:00:00,A,GHG,TOTXMEMONIA,I90,ES,2017,118.7,
ESTAT:SDG_13_10(1.0),13/07/23 23:00:00,A,GHG,TOTXMEMONIA,I90,ES,2018,116.5,
ESTAT:SDG_13_10(1.0),13/07/23 23:00:00,A,GHG,TOTXMEMONIA,I90,ES,2019,109.7,
ESTAT:SDG_13_10(1.0),13/07/23 23:00:00,A,GHG,TOTXMEMONIA,I90,ES,2020,90.7,
ESTAT:SDG_13_10(1.0),13/07/23 23:00:00,A,GHG,TOTXMEMONIA,I90,ES,2021,97.7,
ESTAT:SDG_13_10(1.0),13/07/23 23:00:00,A,GHG,TOTXMEMONIA,I90,EU27_2020,1990,100.0,
ESTAT:SDG_13_10(1.0),13/07/23 23:00:00,A,GHG,TOTXMEMONIA,I90,EU27_2020,1991,95.6,
ESTAT:SDG_13_10(1.0),13/07/23 23:00:00,A,GHG,TOTXMEMONIA,I90,EU27_2020,1992,93.0,
ESTAT:SDG_13_10(1.0),13/07/23 23:00:00,A,GHG,TOTXMEMONIA,I90,EU27_2020,1993,91.1,
ESTAT:SDG_13_10(1.0),13/07/23 23:00:00,A,GHG,TOTXMEMONIA,I90,EU27_2020,1994,90.8,
ESTAT:SDG_13_10(1.0),13/07/23 23:00:00,A,GHG,TOTXMEMONIA,I90,EU27_2020,1995,91.5,
ESTAT:SDG_13_10(1.0),13/07/23 23:00:00,A,GHG,TOTXMEMONIA,I90,EU27_2020,1996,93.1,
ESTAT:SDG_13_10(1.0),13/07/23 23:00:00,A,GHG,TOTXMEMONIA,I90,EU27_2020,1997,91.8,
ESTAT:SDG_13_10(1.0),13/07/23 23:00:00,A,GHG,TOTXMEMONIA,I90,EU27_2020,1998,90.7,
ESTAT:SDG_13_10(1.0),13/07/23 23:00:00,A,GHG,TOTXMEMONIA,I90,EU27_2020,1999,89.0,
ESTAT:SDG_13_10(1.0),13/07/23 23:00:00,A,GHG,TOTXMEMONIA,I90,EU27_2020,2000,89.8,
ESTAT:SDG_13_10(1.0),13/07/23 23:00:00,A,GHG,TOTXMEMONIA,I90,EU27_2020,2001,89.8,
ESTAT:SDG_13_10(1.0),13/07/23 23:00:00,A,GHG,TOTXMEMONIA,I90,EU27_2020,2002,90.1,
ESTAT:SDG_13_10(1.0),13/07/23 23:00:00,A,GHG,TOTXMEMONIA,I90,EU27_2020,2003,92.1,
ESTAT:SDG_13_10(1.0),13/07/23 23:00:00,A,GHG,TOTXMEMONIA,I90,EU27_2020,2004,91.5,
ESTAT:SDG_13_10(1.0),13/07/23 23:00:00,A,GHG,TOTXMEMONIA,I90,EU27_2020,2005,91.2,
ESTAT:SDG_13_10(1.0),13/07/23 23:00:00,A,GHG,TOTXMEMONIA,I90,EU27_2020,2006,91.0,
ESTAT:SDG_13_10(1.0),13/07/23 23:00:00,A,GHG,TOTXMEMONIA,I90,EU27_2020,2007,91.4,
ESTAT:SDG_13_10(1.0),13/07/23 23:00:00,A,GHG,TOTXMEMONIA,I90,EU27_2020,2008,88.5,
ESTAT:SDG_13_10(1.0),13/07/23 23:00:00,A,GHG,TOTXMEMONIA,I90,EU27_2020,2009,81.6,
ESTAT:SDG_13_10(1.0),13/07/23 23:00:00,A,GHG,TOTXMEMONIA,I90,EU27_2020,2010,83.4,
ESTAT:SDG_13_10(1.0),13/07/23 23:00:00,A,GHG,TOTXMEMONIA,I90,EU27_2020,2011,81.2,
ESTAT:SDG_13_10(1.0),13/07/23 23:00:00,A,GHG,TOTXMEMONIA,I90,EU27_2020,2012,79.7,
ESTAT:SDG_13_10(1.0),13/07/23 23:00:00,A,GHG,TOTXMEMONIA,I90,EU27_2020,2013,77.9,
ESTAT:SDG_13_10(1.0),13/07/23 23:00:00,A,GHG,TOTXMEMONIA,I90,EU27_2020,2014,75.2,
ESTAT:SDG_13_10(1.0),13/07/23 23:00:00,A,GHG,TOTXMEMONIA,I90,EU27_2020,2015,76.4,
ESTAT:SDG_13_10(1.0),13/07/23 23:00:00,A,GHG,TOTXMEMONIA,I90,EU27_2020,2016,76.6,
ESTAT:SDG_13_10(1.0),13/07/23 23:00:00,A,GHG,TOTXMEMONIA,I90,EU27_2020,2017,78.7,
ESTAT:SDG_13_10(1.0),13/07/23 23:00:00,A,GHG,TOTXMEMONIA,I90,EU27_2020,2018,76.9,
ESTAT:SDG_13_10(1.0),13/07/23 23:00:00,A,GHG,TOTXMEMONIA,I90,EU27_2020,2019,73.8,
ESTAT:SDG_13_10(1.0),13/07/23 23:00:00,A,GHG,TOTXMEMONIA,I90,EU27_2020,2020,66.2,
ESTAT:SDG_13_10(1.0),13/07/23 23:00:00,A,GHG,TOTXMEMONIA,I90,EU27_2020,2021,70.3,
ESTAT:SDG_13_10(1.0),13/07/23 23:00:00,A,GHG,TOTXMEMONIA,I90,FI,1990,100.0,
ESTAT:SDG_13_10(1.0),13/07/23 23:00:00,A,GHG,TOTXMEMONIA,I90,FI,1991,68.7,
ESTAT:SDG_13_10(1.0),13/07/23 23:00:00,A,GHG,TOTXMEMONIA,I90,FI,1992,78.4,
ESTAT:SDG_13_10(1.0),13/07/23 23:00:00,A,GHG,TOTXMEMONIA,I90,FI,1993,81.6,
ESTAT:SDG_13_10(1.0),13/07/23 23:00:00,A,GHG,TOTXMEMONIA,I90,FI,1994,108.3,
ESTAT:SDG_13_10(1.0),13/07/23 23:00:00,A,GHG,TOTXMEMONIA,I90,FI,1995,103.2,
ESTAT:SDG_13_10(1.0),13/07/23 23:00:00,A,GHG,TOTXMEMONIA,I90,FI,1996,102.5,
ESTAT:SDG_13_10(1.0),13/07/23 23:00:00,A,GHG,TOTXMEMONIA,I90,FI,1997,109.6,
ESTAT:SDG_13_10(1.0),13/07/23 23:00:00,A,GHG,TOTXMEMONIA,I90,FI,1998,106.0,
ESTAT:SDG_13_10(1.0),13/07/23 23:00:00,A,GHG,TOTXMEMONIA,I90,FI,1999,104.2,
ESTAT:SDG_13_10(1.0),13/07/23 23:00:00,A,GHG,TOTXMEMONIA,I90,FI,2000,100.9,
ESTAT:SDG_13_10(1.0),13/07/23 23:00:00,A,GHG,TOTXMEMONIA,I90,FI,2001,110.8,
ESTAT:SDG_13_10(1.0),13/07/23 23:00:00,A,GHG,TOTXMEMONIA,I90,FI,2002,113.5,
ESTAT:SDG_13_10(1.0),13/07/23 23:00:00,A,GHG,TOTXMEMONIA,I90,FI,2003,128.8,
ESTAT:SDG_13_10(1.0),13/07/23 23:00:00,A,GHG,TOTXMEMONIA,I90,FI,2004,117.8,
ESTAT:SDG_13_10(1.0),13/07/23 23:00:00,A,GHG,TOTXMEMONIA,I90,FI,2005,91.8,
ESTAT:SDG_13_10(1.0),13/07/23 23:00:00,A,GHG,TOTXMEMONIA,I90,FI,2006,108.3,
ESTAT:SDG_13_10(1.0),13/07/23 23:00:00,A,GHG,TOTXMEMONIA,I90,FI,2007,125.9,
ESTAT:SDG_13_10(1.0),13/07/23 23:00:00,A,GHG,TOTXMEMONIA,I90,FI,2008,103.1,
ESTAT:SDG_13_10(1.0),13/07/23 23:00:00,A,GHG,TOTXMEMONIA,I90,FI,2009,68.4,
ESTAT:SDG_13_10(1.0),13/07/23 23:00:00,A,GHG,TOTXMEMONIA,I90,FI,2010,110.3,
ESTAT:SDG_13_10(1.0),13/07/23 23:00:00,A,GHG,TOTXMEMONIA,I90,FI,2011,95.9,
ESTAT:SDG_13_10(1.0),13/07/23 23:00:00,A,GHG,TOTXMEMONIA,I90,FI,2012,80.0,
ESTAT:SDG_13_10(1.0),13/07/23 23:00:00,A,GHG,TOTXMEMONIA,I90,FI,2013,95.7,
ESTAT:SDG_13_10(1.0),13/07/23 23:00:00,A,GHG,TOTXMEMONIA,I90,FI,2014,85.6,
ESTAT:SDG_13_10(1.0),13/07/23 23:00:00,A,GHG,TOTXMEMONIA,I90,FI,2015,86.8,
ESTAT:SDG_13_10(1.0),13/07/23 23:00:00,A,GHG,TOTXMEMONIA,I90,FI,2016,100.0,
ESTAT:SDG_13_10(1.0),13/07/23 23:00:00,A,GHG,TOTXMEMONIA,I90,FI,2017,99.4,
ESTAT:SDG_13_10(1.0),13/07/23 23:00:00,A,GHG,TOTXMEMONIA,I90,FI,2018,121.8,
ESTAT:SDG_13_10(1.0),13/07/23 23:00:00,A,GHG,TOTXMEMONIA,I90,FI,2019,104.7,
ESTAT:SDG_13_10(1.0),13/07/23 23:00:00,A,GHG,TOTXMEMONIA,I90,FI,2020,85.2,
ESTAT:SDG_13_10(1.0),13/07/23 23:00:00,A,GHG,TOTXMEMONIA,I90,FI,2021,105.8,
ESTAT:SDG_13_10(1.0),13/07/23 23:00:00,A,GHG,TOTXMEMONIA,I90,FR,1990,100.0,
ESTAT:SDG_13_10(1.0),13/07/23 23:00:00,A,GHG,TOTXMEMONIA,I90,FR,1991,104.8,
ESTAT:SDG_13_10(1.0),13/07/23 23:00:00,A,GHG,TOTXMEMONIA,I90,FR,1992,103.7,
ESTAT:SDG_13_10(1.0),13/07/23 23:00:00,A,GHG,TOTXMEMONIA,I90,FR,1993,99.0,
ESTAT:SDG_13_10(1.0),13/07/23 23:00:00,A,GHG,TOTXMEMONIA,I90,FR,1994,97.9,
ESTAT:SDG_13_10(1.0),13/07/23 23:00:00,A,GHG,TOTXMEMONIA,I90,FR,1995,98.4,
ESTAT:SDG_13_10(1.0),13/07/23 23:00:00,A,GHG,TOTXMEMONIA,I90,FR,1996,100.6,
ESTAT:SDG_13_10(1.0),13/07/23 23:00:00,A,GHG,TOTXMEMONIA,I90,FR,1997,98.9,
ESTAT:SDG_13_10(1.0),13/07/23 23:00:00,A,GHG,TOTXMEMONIA,I90,FR,1998,101.2,
ESTAT:SDG_13_10(1.0),13/07/23 23:00:00,A,GHG,TOTXMEMONIA,I90,FR,1999,99.7,
ESTAT:SDG_13_10(1.0),13/07/23 23:00:00,A,GHG,TOTXMEMONIA,I90,FR,2000,101.7,
ESTAT:SDG_13_10(1.0),13/07/23 23:00:00,A,GHG,TOTXMEMONIA,I90,FR,2001,100.2,
ESTAT:SDG_13_10(1.0),13/07/23 23:00:00,A,GHG,TOTXMEMONIA,I90,FR,2002,97.2,
ESTAT:SDG_13_10(1.0),13/07/23 23:00:00,A,GHG,TOTXMEMONIA,I90,FR,2003,97.1,
ESTAT:SDG_13_10(1.0),13/07/23 23:00:00,A,GHG,TOTXMEMONIA,I90,FR,2004,96.8,
ESTAT:SDG_13_10(1.0),13/07/23 23:00:00,A,GHG,TOTXMEMONIA,I90,FR,2005,97.1,
ESTAT:SDG_13_10(1.0),13/07/23 23:00:00,A,GHG,TOTXMEMONIA,I90,FR,2006,95.2,
ESTAT:SDG_13_10(1.0),13/07/23 23:00:00,A,GHG,TOTXMEMONIA,I90,FR,2007,93.9,
ESTAT:SDG_13_10(1.0),13/07/23 23:00:00,A,GHG,TOTXMEMONIA,I90,FR,2008,93.0,
ESTAT:SDG_13_10(1.0),13/07/23 23:00:00,A,GHG,TOTXMEMONIA,I90,FR,2009,90.6,
ESTAT:SDG_13_10(1.0),13/07/23 23:00:00,A,GHG,TOTXMEMONIA,I90,FR,2010,90.8,
ESTAT:SDG_13_10(1.0),13/07/23 23:00:00,A,GHG,TOTXMEMONIA,I90,FR,2011,85.9,
ESTAT:SDG_13_10(1.0),13/07/23 23:00:00,A,GHG,TOTXMEMONIA,I90,FR,2012,85.4,
ESTAT:SDG_13_10(1.0),13/07/23 23:00:00,A,GHG,TOTXMEMONIA,I90,FR,2013,85.5,
ESTAT:SDG_13_10(1.0),13/07/23 23:00:00,A,GHG,TOTXMEMONIA,I90,FR,2014,80.3,
ESTAT:SDG_13_10(1.0),13/07/23 23:00:00,A,GHG,TOTXMEMONIA,I90,FR,2015,82.0,
ESTAT:SDG_13_10(1.0),13/07/23 23:00:00,A,GHG,TOTXMEMONIA,I90,FR,2016,83.5,
ESTAT:SDG_13_10(1.0),13/07/23 23:00:00,A,GHG,TOTXMEMONIA,I90,FR,2017,85.9,
ESTAT:SDG_13_10(1.0),13/07/23 23:00:00,A,GHG,TOTXMEMONIA,I90,FR,2018,82.7,
ESTAT:SDG_13_10(1.0),13/07/23 23:00:00,A,GHG,TOTXMEMONIA,I90,FR,2019,81.4,
ESTAT:SDG_13_10(1.0),13/07/23 23:00:00,A,GHG,TOTXMEMONIA,I90,FR,2020,71.4,
ESTAT:SDG_13_10(1.0),13/07/23 23:00:00,A,GHG,TOTXMEMONIA,I90,FR,2021,76.5,
ESTAT:SDG_13_10(1.0),13/07/23 23:00:00,A,GHG,TOTXMEMONIA,I90,HR,1990,100.0,
ESTAT:SDG_13_10(1.0),13/07/23 23:00:00,A,GHG,TOTXMEMONIA,I90,HR,1991,68.0,
ESTAT:SDG_13_10(1.0),13/07/23 23:00:00,A,GHG,TOTXMEMONIA,I90,HR,1992,60.2,
ESTAT:SDG_13_10(1.0),13/07/23 23:00:00,A,GHG,TOTXMEMONIA,I90,HR,1993,59.9,
ESTAT:SDG_13_10(1.0),13/07/23 23:00:00,A,GHG,TOTXMEMONIA,I90,HR,1994,55.6,
ESTAT:SDG_13_10(1.0),13/07/23 23:00:00,A,GHG,TOTXMEMONIA,I90,HR,1995,56.3,
ESTAT:SDG_13_10(1.0),13/07/23 23:00:00,A,GHG,TOTXMEMONIA,I90,HR,1996,59.5,
ESTAT:SDG_13_10(1.0),13/07/23 23:00:00,A,GHG,TOTXMEMONIA,I90,HR,1997,67.2,
ESTAT:SDG_13_10(1.0),13/07/23 23:00:00,A,GHG,TOTXMEMONIA,I90,HR,1998,68.5,
ESTAT:SDG_13_10(1.0),13/07/23 23:00:00,A,GHG,TOTXMEMONIA,I90,HR,1999,70.4,
ESTAT:SDG_13_10(1.0),13/07/23 23:00:00,A,GHG,TOTXMEMONIA,I90,HR,2000,74.7,
ESTAT:SDG_13_10(1.0),13/07/23 23:00:00,A,GHG,TOTXMEMONIA,I90,HR,2001,74.5,
ESTAT:SDG_13_10(1.0),13/07/23 23:00:00,A,GHG,TOTXMEMONIA,I90,HR,2002,77.5,
ESTAT:SDG_13_10(1.0),13/07/23 23:00:00,A,GHG,TOTXMEMONIA,I90,HR,2003,86.4,
ESTAT:SDG_13_10(1.0),13/07/23 23:00:00,A,GHG,TOTXMEMONIA,I90,HR,2004,85.3,
ESTAT:SDG_13_10(1.0),13/07/23 23:00:00,A,GHG,TOTXMEMONIA,I90,HR,2005,86.5,
ESTAT:SDG_13_10(1.0),13/07/23 23:00:00,A,GHG,TOTXMEMONIA,I90,HR,2006,88.8,
ESTAT:SDG_13_10(1.0),13/07/23 23:00:00,A,GHG,TOTXMEMONIA,I90,HR,2007,98.9,
ESTAT:SDG_13_10(1.0),13/07/23 23:00:00,A,GHG,TOTXMEMONIA,I90,HR,2008,94.6,
ESTAT:SDG_13_10(1.0),13/07/23 23:00:00,A,GHG,TOTXMEMONIA,I90,HR,2009,85.4,
ESTAT:SDG_13_10(1.0),13/07/23 23:00:00,A,GHG,TOTXMEMONIA,I90,HR,2010,84.2,
ESTAT:SDG_13_10(1.0),13/07/23 23:00:00,A,GHG,TOTXMEMONIA,I90,HR,2011,88.0,
ESTAT:SDG_13_10(1.0),13/07/23 23:00:00,A,GHG,TOTXMEMONIA,I90,HR,2012,82.9,
ESTAT:SDG_13_10(1.0),13/07/23 23:00:00,A,GHG,TOTXMEMONIA,I90,HR,2013,74.5,
ESTAT:SDG_13_10(1.0),13/07/23 23:00:00,A,GHG,TOTXMEMONIA,I90,HR,2014,72.2,
ESTAT:SDG_13_10(1.0),13/07/23 23:00:00,A,GHG,TOTXMEMONIA,I90,HR,2015,75.2,
ESTAT:SDG_13_10(1.0),13/07/23 23:00:00,A,GHG,TOTXMEMONIA,I90,HR,2016,76.1,
ESTAT:SDG_13_10(1.0),13/07/23 23:00:00,A,GHG,TOTXMEMONIA,I90,HR,2017,82.9,
ESTAT:SDG_13_10(1.0),13/07/23 23:00:00,A,GHG,TOTXMEMONIA,I90,HR,2018,76.7,
ESTAT:SDG_13_10(1.0),13/07/23 23:00:00,A,GHG,TOTXMEMONIA,I90,HR,2019,76.7,
ESTAT:SDG_13_10(1.0),13/07/23 23:00:00,A,GHG,TOTXMEMONIA,I90,HR,2020,71.8,
ESTAT:SDG_13_10(1.0),13/07/23 23:00:00,A,GHG,TOTXMEMONIA,I90,HR,2021,73.9,
ESTAT:SDG_13_10(1.0),13/07/23 23:00:00,A,GHG,TOTXMEMONIA,I90,HU,1990,100.0,
ESTAT:SDG_13_10(1.0),13/07/23 23:00:00,A,GHG,TOTXMEMONIA,I90,HU,1991,94.0,
ESTAT:SDG_13_10(1.0),13/07/23 23:00:00,A,GHG,TOTXMEMONIA,I90,HU,1992,82.7,
ESTAT:SDG_13_10(1.0),13/07/23 23:00:00,A,GHG,TOTXMEMONIA,I90,HU,1993,80.9,
ESTAT:SDG_13_10(1.0),13/07/23 23:00:00,A,GHG,TOTXMEMONIA,I90,HU,1994,79.2,
ESTAT:SDG_13_10(1.0),13/07/23 23:00:00,A,GHG,TOTXMEMONIA,I90,HU,1995,78.0,
ESTAT:SDG_13_10(1.0),13/07/23 23:00:00,A,GHG,TOTXMEMONIA,I90,HU,1996,84.4,
ESTAT:SDG_13_10(1.0),13/07/23 23:00:00,A,GHG,TOTXMEMONIA,I90,HU,1997,82.2,
ESTAT:SDG_13_10(1.0),13/07/23 23:00:00,A,GHG,TOTXMEMONIA,I90,HU,1998,80.5,
ESTAT:SDG_13_10(1.0),13/07/23 23:00:00,A,GHG,TOTXMEMONIA,I90,HU,1999,83.5,
ESTAT:SDG_13_10(1.0),13/07/23 23:00:00,A,GHG,TOTXMEMONIA,I90,HU,2000,81.4,
ESTAT:SDG_13_10(1.0),13/07/23 23:00:00,A,GHG,TOTXMEMONIA,I90,HU,2001,81.5,
ESTAT:SDG_13_10(1.0),13/07/23 23:00:00,A,GHG,TOTXMEMONIA,I90,HU,2002,80.4,
ESTAT:SDG_13_10(1.0),13/07/23 23:00:00,A,GHG,TOTXMEMONIA,I90,HU,2003,80.9,
ESTAT:SDG_13_10(1.0),13/07/23 23:00:00,A,GHG,TOTXMEMONIA,I90,HU,2004,80.8,
ESTAT:SDG_13_10(1.0),13/07/23 23:00:00,A,GHG,TOTXMEMONIA,I90,HU,2005,77.9,
ESTAT:SDG_13_10(1.0),13/07/23 23:00:00,A,GHG,TOTXMEMONIA,I90,HU,2006,78.6,
ESTAT:SDG_13_10(1.0),13/07/23 23:00:00,A,GHG,TOTXMEMONIA,I90,HU,2007,76.5,
ESTAT:SDG_13_10(1.0),13/07/23 23:00:00,A,GHG,TOTXMEMONIA,I90,HU,2008,72.5,
ESTAT:SDG_13_10(1.0),13/07/23 23:00:00,A,GHG,TOTXMEMONIA,I90,HU,2009,67.3,
ESTAT:SDG_13_10(1.0),13/07/23 23:00:00,A,GHG,TOTXMEMONIA,I90,HU,2010,67.8,
ESTAT:SDG_13_10(1.0),13/07/23 23:00:00,A,GHG,TOTXMEMONIA,I90,HU,2011,66.7,
ESTAT:SDG_13_10(1.0),13/07/23 23:00:00,A,GHG,TOTXMEMONIA,I90,HU,2012,62.2,
ESTAT:SDG_13_10(1.0),13/07/23 23:00:00,A,GHG,TOTXMEMONIA,I90,HU,2013,59.8,
ESTAT:SDG_13_10(1.0),13/07/23 23:00:00,A,GHG,TOTXMEMONIA,I90,HU,2014,59.1,
ESTAT:SDG_13_10(1.0),13/07/23 23:00:00,A,GHG,TOTXMEMONIA,I90,HU,2015,61.9,
ESTAT:SDG_13_10(1.0),13/07/23 23:00:00,A,GHG,TOTXMEMONIA,I90,HU,2016,63.7,
ESTAT:SDG_13_10(1.0),13/07/23 23:00:00,A,GHG,TOTXMEMONIA,I90,HU,2017,65.6,
ESTAT:SDG_13_10(1.0),13/07/23 23:00:00,A,GHG,TOTXMEMONIA,I90,HU,2018,66.3,
ESTAT:SDG_13_10(1.0),13/07/23 23:00:00,A,GHG,TOTXMEMONIA,I90,HU,2019,65.4,
ESTAT:SDG_13_10(1.0),13/07/23 23:00:00,A,GHG,TOTXMEMONIA,I90,HU,2020,61.0,
ESTAT:SDG_13_10(1.0),13/07/23 23:00:00,A,GHG,TOTXMEMONIA,I90,HU,2021,62.3,
ESTAT:SDG_13_10(1.0),13/07/23 23:00:00,A,GHG,TOTXMEMONIA,I90,IE,1990,100.0,
ESTAT:SDG_13_10(1.0),13/07/23 23:00:00,A,GHG,TOTXMEMONIA,I90,IE,1991,101.1,
ESTAT:SDG_13_10(1.0),13/07/23 23:00:00,A,GHG,TOTXMEMONIA,I90,IE,1992,100.5,
ESTAT:SDG_13_10(1.0),13/07/23 23:00:00,A,GHG,TOTXMEMONIA,I90,IE,1993,102.4,
ESTAT:SDG_13_10(1.0),13/07/23 23:00:00,A,GHG,TOTXMEMONIA,I90,IE,1994,104.5,
ESTAT:SDG_13_10(1.0),13/07/23 23:00:00,A,GHG,TOTXMEMONIA,I90,IE,1995,108.3,
ESTAT:SDG_13_10(1.0),13/07/23 23:00:00,A,GHG,TOTXMEMONIA,I90,IE,1996,111.1,
ESTAT:SDG_13_10(1.0),13/07/23 23:00:00,A,GHG,TOTXMEMONIA,I90,IE,1997,112.9,
ESTAT:SDG_13_10(1.0),13/07/23 23:00:00,A,GHG,TOTXMEMONIA,I90,IE,1998,116.8,
ESTAT:SDG_13_10(1.0),13/07/23 23:00:00,A,GHG,TOTXMEMONIA,I90,IE,1999,119.3,
ESTAT:SDG_13_10(1.0),13/07/23 23:00:00,A,GHG,TOTXMEMONIA,I90,IE,2000,125.7,
ESTAT:SDG_13_10(1.0),13/07/23 23:00:00,A,GHG,TOTXMEMONIA,I90,IE,2001,131.4,
ESTAT:SDG_13_10(1.0),13/07/23 23:00:00,A,GHG,TOTXMEMONIA,I90,IE,2002,128.5,
ESTAT:SDG_13_10(1.0),13/07/23 23:00:00,A,GHG,TOTXMEMONIA,I90,IE,2003,130.0,
ESTAT:SDG_13_10(1.0),13/07/23 23:00:00,A,GHG,TOTXMEMONIA,I90,IE,2004,126.2,
ESTAT:SDG_13_10(1.0),13/07/23 23:00:00,A,GHG,TOTXMEMONIA,I90,IE,2005,130.3,
ESTAT:SDG_13_10(1.0),13/07/23 23:00:00,A,GHG,TOTXMEMONIA,I90,IE,2006,130.0,
ESTAT:SDG_13_10(1.0),13/07/23 23:00:00,A,GHG,TOTXMEMONIA,I90,IE,2007,126.7,
ESTAT:SDG_13_10(1.0),13/07/23 23:00:00,A,GHG,TOTXMEMONIA,I90,IE,2008,124.8,
ESTAT:SDG_13_10(1.0),13/07/23 23:00:00,A,GHG,TOTXMEMONIA,I90,IE,2009,113.7,
ESTAT:SDG_13_10(1.0),13/07/23 23:00:00,A,GHG,TOTXMEMONIA,I90,IE,2010,115.4,
ESTAT:SDG_13_10(1.0),13/07/23 23:00:00,A,GHG,TOTXMEMONIA,I90,IE,2011,107.0,
ESTAT:SDG_13_10(1.0),13/07/23 23:00:00,A,GHG,TOTXMEMONIA,I90,IE,2012,107.1,
ESTAT:SDG_13_10(1.0),13/07/23 23:00:00,A,GHG,TOTXMEMONIA,I90,IE,2013,108.4,
ESTAT:SDG_13_10(1.0),13/07/23 23:00:00,A,GHG,TOTXMEMONIA,I90,IE,2014,107.3,
ESTAT:SDG_13_10(1.0),13/07/23 23:00:00,A,GHG,TOTXMEMONIA,I90,IE,2015,112.4,
ESTAT:SDG_13_10(1.0),13/07/23 23:00:00,A,GHG,TOTXMEMONIA,I90,IE,2016,114.2,
ESTAT:SDG_13_10(1.0),13/07/23 23:00:00,A,GHG,TOTXMEMONIA,I90,IE,2017,117.8,
ESTAT:SDG_13_10(1.0),13/07/23 23:00:00,A,GHG,TOTXMEMONIA,I90,IE,2018,116.9,
ESTAT:SDG_13_10(1.0),13/07/23 23:00:00,A,GHG,TOTXMEMONIA,I90,IE,2019,113.4,
ESTAT:SDG_13_10(1.0),13/07/23 23:00:00,A,GHG,TOTXMEMONIA,I90,IE,2020,107.3,
ESTAT:SDG_13_10(1.0),13/07/23 23:00:00,A,GHG,TOTXMEMONIA,I90,IE,2021,112.8,
ESTAT:SDG_13_10(1.0),13/07/23 23:00:00,A,GHG,TOTXMEMONIA,I90,IS,1990,100.0,
ESTAT:SDG_13_10(1.0),13/07/23 23:00:00,A,GHG,TOTXMEMONIA,I90,IS,1991,98.6,
ESTAT:SDG_13_10(1.0),13/07/23 23:00:00,A,GHG,TOTXMEMONIA,I90,IS,1992,97.9,
ESTAT:SDG_13_10(1.0),13/07/23 23:00:00,A,GHG,TOTXMEMONIA,I90,IS,1993,98.4,
ESTAT:SDG_13_10(1.0),13/07/23 23:00:00,A,GHG,TOTXMEMONIA,I90,IS,1994,98.0,
ESTAT:SDG_13_10(1.0),13/07/23 23:00:00,A,GHG,TOTXMEMONIA,I90,IS,1995,99.0,
ESTAT:SDG_13_10(1.0),13/07/23 23:00:00,A,GHG,TOTXMEMONIA,I90,IS,1996,99.7,
ESTAT:SDG_13_10(1.0),13/07/23 23:00:00,A,GHG,TOTXMEMONIA,I90,IS,1997,101.0,
ESTAT:SDG_13_10(1.0),13/07/23 23:00:00,A,GHG,TOTXMEMONIA,I90,IS,1998,102.4,
ESTAT:SDG_13_10(1.0),13/07/23 23:00:00,A,GHG,TOTXMEMONIA,I90,IS,1999,104.2,
ESTAT:SDG_13_10(1.0),13/07/23 23:00:00,A,GHG,TOTXMEMONIA,I90,IS,2000,104.9,
ESTAT:SDG_13_10(1.0),13/07/23 23:00:00,A,GHG,TOTXMEMONIA,I90,IS,2001,103.7,
ESTAT:SDG_13_10(1.0),13/07/23 23:00:00,A,GHG,TOTXMEMONIA,I90,IS,2002,104.3,
ESTAT:SDG_13_10(1.0),13/07/23 23:00:00,A,GHG,TOTXMEMONIA,I90,IS,2003,104.2,
ESTAT:SDG_13_10(1.0),13/07/23 23:00:00,A,GHG,TOTXMEMONIA,I90,IS,2004,105.3,
ESTAT:SDG_13_10(1.0),13/07/23 23:00:00,A,GHG,TOTXMEMONIA,I90,IS,2005,104.5,
ESTAT:SDG_13_10(1.0),13/07/23 23:00:00,A,GHG,TOTXMEMONIA,I90,IS,2006,109.7,
ESTAT:SDG_13_10(1.0),13/07/23 23:00:00,A,GHG,TOTXMEMONIA,I90,IS,2007,111.3,
ESTAT:SDG_13_10(1.0),13/07/23 23:00:00,A,GHG,TOTXMEMONIA,I90,IS,2008,113.8,
ESTAT:SDG_13_10(1.0),13/07/23 23:00:00,A,GHG,TOTXMEMONIA,I90,IS,2009,110.9,
ESTAT:SDG_13_10(1.0),13/07/23 23:00:00,A,GHG,TOTXMEMONIA,I90,IS,2010,110.1,
ESTAT:SDG_13_10(1.0),13/07/23 23:00:00,A,GHG,TOTXMEMONIA,I90,IS,2011,108.7,
ESTAT:SDG_13_10(1.0),13/07/23 23:00:00,A,GHG,TOTXMEMONIA,I90,IS,2012,108.8,
ESTAT:SDG_13_10(1.0),13/07/23 23:00:00,A,GHG,TOTXMEMONIA,I90,IS,2013,109.1,
ESTAT:SDG_13_10(1.0),13/07/23 23:00:00,A,GHG,TOTXMEMONIA,I90,IS,2014,109.5,
ESTAT:SDG_13_10(1.0),13/07/23 23:00:00,A,GHG,TOTXMEMONIA,I90,IS,2015,110.7,
ESTAT:SDG_13_10(1.0),13/07/23 23:00:00,A,GHG,TOTXMEMONIA,I90,IS,2016,111.9,
ESTAT:SDG_13_10(1.0),13/07/23 23:00:00,A,GHG,TOTXMEMONIA,I90,IS,2017,113.9,
ESTAT:SDG_13_10(1.0),13/07/23 23:00:00,A,GHG,TOTXMEMONIA,I90,IS,2018,115.3,
ESTAT:SDG_13_10(1.0),13/07/23 23:00:00,A,GHG,TOTXMEMONIA,I90,IS,2019,111.7,
ESTAT:SDG_13_10(1.0),13/07/23 23:00:00,A,GHG,TOTXMEMONIA,I90,IS,2020,105.1,
ESTAT:SDG_13_10(1.0),13/07/23 23:00:00,A,GHG,TOTXMEMONIA,I90,IS,2021,107.1,
ESTAT:SDG_13_10(1.0),13/07/23 23:00:00,A,GHG,TOTXMEMONIA,I90,IT,1990,100.0,
ESTAT:SDG_13_10(1.0),13/07/23 23:00:00,A,GHG,TOTXMEMONIA,I90,IT,1991,97.4,
ESTAT:SDG_13_10(1.0),13/07/23 23:00:00,A,GHG,TOTXMEMONIA,I90,IT,1992,97.7,
ESTAT:SDG_13_10(1.0),13/07/23 23:00:00,A,GHG,TOTXMEMONIA,I90,IT,1993,98.9,
ESTAT:SDG_13_10(1.0),13/07/23 23:00:00,A,GHG,TOTXMEMONIA,I90,IT,1994,95.3,
ESTAT:SDG_13_10(1.0),13/07/23 23:00:00,A,GHG,TOTXMEMONIA,I90,IT,1995,99.1,
ESTAT:SDG_13_10(1.0),13/07/23 23:00:00,A,GHG,TOTXMEMONIA,I90,IT,1996,97.9,
ESTAT:SDG_13_10(1.0),13/07/23 23:00:00,A,GHG,TOTXMEMONIA,I90,IT,1997,101.0,
ESTAT:SDG_13_10(1.0),13/07/23 23:00:00,A,GHG,TOTXMEMONIA,I90,IT,1998,103.9,
ESTAT:SDG_13_10(1.0),13/07/23 23:00:00,A,GHG,TOTXMEMONIA,I90,IT,1999,103.3,
ESTAT:SDG_13_10(1.0),13/07/23 23:00:00,A,GHG,TOTXMEMONIA,I90,IT,2000,104.6,
ESTAT:SDG_13_10(1.0),13/07/23 23:00:00,A,GHG,TOTXMEMONIA,I90,IT,2001,103.0,
ESTAT:SDG_13_10(1.0),13/07/23 23:00:00,A,GHG,TOTXMEMONIA,I90,IT,2002,103.1,
ESTAT:SDG_13_10(1.0),13/07/23 23:00:00,A,GHG,TOTXMEMONIA,I90,IT,2003,108.6,
ESTAT:SDG_13_10(1.0),13/07/23 23:00:00,A,GHG,TOTXMEMONIA,I90,IT,2004,108.5,
ESTAT:SDG_13_10(1.0),13/07/23 23:00:00,A,GHG,TOTXMEMONIA,I90,IT,2005,108.6,
ESTAT:SDG_13_10(1.0),13/07/23 23:00:00,A,GHG,TOTXMEMONIA,I90,IT,2006,106.6,
ESTAT:SDG_13_10(1.0),13/07/23 23:00:00,A,GHG,TOTXMEMONIA,I90,IT,2007,110.1,
ESTAT:SDG_13_10(1.0),13/07/23 23:00:00,A,GHG,TOTXMEMONIA,I90,IT,2008,104.1,
ESTAT:SDG_13_10(1.0),13/07/23 23:00:00,A,GHG,TOTXMEMONIA,I90,IT,2009,92.8,
ESTAT:SDG_13_10(1.0),13/07/23 23:00:00,A,GHG,TOTXMEMONIA,I90,IT,2010,93.9,
ESTAT:SDG_13_10(1.0),13/07/23 23:00:00,A,GHG,TOTXMEMONIA,I90,IT,2011,93.0,
ESTAT:SDG_13_10(1.0),13/07/23 23:00:00,A,GHG,TOTXMEMONIA,I90,IT,2012,91.1,
ESTAT:SDG_13_10(1.0),13/07/23 23:00:00,A,GHG,TOTXMEMONIA,I90,IT,2013,81.2,
ESTAT:SDG_13_10(1.0),13/07/23 23:00:00,A,GHG,TOTXMEMONIA,I90,IT,2014,77.1,
ESTAT:SDG_13_10(1.0),13/07/23 23:00:00,A,GHG,TOTXMEMONIA,I90,IT,2015,78.8,
ESTAT:SDG_13_10(1.0),13/07/23 23:00:00,A,GHG,TOTXMEMONIA,I90,IT,2016,78.5,
ESTAT:SDG_13_10(1.0),13/07/23 23:00:00,A,GHG,TOTXMEMONIA,I90,IT,2017,81.4,
ESTAT:SDG_13_10(1.0),13/07/23 23:00:00,A,GHG,TOTXMEMONIA,I90,IT,2018,76.7,
ESTAT:SDG_13_10(1.0),13/07/23 23:00:00,A,GHG,TOTXMEMONIA,I90,IT,2019,75.2,
ESTAT:SDG_13_10(1.0),13/07/23 23:00:00,A,GHG,TOTXMEMONIA,I90,IT,2020,68.2,
ESTAT:SDG_13_10(1.0),13/07/23 23:00:00,A,GHG,TOTXMEMONIA,I90,IT,2021,75.7,
ESTAT:SDG_13_10(1.0),13/07/23 23:00:00,A,GHG,TOTXMEMONIA,I90,LT,1990,100.0,
ESTAT:SDG_13_10(1.0),13/07/23 23:00:00,A,GHG,TOTXMEMONIA,I90,LT,1991,104.0,
ESTAT:SDG_13_10(1.0),13/07/23 23:00:00,A,GHG,TOTXMEMONIA,I90,LT,1992,59.8,
ESTAT:SDG_13_10(1.0),13/07/23 23:00:00,A,GHG,TOTXMEMONIA,I90,LT,1993,43.2,
ESTAT:SDG_13_10(1.0),13/07/23 23:00:00,A,GHG,TOTXMEMONIA,I90,LT,1994,41.2,
ESTAT:SDG_13_10(1.0),13/07/23 23:00:00,A,GHG,TOTXMEMONIA,I90,LT,1995,41.7,
ESTAT:SDG_13_10(1.0),13/07/23 23:00:00,A,GHG,TOTXMEMONIA,I90,LT,1996,56.8,
ESTAT:SDG_13_10(1.0),13/07/23 23:00:00,A,GHG,TOTXMEMONIA,I90,LT,1997,52.9,
ESTAT:SDG_13_10(1.0),13/07/23 23:00:00,A,GHG,TOTXMEMONIA,I90,LT,1998,37.4,
ESTAT:SDG_13_10(1.0),13/07/23 23:00:00,A,GHG,TOTXMEMONIA,I90,LT,1999,32.4,
ESTAT:SDG_13_10(1.0),13/07/23 23:00:00,A,GHG,TOTXMEMONIA,I90,LT,2000,23.4,
ESTAT:SDG_13_10(1.0),13/07/23 23:00:00,A,GHG,TOTXMEMONIA,I90,LT,2001,30.3,
ESTAT:SDG_13_10(1.0),13/07/23 23:00:00,A,GHG,TOTXMEMONIA,I90,LT,2002,33.3,
ESTAT:SDG_13_10(1.0),13/07/23 23:00:00,A,GHG,TOTXMEMONIA,I90,LT,2003,35.5,
ESTAT:SDG_13_10(1.0),13/07/23 23:00:00,A,GHG,TOTXMEMONIA,I90,LT,2004,38.6,
ESTAT:SDG_13_10(1.0),13/07/23 23:00:00,A,GHG,TOTXMEMONIA,I90,LT,2005,42.7,
ESTAT:SDG_13_10(1.0),13/07/23 23:00:00,A,GHG,TOTXMEMONIA,I90,LT,2006,44.5,
ESTAT:SDG_13_10(1.0),13/07/23 23:00:00,A,GHG,TOTXMEMONIA,I90,LT,2007,45.0,
ESTAT:SDG_13_10(1.0),13/07/23 23:00:00,A,GHG,TOTXMEMONIA,I90,LT,2008,41.3,
ESTAT:SDG_13_10(1.0),13/07/23 23:00:00,A,GHG,TOTXMEMONIA,I90,LT,2009,29.4,
ESTAT:SDG_13_10(1.0),13/07/23 23:00:00,A,GHG,TOTXMEMONIA,I90,LT,2010,24.4,
ESTAT:SDG_13_10(1.0),13/07/23 23:00:00,A,GHG,TOTXMEMONIA,I90,LT,2011,24.9,
ESTAT:SDG_13_10(1.0),13/07/23 23:00:00,A,GHG,TOTXMEMONIA,I90,LT,2012,25.7,
ESTAT:SDG_13_10(1.0),13/07/23 23:00:00,A,GHG,TOTXMEMONIA,I90,LT,2013,24.6,
ESTAT:SDG_13_10(1.0),13/07/23 23:00:00,A,GHG,TOTXMEMONIA,I90,LT,2014,26.2,
ESTAT:SDG_13_10(1.0),13/07/23 23:00:00,A,GHG,TOTXMEMONIA,I90,LT,2015,28.9,
ESTAT:SDG_13_10(1.0),13/07/23 23:00:00,A,GHG,TOTXMEMONIA,I90,LT,2016,31.0,
ESTAT:SDG_13_10(1.0),13/07/23 23:00:00,A,GHG,TOTXMEMONIA,I90,LT,2017,32.7,
ESTAT:SDG_13_10(1.0),13/07/23 23:00:00,A,GHG,TOTXMEMONIA,I90,LT,2018,34.4,
ESTAT:SDG_13_10(1.0),13/07/23 23:00:00,A,GHG,TOTXMEMONIA,I90,LT,2019,34.2,
ESTAT:SDG_13_10(1.0),13/07/23 23:00:00,A,GHG,TOTXMEMONIA,I90,LT,2020,31.8,
ESTAT:SDG_13_10(1.0),13/07/23 23:00:00,A,GHG,TOTXMEMONIA,I90,LT,2021,33.3,
ESTAT:SDG_13_10(1.0),13/07/23 23:00:00,A,GHG,TOTXMEMONIA,I90,LU,1990,100.0,
ESTAT:SDG_13_10(1.0),13/07/23 23:00:00,A,GHG,TOTXMEMONIA,I90,LU,1991,104.4,
ESTAT:SDG_13_10(1.0),13/07/23 23:00:00,A,GHG,TOTXMEMONIA,I90,LU,1992,99.4,
ESTAT:SDG_13_10(1.0),13/07/23 23:00:00,A,GHG,TOTXMEMONIA,I90,LU,1993,99.7,
ESTAT:SDG_13_10(1.0),13/07/23 23:00:00,A,GHG,TOTXMEMONIA,I90,LU,1994,95.3,
ESTAT:SDG_13_10(1.0),13/07/23 23:00:00,A,GHG,TOTXMEMONIA,I90,LU,1995,77.1,
ESTAT:SDG_13_10(1.0),13/07/23 23:00:00,A,GHG,TOTXMEMONIA,I90,LU,1996,77.7,
ESTAT:SDG_13_10(1.0),13/07/23 23:00:00,A,GHG,TOTXMEMONIA,I90,LU,1997,73.1,
ESTAT:SDG_13_10(1.0),13/07/23 23:00:00,A,GHG,TOTXMEMONIA,I90,LU,1998,68.2,
ESTAT:SDG_13_10(1.0),13/07/23 23:00:00,A,GHG,TOTXMEMONIA,I90,LU,1999,72.1,
ESTAT:SDG_13_10(1.0),13/07/23 23:00:00,A,GHG,TOTXMEMONIA,I90,LU,2000,76.1,
ESTAT:SDG_13_10(1.0),13/07/23 23:00:00,A,GHG,TOTXMEMONIA,I90,LU,2001,80.7,
ESTAT:SDG_13_10(1.0),13/07/23 23:00:00,A,GHG,TOTXMEMONIA,I90,LU,2002,87.3,
ESTAT:SDG_13_10(1.0),13/07/23 23:00:00,A,GHG,TOTXMEMONIA,I90,LU,2003,91.3,
ESTAT:SDG_13_10(1.0),13/07/23 23:00:00,A,GHG,TOTXMEMONIA,I90,LU,2004,102.2,
ESTAT:SDG_13_10(1.0),13/07/23 23:00:00,A,GHG,TOTXMEMONIA,I90,LU,2005,104.6,
ESTAT:SDG_13_10(1.0),13/07/23 23:00:00,A,GHG,TOTXMEMONIA,I90,LU,2006,103.3,
ESTAT:SDG_13_10(1.0),13/07/23 23:00:00,A,GHG,TOTXMEMONIA,I90,LU,2007,100.2,
ESTAT:SDG_13_10(1.0),13/07/23 23:00:00,A,GHG,TOTXMEMONIA,I90,LU,2008,99.3,
ESTAT:SDG_13_10(1.0),13/07/23 23:00:00,A,GHG,TOTXMEMONIA,I90,LU,2009,94.7,
ESTAT:SDG_13_10(1.0),13/07/23 23:00:00,A,GHG,TOTXMEMONIA,I90,LU,2010,101.0,
ESTAT:SDG_13_10(1.0),13/07/23 23:00:00,A,GHG,TOTXMEMONIA,I90,LU,2011,98.7,
ESTAT:SDG_13_10(1.0),13/07/23 23:00:00,A,GHG,TOTXMEMONIA,I90,LU,2012,95.7,
ESTAT:SDG_13_10(1.0),13/07/23 23:00:00,A,GHG,TOTXMEMONIA,I90,LU,2013,90.6,
ESTAT:SDG_13_10(1.0),13/07/23 23:00:00,A,GHG,TOTXMEMONIA,I90,LU,2014,88.3,
ESTAT:SDG_13_10(1.0),13/07/23 23:00:00,A,GHG,TOTXMEMONIA,I90,LU,2015,86.3,
ESTAT:SDG_13_10(1.0),13/07/23 23:00:00,A,GHG,TOTXMEMONIA,I90,LU,2016,84.9,
ESTAT:SDG_13_10(1.0),13/07/23 23:00:00,A,GHG,TOTXMEMONIA,I90,LU,2017,88.5,
ESTAT:SDG_13_10(1.0),13/07/23 23:00:00,A,GHG,TOTXMEMONIA,I90,LU,2018,92.7,
ESTAT:SDG_13_10(1.0),13/07/23 23:00:00,A,GHG,TOTXMEMONIA,I90,LU,2019,92.8,
ESTAT:SDG_13_10(1.0),13/07/23 23:00:00,A,GHG,TOTXMEMONIA,I90,LU,2020,77.9,
ESTAT:SDG_13_10(1.0),13/07/23 23:00:00,A,GHG,TOTXMEMONIA,I90,LU,2021,81.2,
ESTAT:SDG_13_10(1.0),13/07/23 23:00:00,A,GHG,TOTXMEMONIA,I90,LV,1990,100.0,
ESTAT:SDG_13_10(1.0),13/07/23 23:00:00,A,GHG,TOTXMEMONIA,I90,LV,1991,83.9,
ESTAT:SDG_13_10(1.0),13/07/23 23:00:00,A,GHG,TOTXMEMONIA,I90,LV,1992,45.2,
ESTAT:SDG_13_10(1.0),13/07/23 23:00:00,A,GHG,TOTXMEMONIA,I90,LV,1993,21.2,
ESTAT:SDG_13_10(1.0),13/07/23 23:00:00,A,GHG,TOTXMEMONIA,I90,LV,1994,-13.7,
ESTAT:SDG_13_10(1.0),13/07/23 23:00:00,A,GHG,TOTXMEMONIA,I90,LV,1995,-15.4,
ESTAT:SDG_13_10(1.0),13/07/23 23:00:00,A,GHG,TOTXMEMONIA,I90,LV,1996,-16.1,
ESTAT:SDG_13_10(1.0),13/07/23 23:00:00,A,GHG,TOTXMEMONIA,I90,LV,1997,-7.4,
ESTAT:SDG_13_10(1.0),13/07/23 23:00:00,A,GHG,TOTXMEMONIA,I90,LV,1998,-4.3,
ESTAT:SDG_13_10(1.0),13/07/23 23:00:00,A,GHG,TOTXMEMONIA,I90,LV,1999,16.6,
ESTAT:SDG_13_10(1.0),13/07/23 23:00:00,A,GHG,TOTXMEMONIA,I90,LV,2000,-11.4,
ESTAT:SDG_13_10(1.0),13/07/23 23:00:00,A,GHG,TOTXMEMONIA,I90,LV,2001,-10.8,
ESTAT:SDG_13_10(1.0),13/07/23 23:00:00,A,GHG,TOTXMEMONIA,I90,LV,2002,1.4,
ESTAT:SDG_13_10(1.0),13/07/23 23:00:00,A,GHG,TOTXMEMONIA,I90,LV,2003,6.0,
ESTAT:SDG_13_10(1.0),13/07/23 23:00:00,A,GHG,TOTXMEMONIA,I90,LV,2004,32.5,
ESTAT:SDG_13_10(1.0),13/07/23 23:00:00,A,GHG,TOTXMEMONIA,I90,LV,2005,37.8,
ESTAT:SDG_13_10(1.0),13/07/23 23:00:00,A,GHG,TOTXMEMONIA,I90,LV,2006,35.7,
ESTAT:SDG_13_10(1.0),13/07/23 23:00:00,A,GHG,TOTXMEMONIA,I90,LV,2007,42.3,
ESTAT:SDG_13_10(1.0),13/07/23 23:00:00,A,GHG,TOTXMEMONIA,I90,LV,2008,36.6,
ESTAT:SDG_13_10(1.0),13/07/23 23:00:00,A,GHG,TOTXMEMONIA,I90,LV,2009,52.6,
ESTAT:SDG_13_10(1.0),13/07/23 23:00:00,A,GHG,TOTXMEMONIA,I90,LV,2010,73.4,
ESTAT:SDG_13_10(1.0),13/07/23 23:00:00,A,GHG,TOTXMEMONIA,I90,LV,2011,64.8,
ESTAT:SDG_13_10(1.0),13/07/23 23:00:00,A,GHG,TOTXMEMONIA,I90,LV,2012,53.8,
ESTAT:SDG_13_10(1.0),13/07/23 23:00:00,A,GHG,TOTXMEMONIA,I90,LV,2013,62.6,
ESTAT:SDG_13_10(1.0),13/07/23 23:00:00,A,GHG,TOTXMEMONIA,I90,LV,2014,89.8,
ESTAT:SDG_13_10(1.0),13/07/23 23:00:00,A,GHG,TOTXMEMONIA,I90,LV,2015,81.0,
ESTAT:SDG_13_10(1.0),13/07/23 23:00:00,A,GHG,TOTXMEMONIA,I90,LV,2016,68.2,
ESTAT:SDG_13_10(1.0),13/07/23 23:00:00,A,GHG,TOTXMEMONIA,I90,LV,2017,58.4,
ESTAT:SDG_13_10(1.0),13/07/23 23:00:00,A,GHG,TOTXMEMONIA,I90,LV,2018,80.2,
ESTAT:SDG_13_10(1.0),13/07/23 23:00:00,A,GHG,TOTXMEMONIA,I90,LV,2019,67.2,
ESTAT:SDG_13_10(1.0),13/07/23 23:00:00,A,GHG,TOTXMEMONIA,I90,LV,2020,82.6,
ESTAT:SDG_13_10(1.0),13/07/23 23:00:00,A,GHG,TOTXMEMONIA,I90,LV,2021,96.2,
ESTAT:SDG_13_10(1.0),13/07/23 23:00:00,A,GHG,TOTXMEMONIA,I90,MT,1990,100.0,
ESTAT:SDG_13_10(1.0),13/07/23 23:00:00,A,GHG,TOTXMEMONIA,I90,MT,1991,94.4,
ESTAT:SDG_13_10(1.0),13/07/23 23:00:00,A,GHG,TOTXMEMONIA,I90,MT,1992,97.8,
ESTAT:SDG_13_10(1.0),13/07/23 23:00:00,A,GHG,TOTXMEMONIA,I90,MT,1993,119.4,
ESTAT:SDG_13_10(1.0),13/07/23 23:00:00,A,GHG,TOTXMEMONIA,I90,MT,1994,113.6,
ESTAT:SDG_13_10(1.0),13/07/23 23:00:00,A,GHG,TOTXMEMONIA,I90,MT,1995,107.2,
ESTAT:SDG_13_10(1.0),13/07/23 23:00:00,A,GHG,TOTXMEMONIA,I90,MT,1996,110.3,
ESTAT:SDG_13_10(1.0),13/07/23 23:00:00,A,GHG,TOTXMEMONIA,I90,MT,1997,112.0,
ESTAT:SDG_13_10(1.0),13/07/23 23:00:00,A,GHG,TOTXMEMONIA,I90,MT,1998,110.6,
ESTAT:SDG_13_10(1.0),13/07/23 23:00:00,A,GHG,TOTXMEMONIA,I90,MT,1999,112.9,
ESTAT:SDG_13_10(1.0),13/07/23 23:00:00,A,GHG,TOTXMEMONIA,I90,MT,2000,109.1,
ESTAT:SDG_13_10(1.0),13/07/23 23:00:00,A,GHG,TOTXMEMONIA,I90,MT,2001,117.2,
ESTAT:SDG_13_10(1.0),13/07/23 23:00:00,A,GHG,TOTXMEMONIA,I90,MT,2002,118.0,
ESTAT:SDG_13_10(1.0),13/07/23 23:00:00,A,GHG,TOTXMEMONIA,I90,MT,2003,125.9,
ESTAT:SDG_13_10(1.0),13/07/23 23:00:00,A,GHG,TOTXMEMONIA,I90,MT,2004,122.1,
ESTAT:SDG_13_10(1.0),13/07/23 23:00:00,A,GHG,TOTXMEMONIA,I90,MT,2005,115.9,
ESTAT:SDG_13_10(1.0),13/07/23 23:00:00,A,GHG,TOTXMEMONIA,I90,MT,2006,117.6,
ESTAT:SDG_13_10(1.0),13/07/23 23:00:00,A,GHG,TOTXMEMONIA,I90,MT,2007,121.3,
ESTAT:SDG_13_10(1.0),13/07/23 23:00:00,A,GHG,TOTXMEMONIA,I90,MT,2008,117.8,
ESTAT:SDG_13_10(1.0),13/07/23 23:00:00,A,GHG,TOTXMEMONIA,I90,MT,2009,112.4,
ESTAT:SDG_13_10(1.0),13/07/23 23:00:00,A,GHG,TOTXMEMONIA,I90,MT,2010,116.0,
ESTAT:SDG_13_10(1.0),13/07/23 23:00:00,A,GHG,TOTXMEMONIA,I90,MT,2011,115.9,
ESTAT:SDG_13_10(1.0),13/07/23 23:00:00,A,GHG,TOTXMEMONIA,I90,MT,2012,121.6,
ESTAT:SDG_13_10(1.0),13/07/23 23:00:00,A,GHG,TOTXMEMONIA,I90,MT,2013,110.9,
ESTAT:SDG_13_10(1.0),13/07/23 23:00:00,A,GHG,TOTXMEMONIA,I90,MT,2014,111.7,
ESTAT:SDG_13_10(1.0),13/07/23 23:00:00,A,GHG,TOTXMEMONIA,I90,MT,2015,88.3,
ESTAT:SDG_13_10(1.0),13/07/23 23:00:00,A,GHG,TOTXMEMONIA,I90,MT,2016,79.5,
ESTAT:SDG_13_10(1.0),13/07/23 23:00:00,A,GHG,TOTXMEMONIA,I90,MT,2017,87.3,
ESTAT:SDG_13_10(1.0),13/07/23 23:00:00,A,GHG,TOTXMEMONIA,I90,MT,2018,89.2,
ESTAT:SDG_13_10(1.0),13/07/23 23:00:00,A,GHG,TOTXMEMONIA,I90,MT,2019,94.7,
ESTAT:SDG_13_10(1.0),13/07/23 23:00:00,A,GHG,TOTXMEMONIA,I90,MT,2020,82.2,
ESTAT:SDG_13_10(1.0),13/07/23 23:00:00,A,GHG,TOTXMEMONIA,I90,MT,2021,84.6,
ESTAT:SDG_13_10(1.0),13/07/23 23:00:00,A,GHG,TOTXMEMONIA,I90,NL,1990,100.0,
ESTAT:SDG_13_10(1.0),13/07/23 23:00:00,A,GHG,TOTXMEMONIA,I90,NL,1991,103.5,
ESTAT:SDG_13_10(1.0),13/07/23 23:00:00,A,GHG,TOTXMEMONIA,I90,NL,1992,104.0,
ESTAT:SDG_13_10(1.0),13/07/23 23:00:00,A,GHG,TOTXMEMONIA,I90,NL,1993,104.4,
ESTAT:SDG_13_10(1.0),13/07/23 23:00:00,A,GHG,TOTXMEMONIA,I90,NL,1994,104.8,
ESTAT:SDG_13_10(1.0),13/07/23 23:00:00,A,GHG,TOTXMEMONIA,I90,NL,1995,105.2,
ESTAT:SDG_13_10(1.0),13/07/23 23:00:00,A,GHG,TOTXMEMONIA,I90,NL,1996,109.8,
ESTAT:SDG_13_10(1.0),13/07/23 23:00:00,A,GHG,TOTXMEMONIA,I90,NL,1997,106.5,
ESTAT:SDG_13_10(1.0),13/07/23 23:00:00,A,GHG,TOTXMEMONIA,I90,NL,1998,106.8,
ESTAT:SDG_13_10(1.0),13/07/23 23:00:00,A,GHG,TOTXMEMONIA,I90,NL,1999,101.6,
ESTAT:SDG_13_10(1.0),13/07/23 23:00:00,A,GHG,TOTXMEMONIA,I90,NL,2000,100.9,
ESTAT:SDG_13_10(1.0),13/07/23 23:00:00,A,GHG,TOTXMEMONIA,I90,NL,2001,101.3,
ESTAT:SDG_13_10(1.0),13/07/23 23:00:00,A,GHG,TOTXMEMONIA,I90,NL,2002,100.4,
ESTAT:SDG_13_10(1.0),13/07/23 23:00:00,A,GHG,TOTXMEMONIA,I90,NL,2003,100.8,
ESTAT:SDG_13_10(1.0),13/07/23 23:00:00,A,GHG,TOTXMEMONIA,I90,NL,2004,101.7,
ESTAT:SDG_13_10(1.0),13/07/23 23:00:00,A,GHG,TOTXMEMONIA,I90,NL,2005,99.3,
ESTAT:SDG_13_10(1.0),13/07/23 23:00:00,A,GHG,TOTXMEMONIA,I90,NL,2006,97.1,
ESTAT:SDG_13_10(1.0),13/07/23 23:00:00,A,GHG,TOTXMEMONIA,I90,NL,2007,96.4,
ESTAT:SDG_13_10(1.0),13/07/23 23:00:00,A,GHG,TOTXMEMONIA,I90,NL,2008,96.4,
ESTAT:SDG_13_10(1.0),13/07/23 23:00:00,A,GHG,TOTXMEMONIA,I90,NL,2009,93.6,
ESTAT:SDG_13_10(1.0),13/07/23 23:00:00,A,GHG,TOTXMEMONIA,I90,NL,2010,98.5,
ESTAT:SDG_13_10(1.0),13/07/23 23:00:00,A,GHG,TOTXMEMONIA,I90,NL,2011,92.8,
ESTAT:SDG_13_10(1.0),13/07/23 23:00:00,A,GHG,TOTXMEMONIA,I90,NL,2012,90.9,
ESTAT:SDG_13_10(1.0),13/07/23 23:00:00,A,GHG,TOTXMEMONIA,I90,NL,2013,90.7,
ESTAT:SDG_13_10(1.0),13/07/23 23:00:00,A,GHG,TOTXMEMONIA,I90,NL,2014,87.3,
ESTAT:SDG_13_10(1.0),13/07/23 23:00:00,A,GHG,TOTXMEMONIA,I90,NL,2015,90.5,
ESTAT:SDG_13_10(1.0),13/07/23 23:00:00,A,GHG,TOTXMEMONIA,I90,NL,2016,90.8,
ESTAT:SDG_13_10(1.0),13/07/23 23:00:00,A,GHG,TOTXMEMONIA,I90,NL,2017,89.3,
ESTAT:SDG_13_10(1.0),13/07/23 23:00:00,A,GHG,TOTXMEMONIA,I90,NL,2018,87.2,
ESTAT:SDG_13_10(1.0),13/07/23 23:00:00,A,GHG,TOTXMEMONIA,I90,NL,2019,84.6,
ESTAT:SDG_13_10(1.0),13/07/23 23:00:00,A,GHG,TOTXMEMONIA,I90,NL,2020,75.2,
ESTAT:SDG_13_10(1.0),13/07/23 23:00:00,A,GHG,TOTXMEMONIA,I90,NL,2021,76.8,
ESTAT:SDG_13_10(1.0),13/07/23 23:00:00,A,GHG,TOTXMEMONIA,I90,NO,1990,100.0,
ESTAT:SDG_13_10(1.0),13/07/23 23:00:00,A,GHG,TOTXMEMONIA,I90,NO,1991,90.0,
ESTAT:SDG_13_10(1.0),13/07/23 23:00:00,A,GHG,TOTXMEMONIA,I90,NO,1992,87.9,
ESTAT:SDG_13_10(1.0),13/07/23 23:00:00,A,GHG,TOTXMEMONIA,I90,NO,1993,88.9,
ESTAT:SDG_13_10(1.0),13/07/23 23:00:00,A,GHG,TOTXMEMONIA,I90,NO,1994,98.4,
ESTAT:SDG_13_10(1.0),13/07/23 23:00:00,A,GHG,TOTXMEMONIA,I90,NO,1995,89.2,
ESTAT:SDG_13_10(1.0),13/07/23 23:00:00,A,GHG,TOTXMEMONIA,I90,NO,1996,98.1,
ESTAT:SDG_13_10(1.0),13/07/23 23:00:00,A,GHG,TOTXMEMONIA,I90,NO,1997,100.8,
ESTAT:SDG_13_10(1.0),13/07/23 23:00:00,A,GHG,TOTXMEMONIA,I90,NO,1998,95.1,
ESTAT:SDG_13_10(1.0),13/07/23 23:00:00,A,GHG,TOTXMEMONIA,I90,NO,1999,93.9,
ESTAT:SDG_13_10(1.0),13/07/23 23:00:00,A,GHG,TOTXMEMONIA,I90,NO,2000,88.5,
ESTAT:SDG_13_10(1.0),13/07/23 23:00:00,A,GHG,TOTXMEMONIA,I90,NO,2001,86.7,
ESTAT:SDG_13_10(1.0),13/07/23 23:00:00,A,GHG,TOTXMEMONIA,I90,NO,2002,81.0,
ESTAT:SDG_13_10(1.0),13/07/23 23:00:00,A,GHG,TOTXMEMONIA,I90,NO,2003,78.8,
ESTAT:SDG_13_10(1.0),13/07/23 23:00:00,A,GHG,TOTXMEMONIA,I90,NO,2004,80.6,
ESTAT:SDG_13_10(1.0),13/07/23 23:00:00,A,GHG,TOTXMEMONIA,I90,NO,2005,84.5,
ESTAT:SDG_13_10(1.0),13/07/23 23:00:00,A,GHG,TOTXMEMONIA,I90,NO,2006,80.2,
ESTAT:SDG_13_10(1.0),13/07/23 23:00:00,A,GHG,TOTXMEMONIA,I90,NO,2007,84.0,
ESTAT:SDG_13_10(1.0),13/07/23 23:00:00,A,GHG,TOTXMEMONIA,I90,NO,2008,77.3,
ESTAT:SDG_13_10(1.0),13/07/23 23:00:00,A,GHG,TOTXMEMONIA,I90,NO,2009,63.4,
ESTAT:SDG_13_10(1.0),13/07/23 23:00:00,A,GHG,TOTXMEMONIA,I90,NO,2010,77.6,
ESTAT:SDG_13_10(1.0),13/07/23 23:00:00,A,GHG,TOTXMEMONIA,I90,NO,2011,72.4,
ESTAT:SDG_13_10(1.0),13/07/23 23:00:00,A,GHG,TOTXMEMONIA,I90,NO,2012,80.2,
ESTAT:SDG_13_10(1.0),13/07/23 23:00:00,A,GHG,TOTXMEMONIA,I90,NO,2013,79.7,
ESTAT:SDG_13_10(1.0),13/07/23 23:00:00,A,GHG,TOTXMEMONIA,I90,NO,2014,89.6,
ESTAT:SDG_13_10(1.0),13/07/23 23:00:00,A,GHG,TOTXMEMONIA,I90,NO,2015,102.0,
ESTAT:SDG_13_10(1.0),13/07/23 23:00:00,A,GHG,TOTXMEMONIA,I90,NO,2016,99.8,
ESTAT:SDG_13_10(1.0),13/07/23 23:00:00,A,GHG,TOTXMEMONIA,I90,NO,2017,100.2,
ESTAT:SDG_13_10(1.0),13/07/23 23:00:00,A,GHG,TOTXMEMONIA,I90,NO,2018,98.5,
ESTAT:SDG_13_10(1.0),13/07/23 23:00:00,A,GHG,TOTXMEMONIA,I90,NO,2019,89.5,
ESTAT:SDG_13_10(1.0),13/07/23 23:00:00,A,GHG,TOTXMEMONIA,I90,NO,2020,73.3,
ESTAT:SDG_13_10(1.0),13/07/23 23:00:00,A,GHG,TOTXMEMONIA,I90,NO,2021,81.1,
ESTAT:SDG_13_10(1.0),13/07/23 23:00:00,A,GHG,TOTXMEMONIA,I90,PL,1990,100.0,
ESTAT:SDG_13_10(1.0),13/07/23 23:00:00,A,GHG,TOTXMEMONIA,I90,PL,1991,99.1,
ESTAT:SDG_13_10(1.0),13/07/23 23:00:00,A,GHG,TOTXMEMONIA,I90,PL,1992,101.1,
ESTAT:SDG_13_10(1.0),13/07/23 23:00:00,A,GHG,TOTXMEMONIA,I90,PL,1993,99.4,
ESTAT:SDG_13_10(1.0),13/07/23 23:00:00,A,GHG,TOTXMEMONIA,I90,PL,1994,98.1,
ESTAT:SDG_13_10(1.0),13/07/23 23:00:00,A,GHG,TOTXMEMONIA,I90,PL,1995,96.2,
ESTAT:SDG_13_10(1.0),13/07/23 23:00:00,A,GHG,TOTXMEMONIA,I90,PL,1996,95.4,
ESTAT:SDG_13_10(1.0),13/07/23 23:00:00,A,GHG,TOTXMEMONIA,I90,PL,1997,93.1,
ESTAT:SDG_13_10(1.0),13/07/23 23:00:00,A,GHG,TOTXMEMONIA,I90,PL,1998,85.0,
ESTAT:SDG_13_10(1.0),13/07/23 23:00:00,A,GHG,TOTXMEMONIA,I90,PL,1999,83.0,
ESTAT:SDG_13_10(1.0),13/07/23 23:00:00,A,GHG,TOTXMEMONIA,I90,PL,2000,80.7,
ESTAT:SDG_13_10(1.0),13/07/23 23:00:00,A,GHG,TOTXMEMONIA,I90,PL,2001,82.1,
ESTAT:SDG_13_10(1.0),13/07/23 23:00:00,A,GHG,TOTXMEMONIA,I90,PL,2002,77.9,
ESTAT:SDG_13_10(1.0),13/07/23 23:00:00,A,GHG,TOTXMEMONIA,I90,PL,2003,80.4,
ESTAT:SDG_13_10(1.0),13/07/23 23:00:00,A,GHG,TOTXMEMONIA,I90,PL,2004,79.1,
ESTAT:SDG_13_10(1.0),13/07/23 23:00:00,A,GHG,TOTXMEMONIA,I90,PL,2005,79.2,
ESTAT:SDG_13_10(1.0),13/07/23 23:00:00,A,GHG,TOTXMEMONIA,I90,PL,2006,83.9,
ESTAT:SDG_13_10(1.0),13/07/23 23:00:00,A,GHG,TOTXMEMONIA,I90,PL,2007,85.3,
ESTAT:SDG_13_10(1.0),13/07/23 23:00:00,A,GHG,TOTXMEMONIA,I90,PL,2008,84.0,
ESTAT:SDG_13_10(1.0),13/07/23 23:00:00,A,GHG,TOTXMEMONIA,I90,PL,2009,79.9,
ESTAT:SDG_13_10(1.0),13/07/23 23:00:00,A,GHG,TOTXMEMONIA,I90,PL,2010,84.2,
ESTAT:SDG_13_10(1.0),13/07/23 23:00:00,A,GHG,TOTXMEMONIA,I90,PL,2011,82.6,
ESTAT:SDG_13_10(1.0),13/07/23 23:00:00,A,GHG,TOTXMEMONIA,I90,PL,2012,80.8,
ESTAT:SDG_13_10(1.0),13/07/23 23:00:00,A,GHG,TOTXMEMONIA,I90,PL,2013,79.4,
ESTAT:SDG_13_10(1.0),13/07/23 23:00:00,A,GHG,TOTXMEMONIA,I90,PL,2014,78.3,
ESTAT:SDG_13_10(1.0),13/07/23 23:00:00,A,GHG,TOTXMEMONIA,I90,PL,2015,79.8,
ESTAT:SDG_13_10(1.0),13/07/23 23:00:00,A,GHG,TOTXMEMONIA,I90,PL,2016,80.7,
ESTAT:SDG_13_10(1.0),13/07/23 23:00:00,A,GHG,TOTXMEMONIA,I90,PL,2017,83.8,
ESTAT:SDG_13_10(1.0),13/07/23 23:00:00,A,GHG,TOTXMEMONIA,I90,PL,2018,84.1,
ESTAT:SDG_13_10(1.0),13/07/23 23:00:00,A,GHG,TOTXMEMONIA,I90,PL,2019,83.2,
ESTAT:SDG_13_10(1.0),13/07/23 23:00:00,A,GHG,TOTXMEMONIA,I90,PL,2020,79.3,
ESTAT:SDG_13_10(1.0),13/07/23 23:00:00,A,GHG,TOTXMEMONIA,I90,PL,2021,85.5,
ESTAT:SDG_13_10(1.0),13/07/23 23:00:00,A,GHG,TOTXMEMONIA,I90,PT,1990,100.0,
ESTAT:SDG_13_10(1.0),13/07/23 23:00:00,A,GHG,TOTXMEMONIA,I90,PT,1991,89.1,
ESTAT:SDG_13_10(1.0),13/07/23 23:00:00,A,GHG,TOTXMEMONIA,I90,PT,1992,85.2,
ESTAT:SDG_13_10(1.0),13/07/23 23:00:00,A,GHG,TOTXMEMONIA,I90,PT,1993,81.6,
ESTAT:SDG_13_10(1.0),13/07/23 23:00:00,A,GHG,TOTXMEMONIA,I90,PT,1994,84.3,
ESTAT:SDG_13_10(1.0),13/07/23 23:00:00,A,GHG,TOTXMEMONIA,I90,PT,1995,89.3,
ESTAT:SDG_13_10(1.0),13/07/23 23:00:00,A,GHG,TOTXMEMONIA,I90,PT,1996,87.6,
ESTAT:SDG_13_10(1.0),13/07/23 23:00:00,A,GHG,TOTXMEMONIA,I90,PT,1997,90.8,
ESTAT:SDG_13_10(1.0),13/07/23 23:00:00,A,GHG,TOTXMEMONIA,I90,PT,1998,98.6,
ESTAT:SDG_13_10(1.0),13/07/23 23:00:00,A,GHG,TOTXMEMONIA,I90,PT,1999,110.1,
ESTAT:SDG_13_10(1.0),13/07/23 23:00:00,A,GHG,TOTXMEMONIA,I90,PT,2000,121.0,
ESTAT:SDG_13_10(1.0),13/07/23 23:00:00,A,GHG,TOTXMEMONIA,I90,PT,2001,111.0,
ESTAT:SDG_13_10(1.0),13/07/23 23:00:00,A,GHG,TOTXMEMONIA,I90,PT,2002,118.0,
ESTAT:SDG_13_10(1.0),13/07/23 23:00:00,A,GHG,TOTXMEMONIA,I90,PT,2003,129.7,
ESTAT:SDG_13_10(1.0),13/07/23 23:00:00,A,GHG,TOTXMEMONIA,I90,PT,2004,121.0,
ESTAT:SDG_13_10(1.0),13/07/23 23:00:00,A,GHG,TOTXMEMONIA,I90,PT,2005,135.5,
ESTAT:SDG_13_10(1.0),13/07/23 23:00:00,A,GHG,TOTXMEMONIA,I90,PT,2006,120.7,
ESTAT:SDG_13_10(1.0),13/07/23 23:00:00,A,GHG,TOTXMEMONIA,I90,PT,2007,115.2,
ESTAT:SDG_13_10(1.0),13/07/23 23:00:00,A,GHG,TOTXMEMONIA,I90,PT,2008,103.0,
ESTAT:SDG_13_10(1.0),13/07/23 23:00:00,A,GHG,TOTXMEMONIA,I90,PT,2009,96.8,
ESTAT:SDG_13_10(1.0),13/07/23 23:00:00,A,GHG,TOTXMEMONIA,I90,PT,2010,96.4,
ESTAT:SDG_13_10(1.0),13/07/23 23:00:00,A,GHG,TOTXMEMONIA,I90,PT,2011,99.5,
ESTAT:SDG_13_10(1.0),13/07/23 23:00:00,A,GHG,TOTXMEMONIA,I90,PT,2012,99.4,
ESTAT:SDG_13_10(1.0),13/07/23 23:00:00,A,GHG,TOTXMEMONIA,I90,PT,2013,98.4,
ESTAT:SDG_13_10(1.0),13/07/23 23:00:00,A,GHG,TOTXMEMONIA,I90,PT,2014,91.0,
ESTAT:SDG_13_10(1.0),13/07/23 23:00:00,A,GHG,TOTXMEMONIA,I90,PT,2015,99.2,
ESTAT:SDG_13_10(1.0),13/07/23 23:00:00,A,GHG,TOTXMEMONIA,I90,PT,2016,104.0,
ESTAT:SDG_13_10(1.0),13/07/23 23:00:00,A,GHG,TOTXMEMONIA,I90,PT,2017,142.0,
ESTAT:SDG_13_10(1.0),13/07/23 23:00:00,A,GHG,TOTXMEMONIA,I90,PT,2018,100.5,
ESTAT:SDG_13_10(1.0),13/07/23 23:00:00,A,GHG,TOTXMEMONIA,I90,PT,2019,94.0,
ESTAT:SDG_13_10(1.0),13/07/23 23:00:00,A,GHG,TOTXMEMONIA,I90,PT,2020,80.6,
ESTAT:SDG_13_10(1.0),13/07/23 23:00:00,A,GHG,TOTXMEMONIA,I90,PT,2021,77.0,
ESTAT:SDG_13_10(1.0),13/07/23 23:00:00,A,GHG,TOTXMEMONIA,I90,RO,1990,100.0,
ESTAT:SDG_13_10(1.0),13/07/23 23:00:00,A,GHG,TOTXMEMONIA,I90,RO,1991,79.3,
ESTAT:SDG_13_10(1.0),13/07/23 23:00:00,A,GHG,TOTXMEMONIA,I90,RO,1992,72.0,
ESTAT:SDG_13_10(1.0),13/07/23 23:00:00,A,GHG,TOTXMEMONIA,I90,RO,1993,66.9,
ESTAT:SDG_13_10(1.0),13/07/23 23:00:00,A,GHG,TOTXMEMONIA,I90,RO,1994,65.8,
ESTAT:SDG_13_10(1.0),13/07/23 23:00:00,A,GHG,TOTXMEMONIA,I90,RO,1995,69.0,
ESTAT:SDG_13_10(1.0),13/07/23 23:00:00,A,GHG,TOTXMEMONIA,I90,RO,1996,70.5,
ESTAT:SDG_13_10(1.0),13/07/23 23:00:00,A,GHG,TOTXMEMONIA,I90,RO,1997,67.4,
ESTAT:SDG_13_10(1.0),13/07/23 23:00:00,A,GHG,TOTXMEMONIA,I90,RO,1998,59.0,
ESTAT:SDG_13_10(1.0),13/07/23 23:00:00,A,GHG,TOTXMEMONIA,I90,RO,1999,51.4,
ESTAT:SDG_13_10(1.0),13/07/23 23:00:00,A,GHG,TOTXMEMONIA,I90,RO,2000,47.9,
ESTAT:SDG_13_10(1.0),13/07/23 23:00:00,A,GHG,TOTXMEMONIA,I90,RO,2001,49.1,
ESTAT:SDG_13_10(1.0),13/07/23 23:00:00,A,GHG,TOTXMEMONIA,I90,RO,2002,50.8,
ESTAT:SDG_13_10(1.0),13/07/23 23:00:00,A,GHG,TOTXMEMONIA,I90,RO,2003,53.1,
ESTAT:SDG_13_10(1.0),13/07/23 23:00:00,A,GHG,TOTXMEMONIA,I90,RO,2004,52.5,
ESTAT:SDG_13_10(1.0),13/07/23 23:00:00,A,GHG,TOTXMEMONIA,I90,RO,2005,51.6,
ESTAT:SDG_13_10(1.0),13/07/23 23:00:00,A,GHG,TOTXMEMONIA,I90,RO,2006,52.2,
ESTAT:SDG_13_10(1.0),13/07/23 23:00:00,A,GHG,TOTXMEMONIA,I90,RO,2007,53.4,
ESTAT:SDG_13_10(1.0),13/07/23 23:00:00,A,GHG,TOTXMEMONIA,I90,RO,2008,51.8,
ESTAT:SDG_13_10(1.0),13/07/23 23:00:00,A,GHG,TOTXMEMONIA,I90,RO,2009,43.7,
ESTAT:SDG_13_10(1.0),13/07/23 23:00:00,A,GHG,TOTXMEMONIA,I90,RO,2010,39.2,
ESTAT:SDG_13_10(1.0),13/07/23 23:00:00,A,GHG,TOTXMEMONIA,I90,RO,2011,41.8,
ESTAT:SDG_13_10(1.0),13/07/23 23:00:00,A,GHG,TOTXMEMONIA,I90,RO,2012,39.8,
ESTAT:SDG_13_10(1.0),13/07/23 23:00:00,A,GHG,TOTXMEMONIA,I90,RO,2013,34.6,
ESTAT:SDG_13_10(1.0),13/07/23 23:00:00,A,GHG,TOTXMEMONIA,I90,RO,2014,29.5,
ESTAT:SDG_13_10(1.0),13/07/23 23:00:00,A,GHG,TOTXMEMONIA,I90,RO,2015,29.4,
ESTAT:SDG_13_10(1.0),13/07/23 23:00:00,A,GHG,TOTXMEMONIA,I90,RO,2016,27.7,
ESTAT:SDG_13_10(1.0),13/07/23 23:00:00,A,GHG,TOTXMEMONIA,I90,RO,2017,30.0,
ESTAT:SDG_13_10(1.0),13/07/23 23:00:00,A,GHG,TOTXMEMONIA,I90,RO,2018,31.2,
ESTAT:SDG_13_10(1.0),13/07/23 23:00:00,A,GHG,TOTXMEMONIA,I90,RO,2019,29.7,
ESTAT:SDG_13_10(1.0),13/07/23 23:00:00,A,GHG,TOTXMEMONIA,I90,RO,2020,26.9,
ESTAT:SDG_13_10(1.0),13/07/23 23:00:00,A,GHG,TOTXMEMONIA,I90,RO,2021,29.0,
ESTAT:SDG_13_10(1.0),13/07/23 23:00:00,A,GHG,TOTXMEMONIA,I90,SE,1990,100.0,
ESTAT:SDG_13_10(1.0),13/07/23 23:00:00,A,GHG,TOTXMEMONIA,I90,SE,1991,100.5,
ESTAT:SDG_13_10(1.0),13/07/23 23:00:00,A,GHG,TOTXMEMONIA,I90,SE,1992,102.2,
ESTAT:SDG_13_10(1.0),13/07/23 23:00:00,A,GHG,TOTXMEMONIA,I90,SE,1993,119.4,
ESTAT:SDG_13_10(1.0),13/07/23 23:00:00,A,GHG,TOTXMEMONIA,I90,SE,1994,123.5,
ESTAT:SDG_13_10(1.0),13/07/23 23:00:00,A,GHG,TOTXMEMONIA,I90,SE,1995,121.3,
ESTAT:SDG_13_10(1.0),13/07/23 23:00:00,A,GHG,TOTXMEMONIA,I90,SE,1996,126.5,
ESTAT:SDG_13_10(1.0),13/07/23 23:00:00,A,GHG,TOTXMEMONIA,I90,SE,1997,105.4,
ESTAT:SDG_13_10(1.0),13/07/23 23:00:00,A,GHG,TOTXMEMONIA,I90,SE,1998,105.0,
ESTAT:SDG_13_10(1.0),13/07/23 23:00:00,A,GHG,TOTXMEMONIA,I90,SE,1999,92.6,
ESTAT:SDG_13_10(1.0),13/07/23 23:00:00,A,GHG,TOTXMEMONIA,I90,SE,2000,83.4,
ESTAT:SDG_13_10(1.0),13/07/23 23:00:00,A,GHG,TOTXMEMONIA,I90,SE,2001,82.8,
ESTAT:SDG_13_10(1.0),13/07/23 23:00:00,A,GHG,TOTXMEMONIA,I90,SE,2002,87.9,
ESTAT:SDG_13_10(1.0),13/07/23 23:00:00,A,GHG,TOTXMEMONIA,I90,SE,2003,99.5,
ESTAT:SDG_13_10(1.0),13/07/23 23:00:00,A,GHG,TOTXMEMONIA,I90,SE,2004,106.9,
ESTAT:SDG_13_10(1.0),13/07/23 23:00:00,A,GHG,TOTXMEMONIA,I90,SE,2005,94.8,
ESTAT:SDG_13_10(1.0),13/07/23 23:00:00,A,GHG,TOTXMEMONIA,I90,SE,2006,67.2,
ESTAT:SDG_13_10(1.0),13/07/23 23:00:00,A,GHG,TOTXMEMONIA,I90,SE,2007,71.5,
ESTAT:SDG_13_10(1.0),13/07/23 23:00:00,A,GHG,TOTXMEMONIA,I90,SE,2008,64.4,
ESTAT:SDG_13_10(1.0),13/07/23 23:00:00,A,GHG,TOTXMEMONIA,I90,SE,2009,47.5,
ESTAT:SDG_13_10(1.0),13/07/23 23:00:00,A,GHG,TOTXMEMONIA,I90,SE,2010,61.2,
ESTAT:SDG_13_10(1.0),13/07/23 23:00:00,A,GHG,TOTXMEMONIA,I90,SE,2011,42.1,
ESTAT:SDG_13_10(1.0),13/07/23 23:00:00,A,GHG,TOTXMEMONIA,I90,SE,2012,30.4,
ESTAT:SDG_13_10(1.0),13/07/23 23:00:00,A,GHG,TOTXMEMONIA,I90,SE,2013,31.3,
ESTAT:SDG_13_10(1.0),13/07/23 23:00:00,A,GHG,TOTXMEMONIA,I90,SE,2014,30.6,
ESTAT:SDG_13_10(1.0),13/07/23 23:00:00,A,GHG,TOTXMEMONIA,I90,SE,2015,35.3,
ESTAT:SDG_13_10(1.0),13/07/23 23:00:00,A,GHG,TOTXMEMONIA,I90,SE,2016,40.8,
ESTAT:SDG_13_10(1.0),13/07/23 23:00:00,A,GHG,TOTXMEMONIA,I90,SE,2017,62.5,
ESTAT:SDG_13_10(1.0),13/07/23 23:00:00,A,GHG,TOTXMEMONIA,I90,SE,2018,72.3,
ESTAT:SDG_13_10(1.0),13/07/23 23:00:00,A,GHG,TOTXMEMONIA,I90,SE,2019,56.7,
ESTAT:SDG_13_10(1.0),13/07/23 23:00:00,A,GHG,TOTXMEMONIA,I90,SE,2020,22.1,
ESTAT:SDG_13_10(1.0),13/07/23 23:00:00,A,GHG,TOTXMEMONIA,I90,SE,2021,26.8,
ESTAT:SDG_13_10(1.0),13/07/23 23:00:00,A,GHG,TOTXMEMONIA,I90,SI,1990,100.0,
ESTAT:SDG_13_10(1.0),13/07/23 23:00:00,A,GHG,TOTXMEMONIA,I90,SI,1991,88.0,
ESTAT:SDG_13_10(1.0),13/07/23 23:00:00,A,GHG,TOTXMEMONIA,I90,SI,1992,87.2,
ESTAT:SDG_13_10(1.0),13/07/23 23:00:00,A,GHG,TOTXMEMONIA,I90,SI,1993,88.9,
ESTAT:SDG_13_10(1.0),13/07/23 23:00:00,A,GHG,TOTXMEMONIA,I90,SI,1994,90.6,
ESTAT:SDG_13_10(1.0),13/07/23 23:00:00,A,GHG,TOTXMEMONIA,I90,SI,1995,95.4,
ESTAT:SDG_13_10(1.0),13/07/23 23:00:00,A,GHG,TOTXMEMONIA,I90,SI,1996,95.5,
ESTAT:SDG_13_10(1.0),13/07/23 23:00:00,A,GHG,TOTXMEMONIA,I90,SI,1997,97.8,
ESTAT:SDG_13_10(1.0),13/07/23 23:00:00,A,GHG,TOTXMEMONIA,I90,SI,1998,94.0,
ESTAT:SDG_13_10(1.0),13/07/23 23:00:00,A,GHG,TOTXMEMONIA,I90,SI,1999,89.6,
ESTAT:SDG_13_10(1.0),13/07/23 23:00:00,A,GHG,TOTXMEMONIA,I90,SI,2000,87.5,
ESTAT:SDG_13_10(1.0),13/07/23 23:00:00,A,GHG,TOTXMEMONIA,I90,SI,2001,96.0,
ESTAT:SDG_13_10(1.0),13/07/23 23:00:00,A,GHG,TOTXMEMONIA,I90,SI,2002,90.2,
ESTAT:SDG_13_10(1.0),13/07/23 23:00:00,A,GHG,TOTXMEMONIA,I90,SI,2003,90.0,
ESTAT:SDG_13_10(1.0),13/07/23 23:00:00,A,GHG,TOTXMEMONIA,I90,SI,2004,91.7,
ESTAT:SDG_13_10(1.0),13/07/23 23:00:00,A,GHG,TOTXMEMONIA,I90,SI,2005,93.3,
ESTAT:SDG_13_10(1.0),13/07/23 23:00:00,A,GHG,TOTXMEMONIA,I90,SI,2006,94.5,
ESTAT:SDG_13_10(1.0),13/07/23 23:00:00,A,GHG,TOTXMEMONIA,I90,SI,2007,93.8,
ESTAT:SDG_13_10(1.0),13/07/23 23:00:00,A,GHG,TOTXMEMONIA,I90,SI,2008,100.6,
ESTAT:SDG_13_10(1.0),13/07/23 23:00:00,A,GHG,TOTXMEMONIA,I90,SI,2009,85.8,
ESTAT:SDG_13_10(1.0),13/07/23 23:00:00,A,GHG,TOTXMEMONIA,I90,SI,2010,87.9,
ESTAT:SDG_13_10(1.0),13/07/23 23:00:00,A,GHG,TOTXMEMONIA,I90,SI,2011,88.0,
ESTAT:SDG_13_10(1.0),13/07/23 23:00:00,A,GHG,TOTXMEMONIA,I90,SI,2012,84.0,
ESTAT:SDG_13_10(1.0),13/07/23 23:00:00,A,GHG,TOTXMEMONIA,I90,SI,2013,91.0,
ESTAT:SDG_13_10(1.0),13/07/23 23:00:00,A,GHG,TOTXMEMONIA,I90,SI,2014,121.1,
ESTAT:SDG_13_10(1.0),13/07/23 23:00:00,A,GHG,TOTXMEMONIA,I90,SI,2015,123.1,
ESTAT:SDG_13_10(1.0),13/07/23 23:00:00,A,GHG,TOTXMEMONIA,I90,SI,2016,130.1,
ESTAT:SDG_13_10(1.0),13/07/23 23:00:00,A,GHG,TOTXMEMONIA,I90,SI,2017,130.7,
ESTAT:SDG_13_10(1.0),13/07/23 23:00:00,A,GHG,TOTXMEMONIA,I90,SI,2018,130.3,
ESTAT:SDG_13_10(1.0),13/07/23 23:00:00,A,GHG,TOTXMEMONIA,I90,SI,2019,96.4,
ESTAT:SDG_13_10(1.0),13/07/23 23:00:00,A,GHG,TOTXMEMONIA,I90,SI,2020,89.0,
ESTAT:SDG_13_10(1.0),13/07/23 23:00:00,A,GHG,TOTXMEMONIA,I90,SI,2021,90.1,
ESTAT:SDG_13_10(1.0),13/07/23 23:00:00,A,GHG,TOTXMEMONIA,I90,SK,1990,100.0,
ESTAT:SDG_13_10(1.0),13/07/23 23:00:00,A,GHG,TOTXMEMONIA,I90,SK,1991,84.2,
ESTAT:SDG_13_10(1.0),13/07/23 23:00:00,A,GHG,TOTXMEMONIA,I90,SK,1992,74.3,
ESTAT:SDG_13_10(1.0),13/07/23 23:00:00,A,GHG,TOTXMEMONIA,I90,SK,1993,69.4,
ESTAT:SDG_13_10(1.0),13/07/23 23:00:00,A,GHG,TOTXMEMONIA,I90,SK,1994,66.3,
ESTAT:SDG_13_10(1.0),13/07/23 23:00:00,A,GHG,TOTXMEMONIA,I90,SK,1995,67.9,
ESTAT:SDG_13_10(1.0),13/07/23 23:00:00,A,GHG,TOTXMEMONIA,I90,SK,1996,67.7,
ESTAT:SDG_13_10(1.0),13/07/23 23:00:00,A,GHG,TOTXMEMONIA,I90,SK,1997,67.8,
ESTAT:SDG_13_10(1.0),13/07/23 23:00:00,A,GHG,TOTXMEMONIA,I90,SK,1998,65.0,
ESTAT:SDG_13_10(1.0),13/07/23 23:00:00,A,GHG,TOTXMEMONIA,I90,SK,1999,64.4,
ESTAT:SDG_13_10(1.0),13/07/23 23:00:00,A,GHG,TOTXMEMONIA,I90,SK,2000,61.5,
ESTAT:SDG_13_10(1.0),13/07/23 23:00:00,A,GHG,TOTXMEMONIA,I90,SK,2001,66.1,
ESTAT:SDG_13_10(1.0),13/07/23 23:00:00,A,GHG,TOTXMEMONIA,I90,SK,2002,63.2,
ESTAT:SDG_13_10(1.0),13/07/23 23:00:00,A,GHG,TOTXMEMONIA,I90,SK,2003,64.3,
ESTAT:SDG_13_10(1.0),13/07/23 23:00:00,A,GHG,TOTXMEMONIA,I90,SK,2004,65.4,
ESTAT:SDG_13_10(1.0),13/07/23 23:00:00,A,GHG,TOTXMEMONIA,I90,SK,2005,71.4,
ESTAT:SDG_13_10(1.0),13/07/23 23:00:00,A,GHG,TOTXMEMONIA,I90,SK,2006,66.3,
ESTAT:SDG_13_10(1.0),13/07/23 23:00:00,A,GHG,TOTXMEMONIA,I90,SK,2007,64.3,
ESTAT:SDG_13_10(1.0),13/07/23 23:00:00,A,GHG,TOTXMEMONIA,I90,SK,2008,66.9,
ESTAT:SDG_13_10(1.0),13/07/23 23:00:00,A,GHG,TOTXMEMONIA,I90,SK,2009,60.5,
ESTAT:SDG_13_10(1.0),13/07/23 23:00:00,A,GHG,TOTXMEMONIA,I90,SK,2010,63.1,
ESTAT:SDG_13_10(1.0),13/07/23 23:00:00,A,GHG,TOTXMEMONIA,I90,SK,2011,61.1,
ESTAT:SDG_13_10(1.0),13/07/23 23:00:00,A,GHG,TOTXMEMONIA,I90,SK,2012,55.7,
ESTAT:SDG_13_10(1.0),13/07/23 23:00:00,A,GHG,TOTXMEMONIA,I90,SK,2013,54.0,
ESTAT:SDG_13_10(1.0),13/07/23 23:00:00,A,GHG,TOTXMEMONIA,I90,SK,2014,54.3,
ESTAT:SDG_13_10(1.0),13/07/23 23:00:00,A,GHG,TOTXMEMONIA,I90,SK,2015,54.7,
ESTAT:SDG_13_10(1.0),13/07/23 23:00:00,A,GHG,TOTXMEMONIA,I90,SK,2016,55.3,
ESTAT:SDG_13_10(1.0),13/07/23 23:00:00,A,GHG,TOTXMEMONIA,I90,SK,2017,57.2,
ESTAT:SDG_13_10(1.0),13/07/23 23:00:00,A,GHG,TOTXMEMONIA,I90,SK,2018,58.5,
ESTAT:SDG_13_10(1.0),13/07/23 23:00:00,A,GHG,TOTXMEMONIA,I90,SK,2019,53.7,
ESTAT:SDG_13_10(1.0),13/07/23 23:00:00,A,GHG,TOTXMEMONIA,I90,SK,2020,45.8,
ESTAT:SDG_13_10(1.0),13/07/23 23:00:00,A,GHG,TOTXMEMONIA,I90,SK,2021,52.2,
