DATAFLOW,LAST UPDATE,freq,unit,quantile,age,sex,levels,geo,TIME_PERIOD,OBS_VALUE,OBS_FLAG
ESTAT:SDG_03_20(1.0),11/07/23 23:00:00,A,PC,TOTAL,Y_GE16,T,VG_G,AL,2017,81.4,
ESTAT:SDG_03_20(1.0),11/07/23 23:00:00,A,PC,TOTAL,Y_GE16,T,VG_G,AL,2018,81.8,
ESTAT:SDG_03_20(1.0),11/07/23 23:00:00,A,PC,TOTAL,Y_GE16,T,VG_G,AL,2019,82.0,
ESTAT:SDG_03_20(1.0),11/07/23 23:00:00,A,PC,TOTAL,Y_GE16,T,VG_G,AL,2020,82.8,
ESTAT:SDG_03_20(1.0),11/07/23 23:00:00,A,PC,TOTAL,Y_GE16,T,VG_G,AT,2005,71.0,
ESTAT:SDG_03_20(1.0),11/07/23 23:00:00,A,PC,TOTAL,Y_GE16,T,VG_G,AT,2006,71.9,
ESTAT:SDG_03_20(1.0),11/07/23 23:00:00,A,PC,TOTAL,Y_GE16,T,VG_G,AT,2007,72.4,
ESTAT:SDG_03_20(1.0),11/07/23 23:00:00,A,PC,TOTAL,Y_GE16,T,VG_G,AT,2008,70.1,
ESTAT:SDG_03_20(1.0),11/07/23 23:00:00,A,PC,TOTAL,Y_GE16,T,VG_G,AT,2009,70.1,
ESTAT:SDG_03_20(1.0),11/07/23 23:00:00,A,PC,TOTAL,Y_GE16,T,VG_G,AT,2010,69.5,
ESTAT:SDG_03_20(1.0),11/07/23 23:00:00,A,PC,TOTAL,Y_GE16,T,VG_G,AT,2011,68.8,
ESTAT:SDG_03_20(1.0),11/07/23 23:00:00,A,PC,TOTAL,Y_GE16,T,VG_G,AT,2012,70.0,
ESTAT:SDG_03_20(1.0),11/07/23 23:00:00,A,PC,TOTAL,Y_GE16,T,VG_G,AT,2013,68.7,
ESTAT:SDG_03_20(1.0),11/07/23 23:00:00,A,PC,TOTAL,Y_GE16,T,VG_G,AT,2014,69.6,
ESTAT:SDG_03_20(1.0),11/07/23 23:00:00,A,PC,TOTAL,Y_GE16,T,VG_G,AT,2015,69.9,
ESTAT:SDG_03_20(1.0),11/07/23 23:00:00,A,PC,TOTAL,Y_GE16,T,VG_G,AT,2016,70.3,
ESTAT:SDG_03_20(1.0),11/07/23 23:00:00,A,PC,TOTAL,Y_GE16,T,VG_G,AT,2017,70.4,
ESTAT:SDG_03_20(1.0),11/07/23 23:00:00,A,PC,TOTAL,Y_GE16,T,VG_G,AT,2018,71.7,
ESTAT:SDG_03_20(1.0),11/07/23 23:00:00,A,PC,TOTAL,Y_GE16,T,VG_G,AT,2019,71.3,
ESTAT:SDG_03_20(1.0),11/07/23 23:00:00,A,PC,TOTAL,Y_GE16,T,VG_G,AT,2020,74.0,
ESTAT:SDG_03_20(1.0),11/07/23 23:00:00,A,PC,TOTAL,Y_GE16,T,VG_G,AT,2021,72.3,
ESTAT:SDG_03_20(1.0),11/07/23 23:00:00,A,PC,TOTAL,Y_GE16,T,VG_G,AT,2022,70.1,
ESTAT:SDG_03_20(1.0),11/07/23 23:00:00,A,PC,TOTAL,Y_GE16,T,VG_G,BE,2005,72.9,
ESTAT:SDG_03_20(1.0),11/07/23 23:00:00,A,PC,TOTAL,Y_GE16,T,VG_G,BE,2006,74.3,
ESTAT:SDG_03_20(1.0),11/07/23 23:00:00,A,PC,TOTAL,Y_GE16,T,VG_G,BE,2007,74.1,
ESTAT:SDG_03_20(1.0),11/07/23 23:00:00,A,PC,TOTAL,Y_GE16,T,VG_G,BE,2008,74.0,
ESTAT:SDG_03_20(1.0),11/07/23 23:00:00,A,PC,TOTAL,Y_GE16,T,VG_G,BE,2009,73.5,
ESTAT:SDG_03_20(1.0),11/07/23 23:00:00,A,PC,TOTAL,Y_GE16,T,VG_G,BE,2010,73.1,
ESTAT:SDG_03_20(1.0),11/07/23 23:00:00,A,PC,TOTAL,Y_GE16,T,VG_G,BE,2011,73.6,
ESTAT:SDG_03_20(1.0),11/07/23 23:00:00,A,PC,TOTAL,Y_GE16,T,VG_G,BE,2012,74.5,
ESTAT:SDG_03_20(1.0),11/07/23 23:00:00,A,PC,TOTAL,Y_GE16,T,VG_G,BE,2013,74.3,
ESTAT:SDG_03_20(1.0),11/07/23 23:00:00,A,PC,TOTAL,Y_GE16,T,VG_G,BE,2014,75.1,
ESTAT:SDG_03_20(1.0),11/07/23 23:00:00,A,PC,TOTAL,Y_GE16,T,VG_G,BE,2015,74.6,
ESTAT:SDG_03_20(1.0),11/07/23 23:00:00,A,PC,TOTAL,Y_GE16,T,VG_G,BE,2016,73.9,
ESTAT:SDG_03_20(1.0),11/07/23 23:00:00,A,PC,TOTAL,Y_GE16,T,VG_G,BE,2017,74.5,
ESTAT:SDG_03_20(1.0),11/07/23 23:00:00,A,PC,TOTAL,Y_GE16,T,VG_G,BE,2018,74.9,
ESTAT:SDG_03_20(1.0),11/07/23 23:00:00,A,PC,TOTAL,Y_GE16,T,VG_G,BE,2019,74.0,b
ESTAT:SDG_03_20(1.0),11/07/23 23:00:00,A,PC,TOTAL,Y_GE16,T,VG_G,BE,2020,75.4,
ESTAT:SDG_03_20(1.0),11/07/23 23:00:00,A,PC,TOTAL,Y_GE16,T,VG_G,BE,2021,76.4,
ESTAT:SDG_03_20(1.0),11/07/23 23:00:00,A,PC,TOTAL,Y_GE16,T,VG_G,BE,2022,75.3,
ESTAT:SDG_03_20(1.0),11/07/23 23:00:00,A,PC,TOTAL,Y_GE16,T,VG_G,BG,2005,60.5,
ESTAT:SDG_03_20(1.0),11/07/23 23:00:00,A,PC,TOTAL,Y_GE16,T,VG_G,BG,2006,60.5,
ESTAT:SDG_03_20(1.0),11/07/23 23:00:00,A,PC,TOTAL,Y_GE16,T,VG_G,BG,2007,61.9,
ESTAT:SDG_03_20(1.0),11/07/23 23:00:00,A,PC,TOTAL,Y_GE16,T,VG_G,BG,2008,62.6,
ESTAT:SDG_03_20(1.0),11/07/23 23:00:00,A,PC,TOTAL,Y_GE16,T,VG_G,BG,2009,65.2,
ESTAT:SDG_03_20(1.0),11/07/23 23:00:00,A,PC,TOTAL,Y_GE16,T,VG_G,BG,2010,67.3,
ESTAT:SDG_03_20(1.0),11/07/23 23:00:00,A,PC,TOTAL,Y_GE16,T,VG_G,BG,2011,67.2,
ESTAT:SDG_03_20(1.0),11/07/23 23:00:00,A,PC,TOTAL,Y_GE16,T,VG_G,BG,2012,66.7,
ESTAT:SDG_03_20(1.0),11/07/23 23:00:00,A,PC,TOTAL,Y_GE16,T,VG_G,BG,2013,66.4,
ESTAT:SDG_03_20(1.0),11/07/23 23:00:00,A,PC,TOTAL,Y_GE16,T,VG_G,BG,2014,66.0,
ESTAT:SDG_03_20(1.0),11/07/23 23:00:00,A,PC,TOTAL,Y_GE16,T,VG_G,BG,2015,65.6,
ESTAT:SDG_03_20(1.0),11/07/23 23:00:00,A,PC,TOTAL,Y_GE16,T,VG_G,BG,2016,65.8,
ESTAT:SDG_03_20(1.0),11/07/23 23:00:00,A,PC,TOTAL,Y_GE16,T,VG_G,BG,2017,66.7,
ESTAT:SDG_03_20(1.0),11/07/23 23:00:00,A,PC,TOTAL,Y_GE16,T,VG_G,BG,2018,66.5,
ESTAT:SDG_03_20(1.0),11/07/23 23:00:00,A,PC,TOTAL,Y_GE16,T,VG_G,BG,2019,67.2,
ESTAT:SDG_03_20(1.0),11/07/23 23:00:00,A,PC,TOTAL,Y_GE16,T,VG_G,BG,2020,66.7,
ESTAT:SDG_03_20(1.0),11/07/23 23:00:00,A,PC,TOTAL,Y_GE16,T,VG_G,BG,2021,67.6,
ESTAT:SDG_03_20(1.0),11/07/23 23:00:00,A,PC,TOTAL,Y_GE16,T,VG_G,BG,2022,68.2,
ESTAT:SDG_03_20(1.0),11/07/23 23:00:00,A,PC,TOTAL,Y_GE16,T,VG_G,CH,2007,84.0,
ESTAT:SDG_03_20(1.0),11/07/23 23:00:00,A,PC,TOTAL,Y_GE16,T,VG_G,CH,2008,81.2,
ESTAT:SDG_03_20(1.0),11/07/23 23:00:00,A,PC,TOTAL,Y_GE16,T,VG_G,CH,2009,81.0,
ESTAT:SDG_03_20(1.0),11/07/23 23:00:00,A,PC,TOTAL,Y_GE16,T,VG_G,CH,2010,81.6,
ESTAT:SDG_03_20(1.0),11/07/23 23:00:00,A,PC,TOTAL,Y_GE16,T,VG_G,CH,2011,81.3,
ESTAT:SDG_03_20(1.0),11/07/23 23:00:00,A,PC,TOTAL,Y_GE16,T,VG_G,CH,2012,82.0,
ESTAT:SDG_03_20(1.0),11/07/23 23:00:00,A,PC,TOTAL,Y_GE16,T,VG_G,CH,2013,80.7,
ESTAT:SDG_03_20(1.0),11/07/23 23:00:00,A,PC,TOTAL,Y_GE16,T,VG_G,CH,2014,78.4,
ESTAT:SDG_03_20(1.0),11/07/23 23:00:00,A,PC,TOTAL,Y_GE16,T,VG_G,CH,2015,79.6,
ESTAT:SDG_03_20(1.0),11/07/23 23:00:00,A,PC,TOTAL,Y_GE16,T,VG_G,CH,2016,77.7,
ESTAT:SDG_03_20(1.0),11/07/23 23:00:00,A,PC,TOTAL,Y_GE16,T,VG_G,CH,2017,80.2,
ESTAT:SDG_03_20(1.0),11/07/23 23:00:00,A,PC,TOTAL,Y_GE16,T,VG_G,CH,2018,80.7,
ESTAT:SDG_03_20(1.0),11/07/23 23:00:00,A,PC,TOTAL,Y_GE16,T,VG_G,CH,2019,81.3,
ESTAT:SDG_03_20(1.0),11/07/23 23:00:00,A,PC,TOTAL,Y_GE16,T,VG_G,CH,2020,83.3,
ESTAT:SDG_03_20(1.0),11/07/23 23:00:00,A,PC,TOTAL,Y_GE16,T,VG_G,CH,2021,81.9,
ESTAT:SDG_03_20(1.0),11/07/23 23:00:00,A,PC,TOTAL,Y_GE16,T,VG_G,CY,2005,75.1,
ESTAT:SDG_03_20(1.0),11/07/23 23:00:00,A,PC,TOTAL,Y_GE16,T,VG_G,CY,2006,76.1,
ESTAT:SDG_03_20(1.0),11/07/23 23:00:00,A,PC,TOTAL,Y_GE16,T,VG_G,CY,2007,76.8,
ESTAT:SDG_03_20(1.0),11/07/23 23:00:00,A,PC,TOTAL,Y_GE16,T,VG_G,CY,2008,76.5,
ESTAT:SDG_03_20(1.0),11/07/23 23:00:00,A,PC,TOTAL,Y_GE16,T,VG_G,CY,2009,75.7,
ESTAT:SDG_03_20(1.0),11/07/23 23:00:00,A,PC,TOTAL,Y_GE16,T,VG_G,CY,2010,74.6,
ESTAT:SDG_03_20(1.0),11/07/23 23:00:00,A,PC,TOTAL,Y_GE16,T,VG_G,CY,2011,75.8,
ESTAT:SDG_03_20(1.0),11/07/23 23:00:00,A,PC,TOTAL,Y_GE16,T,VG_G,CY,2012,77.2,
ESTAT:SDG_03_20(1.0),11/07/23 23:00:00,A,PC,TOTAL,Y_GE16,T,VG_G,CY,2013,76.4,
ESTAT:SDG_03_20(1.0),11/07/23 23:00:00,A,PC,TOTAL,Y_GE16,T,VG_G,CY,2014,77.7,
ESTAT:SDG_03_20(1.0),11/07/23 23:00:00,A,PC,TOTAL,Y_GE16,T,VG_G,CY,2015,80.3,
ESTAT:SDG_03_20(1.0),11/07/23 23:00:00,A,PC,TOTAL,Y_GE16,T,VG_G,CY,2016,78.7,
ESTAT:SDG_03_20(1.0),11/07/23 23:00:00,A,PC,TOTAL,Y_GE16,T,VG_G,CY,2017,78.1,
ESTAT:SDG_03_20(1.0),11/07/23 23:00:00,A,PC,TOTAL,Y_GE16,T,VG_G,CY,2018,77.8,
ESTAT:SDG_03_20(1.0),11/07/23 23:00:00,A,PC,TOTAL,Y_GE16,T,VG_G,CY,2019,77.8,
ESTAT:SDG_03_20(1.0),11/07/23 23:00:00,A,PC,TOTAL,Y_GE16,T,VG_G,CY,2020,77.5,
ESTAT:SDG_03_20(1.0),11/07/23 23:00:00,A,PC,TOTAL,Y_GE16,T,VG_G,CY,2021,77.2,
ESTAT:SDG_03_20(1.0),11/07/23 23:00:00,A,PC,TOTAL,Y_GE16,T,VG_G,CY,2022,77.8,
ESTAT:SDG_03_20(1.0),11/07/23 23:00:00,A,PC,TOTAL,Y_GE16,T,VG_G,CZ,2005,59.0,
ESTAT:SDG_03_20(1.0),11/07/23 23:00:00,A,PC,TOTAL,Y_GE16,T,VG_G,CZ,2006,59.3,
ESTAT:SDG_03_20(1.0),11/07/23 23:00:00,A,PC,TOTAL,Y_GE16,T,VG_G,CZ,2007,61.3,
ESTAT:SDG_03_20(1.0),11/07/23 23:00:00,A,PC,TOTAL,Y_GE16,T,VG_G,CZ,2008,61.5,
ESTAT:SDG_03_20(1.0),11/07/23 23:00:00,A,PC,TOTAL,Y_GE16,T,VG_G,CZ,2009,61.3,
ESTAT:SDG_03_20(1.0),11/07/23 23:00:00,A,PC,TOTAL,Y_GE16,T,VG_G,CZ,2010,62.4,
ESTAT:SDG_03_20(1.0),11/07/23 23:00:00,A,PC,TOTAL,Y_GE16,T,VG_G,CZ,2011,59.6,
ESTAT:SDG_03_20(1.0),11/07/23 23:00:00,A,PC,TOTAL,Y_GE16,T,VG_G,CZ,2012,60.5,
ESTAT:SDG_03_20(1.0),11/07/23 23:00:00,A,PC,TOTAL,Y_GE16,T,VG_G,CZ,2013,59.7,
ESTAT:SDG_03_20(1.0),11/07/23 23:00:00,A,PC,TOTAL,Y_GE16,T,VG_G,CZ,2014,60.8,
ESTAT:SDG_03_20(1.0),11/07/23 23:00:00,A,PC,TOTAL,Y_GE16,T,VG_G,CZ,2015,61.3,
ESTAT:SDG_03_20(1.0),11/07/23 23:00:00,A,PC,TOTAL,Y_GE16,T,VG_G,CZ,2016,60.4,
ESTAT:SDG_03_20(1.0),11/07/23 23:00:00,A,PC,TOTAL,Y_GE16,T,VG_G,CZ,2017,61.9,
ESTAT:SDG_03_20(1.0),11/07/23 23:00:00,A,PC,TOTAL,Y_GE16,T,VG_G,CZ,2018,62.1,
ESTAT:SDG_03_20(1.0),11/07/23 23:00:00,A,PC,TOTAL,Y_GE16,T,VG_G,CZ,2019,62.0,
ESTAT:SDG_03_20(1.0),11/07/23 23:00:00,A,PC,TOTAL,Y_GE16,T,VG_G,CZ,2020,63.4,
ESTAT:SDG_03_20(1.0),11/07/23 23:00:00,A,PC,TOTAL,Y_GE16,T,VG_G,CZ,2021,67.8,
ESTAT:SDG_03_20(1.0),11/07/23 23:00:00,A,PC,TOTAL,Y_GE16,T,VG_G,CZ,2022,68.0,
ESTAT:SDG_03_20(1.0),11/07/23 23:00:00,A,PC,TOTAL,Y_GE16,T,VG_G,DE,2005,60.1,
ESTAT:SDG_03_20(1.0),11/07/23 23:00:00,A,PC,TOTAL,Y_GE16,T,VG_G,DE,2006,60.5,
ESTAT:SDG_03_20(1.0),11/07/23 23:00:00,A,PC,TOTAL,Y_GE16,T,VG_G,DE,2007,60.0,
ESTAT:SDG_03_20(1.0),11/07/23 23:00:00,A,PC,TOTAL,Y_GE16,T,VG_G,DE,2008,64.6,
ESTAT:SDG_03_20(1.0),11/07/23 23:00:00,A,PC,TOTAL,Y_GE16,T,VG_G,DE,2009,65.2,
ESTAT:SDG_03_20(1.0),11/07/23 23:00:00,A,PC,TOTAL,Y_GE16,T,VG_G,DE,2010,65.3,
ESTAT:SDG_03_20(1.0),11/07/23 23:00:00,A,PC,TOTAL,Y_GE16,T,VG_G,DE,2011,64.8,
ESTAT:SDG_03_20(1.0),11/07/23 23:00:00,A,PC,TOTAL,Y_GE16,T,VG_G,DE,2012,65.4,
ESTAT:SDG_03_20(1.0),11/07/23 23:00:00,A,PC,TOTAL,Y_GE16,T,VG_G,DE,2013,64.9,
ESTAT:SDG_03_20(1.0),11/07/23 23:00:00,A,PC,TOTAL,Y_GE16,T,VG_G,DE,2014,65.2,
ESTAT:SDG_03_20(1.0),11/07/23 23:00:00,A,PC,TOTAL,Y_GE16,T,VG_G,DE,2015,64.6,
ESTAT:SDG_03_20(1.0),11/07/23 23:00:00,A,PC,TOTAL,Y_GE16,T,VG_G,DE,2016,65.2,
ESTAT:SDG_03_20(1.0),11/07/23 23:00:00,A,PC,TOTAL,Y_GE16,T,VG_G,DE,2017,65.5,
ESTAT:SDG_03_20(1.0),11/07/23 23:00:00,A,PC,TOTAL,Y_GE16,T,VG_G,DE,2018,65.5,
ESTAT:SDG_03_20(1.0),11/07/23 23:00:00,A,PC,TOTAL,Y_GE16,T,VG_G,DE,2019,65.5,
ESTAT:SDG_03_20(1.0),11/07/23 23:00:00,A,PC,TOTAL,Y_GE16,T,VG_G,DE,2020,63.9,b
ESTAT:SDG_03_20(1.0),11/07/23 23:00:00,A,PC,TOTAL,Y_GE16,T,VG_G,DE,2021,63.0,
ESTAT:SDG_03_20(1.0),11/07/23 23:00:00,A,PC,TOTAL,Y_GE16,T,VG_G,DE,2022,64.3,
ESTAT:SDG_03_20(1.0),11/07/23 23:00:00,A,PC,TOTAL,Y_GE16,T,VG_G,DK,2005,76.7,
ESTAT:SDG_03_20(1.0),11/07/23 23:00:00,A,PC,TOTAL,Y_GE16,T,VG_G,DK,2006,75.1,
ESTAT:SDG_03_20(1.0),11/07/23 23:00:00,A,PC,TOTAL,Y_GE16,T,VG_G,DK,2007,75.4,
ESTAT:SDG_03_20(1.0),11/07/23 23:00:00,A,PC,TOTAL,Y_GE16,T,VG_G,DK,2008,74.3,
ESTAT:SDG_03_20(1.0),11/07/23 23:00:00,A,PC,TOTAL,Y_GE16,T,VG_G,DK,2009,72.4,
ESTAT:SDG_03_20(1.0),11/07/23 23:00:00,A,PC,TOTAL,Y_GE16,T,VG_G,DK,2010,71.2,
ESTAT:SDG_03_20(1.0),11/07/23 23:00:00,A,PC,TOTAL,Y_GE16,T,VG_G,DK,2011,71.8,
ESTAT:SDG_03_20(1.0),11/07/23 23:00:00,A,PC,TOTAL,Y_GE16,T,VG_G,DK,2012,71.2,
ESTAT:SDG_03_20(1.0),11/07/23 23:00:00,A,PC,TOTAL,Y_GE16,T,VG_G,DK,2013,72.6,
ESTAT:SDG_03_20(1.0),11/07/23 23:00:00,A,PC,TOTAL,Y_GE16,T,VG_G,DK,2014,72.4,
ESTAT:SDG_03_20(1.0),11/07/23 23:00:00,A,PC,TOTAL,Y_GE16,T,VG_G,DK,2015,71.6,
ESTAT:SDG_03_20(1.0),11/07/23 23:00:00,A,PC,TOTAL,Y_GE16,T,VG_G,DK,2016,71.3,
ESTAT:SDG_03_20(1.0),11/07/23 23:00:00,A,PC,TOTAL,Y_GE16,T,VG_G,DK,2017,71.3,
ESTAT:SDG_03_20(1.0),11/07/23 23:00:00,A,PC,TOTAL,Y_GE16,T,VG_G,DK,2018,71.2,
ESTAT:SDG_03_20(1.0),11/07/23 23:00:00,A,PC,TOTAL,Y_GE16,T,VG_G,DK,2019,69.7,
ESTAT:SDG_03_20(1.0),11/07/23 23:00:00,A,PC,TOTAL,Y_GE16,T,VG_G,DK,2020,71.3,
ESTAT:SDG_03_20(1.0),11/07/23 23:00:00,A,PC,TOTAL,Y_GE16,T,VG_G,DK,2021,67.0,
ESTAT:SDG_03_20(1.0),11/07/23 23:00:00,A,PC,TOTAL,Y_GE16,T,VG_G,DK,2022,63.0,
ESTAT:SDG_03_20(1.0),11/07/23 23:00:00,A,PC,TOTAL,Y_GE16,T,VG_G,EA19,2005,63.6,
ESTAT:SDG_03_20(1.0),11/07/23 23:00:00,A,PC,TOTAL,Y_GE16,T,VG_G,EA19,2006,64.0,
ESTAT:SDG_03_20(1.0),11/07/23 23:00:00,A,PC,TOTAL,Y_GE16,T,VG_G,EA19,2007,65.4,
ESTAT:SDG_03_20(1.0),11/07/23 23:00:00,A,PC,TOTAL,Y_GE16,T,VG_G,EA19,2008,67.2,
ESTAT:SDG_03_20(1.0),11/07/23 23:00:00,A,PC,TOTAL,Y_GE16,T,VG_G,EA19,2009,67.0,
ESTAT:SDG_03_20(1.0),11/07/23 23:00:00,A,PC,TOTAL,Y_GE16,T,VG_G,EA19,2010,67.6,
ESTAT:SDG_03_20(1.0),11/07/23 23:00:00,A,PC,TOTAL,Y_GE16,T,VG_G,EA19,2011,67.6,
ESTAT:SDG_03_20(1.0),11/07/23 23:00:00,A,PC,TOTAL,Y_GE16,T,VG_G,EA19,2012,68.5,
ESTAT:SDG_03_20(1.0),11/07/23 23:00:00,A,PC,TOTAL,Y_GE16,T,VG_G,EA19,2013,67.3,
ESTAT:SDG_03_20(1.0),11/07/23 23:00:00,A,PC,TOTAL,Y_GE16,T,VG_G,EA19,2014,68.2,
ESTAT:SDG_03_20(1.0),11/07/23 23:00:00,A,PC,TOTAL,Y_GE16,T,VG_G,EA19,2015,67.6,
ESTAT:SDG_03_20(1.0),11/07/23 23:00:00,A,PC,TOTAL,Y_GE16,T,VG_G,EA19,2016,68.4,
ESTAT:SDG_03_20(1.0),11/07/23 23:00:00,A,PC,TOTAL,Y_GE16,T,VG_G,EA19,2017,70.1,
ESTAT:SDG_03_20(1.0),11/07/23 23:00:00,A,PC,TOTAL,Y_GE16,T,VG_G,EA19,2018,69.5,
ESTAT:SDG_03_20(1.0),11/07/23 23:00:00,A,PC,TOTAL,Y_GE16,T,VG_G,EA19,2019,69.6,
ESTAT:SDG_03_20(1.0),11/07/23 23:00:00,A,PC,TOTAL,Y_GE16,T,VG_G,EA19,2020,70.3,e
ESTAT:SDG_03_20(1.0),11/07/23 23:00:00,A,PC,TOTAL,Y_GE16,T,VG_G,EA19,2021,69.5,
ESTAT:SDG_03_20(1.0),11/07/23 23:00:00,A,PC,TOTAL,Y_GE16,T,VG_G,EA20,2014,68.3,
ESTAT:SDG_03_20(1.0),11/07/23 23:00:00,A,PC,TOTAL,Y_GE16,T,VG_G,EA20,2015,67.4,
ESTAT:SDG_03_20(1.0),11/07/23 23:00:00,A,PC,TOTAL,Y_GE16,T,VG_G,EA20,2016,68.3,
ESTAT:SDG_03_20(1.0),11/07/23 23:00:00,A,PC,TOTAL,Y_GE16,T,VG_G,EA20,2017,70.0,
ESTAT:SDG_03_20(1.0),11/07/23 23:00:00,A,PC,TOTAL,Y_GE16,T,VG_G,EA20,2018,69.4,
ESTAT:SDG_03_20(1.0),11/07/23 23:00:00,A,PC,TOTAL,Y_GE16,T,VG_G,EA20,2019,69.4,
ESTAT:SDG_03_20(1.0),11/07/23 23:00:00,A,PC,TOTAL,Y_GE16,T,VG_G,EA20,2020,70.2,e
ESTAT:SDG_03_20(1.0),11/07/23 23:00:00,A,PC,TOTAL,Y_GE16,T,VG_G,EA20,2021,69.4,
ESTAT:SDG_03_20(1.0),11/07/23 23:00:00,A,PC,TOTAL,Y_GE16,T,VG_G,EA20,2022,68.3,
ESTAT:SDG_03_20(1.0),11/07/23 23:00:00,A,PC,TOTAL,Y_GE16,T,VG_G,EE,2005,53.9,
ESTAT:SDG_03_20(1.0),11/07/23 23:00:00,A,PC,TOTAL,Y_GE16,T,VG_G,EE,2006,53.4,
ESTAT:SDG_03_20(1.0),11/07/23 23:00:00,A,PC,TOTAL,Y_GE16,T,VG_G,EE,2007,53.3,
ESTAT:SDG_03_20(1.0),11/07/23 23:00:00,A,PC,TOTAL,Y_GE16,T,VG_G,EE,2008,54.6,
ESTAT:SDG_03_20(1.0),11/07/23 23:00:00,A,PC,TOTAL,Y_GE16,T,VG_G,EE,2009,51.7,
ESTAT:SDG_03_20(1.0),11/07/23 23:00:00,A,PC,TOTAL,Y_GE16,T,VG_G,EE,2010,52.8,
ESTAT:SDG_03_20(1.0),11/07/23 23:00:00,A,PC,TOTAL,Y_GE16,T,VG_G,EE,2011,51.9,
ESTAT:SDG_03_20(1.0),11/07/23 23:00:00,A,PC,TOTAL,Y_GE16,T,VG_G,EE,2012,52.5,
ESTAT:SDG_03_20(1.0),11/07/23 23:00:00,A,PC,TOTAL,Y_GE16,T,VG_G,EE,2013,53.5,
ESTAT:SDG_03_20(1.0),11/07/23 23:00:00,A,PC,TOTAL,Y_GE16,T,VG_G,EE,2014,51.9,
ESTAT:SDG_03_20(1.0),11/07/23 23:00:00,A,PC,TOTAL,Y_GE16,T,VG_G,EE,2015,51.5,
ESTAT:SDG_03_20(1.0),11/07/23 23:00:00,A,PC,TOTAL,Y_GE16,T,VG_G,EE,2016,52.9,
ESTAT:SDG_03_20(1.0),11/07/23 23:00:00,A,PC,TOTAL,Y_GE16,T,VG_G,EE,2017,52.5,
ESTAT:SDG_03_20(1.0),11/07/23 23:00:00,A,PC,TOTAL,Y_GE16,T,VG_G,EE,2018,51.8,
ESTAT:SDG_03_20(1.0),11/07/23 23:00:00,A,PC,TOTAL,Y_GE16,T,VG_G,EE,2019,56.6,
ESTAT:SDG_03_20(1.0),11/07/23 23:00:00,A,PC,TOTAL,Y_GE16,T,VG_G,EE,2020,58.4,
ESTAT:SDG_03_20(1.0),11/07/23 23:00:00,A,PC,TOTAL,Y_GE16,T,VG_G,EE,2021,58.3,
ESTAT:SDG_03_20(1.0),11/07/23 23:00:00,A,PC,TOTAL,Y_GE16,T,VG_G,EE,2022,57.8,
ESTAT:SDG_03_20(1.0),11/07/23 23:00:00,A,PC,TOTAL,Y_GE16,T,VG_G,EL,2005,77.5,
ESTAT:SDG_03_20(1.0),11/07/23 23:00:00,A,PC,TOTAL,Y_GE16,T,VG_G,EL,2006,76.8,
ESTAT:SDG_03_20(1.0),11/07/23 23:00:00,A,PC,TOTAL,Y_GE16,T,VG_G,EL,2007,76.7,
ESTAT:SDG_03_20(1.0),11/07/23 23:00:00,A,PC,TOTAL,Y_GE16,T,VG_G,EL,2008,76.1,
ESTAT:SDG_03_20(1.0),11/07/23 23:00:00,A,PC,TOTAL,Y_GE16,T,VG_G,EL,2009,75.5,
ESTAT:SDG_03_20(1.0),11/07/23 23:00:00,A,PC,TOTAL,Y_GE16,T,VG_G,EL,2010,75.7,
ESTAT:SDG_03_20(1.0),11/07/23 23:00:00,A,PC,TOTAL,Y_GE16,T,VG_G,EL,2011,76.5,
ESTAT:SDG_03_20(1.0),11/07/23 23:00:00,A,PC,TOTAL,Y_GE16,T,VG_G,EL,2012,75.1,
ESTAT:SDG_03_20(1.0),11/07/23 23:00:00,A,PC,TOTAL,Y_GE16,T,VG_G,EL,2013,74.1,
ESTAT:SDG_03_20(1.0),11/07/23 23:00:00,A,PC,TOTAL,Y_GE16,T,VG_G,EL,2014,73.6,
ESTAT:SDG_03_20(1.0),11/07/23 23:00:00,A,PC,TOTAL,Y_GE16,T,VG_G,EL,2015,74.1,
ESTAT:SDG_03_20(1.0),11/07/23 23:00:00,A,PC,TOTAL,Y_GE16,T,VG_G,EL,2016,74.0,
ESTAT:SDG_03_20(1.0),11/07/23 23:00:00,A,PC,TOTAL,Y_GE16,T,VG_G,EL,2017,74.1,
ESTAT:SDG_03_20(1.0),11/07/23 23:00:00,A,PC,TOTAL,Y_GE16,T,VG_G,EL,2018,76.4,
ESTAT:SDG_03_20(1.0),11/07/23 23:00:00,A,PC,TOTAL,Y_GE16,T,VG_G,EL,2019,79.3,
ESTAT:SDG_03_20(1.0),11/07/23 23:00:00,A,PC,TOTAL,Y_GE16,T,VG_G,EL,2020,78.6,
ESTAT:SDG_03_20(1.0),11/07/23 23:00:00,A,PC,TOTAL,Y_GE16,T,VG_G,EL,2021,78.3,
ESTAT:SDG_03_20(1.0),11/07/23 23:00:00,A,PC,TOTAL,Y_GE16,T,VG_G,EL,2022,77.2,
ESTAT:SDG_03_20(1.0),11/07/23 23:00:00,A,PC,TOTAL,Y_GE16,T,VG_G,ES,2005,67.0,
ESTAT:SDG_03_20(1.0),11/07/23 23:00:00,A,PC,TOTAL,Y_GE16,T,VG_G,ES,2006,67.8,
ESTAT:SDG_03_20(1.0),11/07/23 23:00:00,A,PC,TOTAL,Y_GE16,T,VG_G,ES,2007,67.6,
ESTAT:SDG_03_20(1.0),11/07/23 23:00:00,A,PC,TOTAL,Y_GE16,T,VG_G,ES,2008,72.5,
ESTAT:SDG_03_20(1.0),11/07/23 23:00:00,A,PC,TOTAL,Y_GE16,T,VG_G,ES,2009,70.8,
ESTAT:SDG_03_20(1.0),11/07/23 23:00:00,A,PC,TOTAL,Y_GE16,T,VG_G,ES,2010,72.0,
ESTAT:SDG_03_20(1.0),11/07/23 23:00:00,A,PC,TOTAL,Y_GE16,T,VG_G,ES,2011,75.5,
ESTAT:SDG_03_20(1.0),11/07/23 23:00:00,A,PC,TOTAL,Y_GE16,T,VG_G,ES,2012,74.4,
ESTAT:SDG_03_20(1.0),11/07/23 23:00:00,A,PC,TOTAL,Y_GE16,T,VG_G,ES,2013,71.7,
ESTAT:SDG_03_20(1.0),11/07/23 23:00:00,A,PC,TOTAL,Y_GE16,T,VG_G,ES,2014,72.9,
ESTAT:SDG_03_20(1.0),11/07/23 23:00:00,A,PC,TOTAL,Y_GE16,T,VG_G,ES,2015,72.6,
ESTAT:SDG_03_20(1.0),11/07/23 23:00:00,A,PC,TOTAL,Y_GE16,T,VG_G,ES,2016,72.5,
ESTAT:SDG_03_20(1.0),11/07/23 23:00:00,A,PC,TOTAL,Y_GE16,T,VG_G,ES,2017,74.2,
ESTAT:SDG_03_20(1.0),11/07/23 23:00:00,A,PC,TOTAL,Y_GE16,T,VG_G,ES,2018,73.7,
ESTAT:SDG_03_20(1.0),11/07/23 23:00:00,A,PC,TOTAL,Y_GE16,T,VG_G,ES,2019,75.3,
ESTAT:SDG_03_20(1.0),11/07/23 23:00:00,A,PC,TOTAL,Y_GE16,T,VG_G,ES,2020,73.0,
ESTAT:SDG_03_20(1.0),11/07/23 23:00:00,A,PC,TOTAL,Y_GE16,T,VG_G,ES,2021,71.2,
ESTAT:SDG_03_20(1.0),11/07/23 23:00:00,A,PC,TOTAL,Y_GE16,T,VG_G,ES,2022,70.1,
ESTAT:SDG_03_20(1.0),11/07/23 23:00:00,A,PC,TOTAL,Y_GE16,T,VG_G,EU,2005,64.1,
ESTAT:SDG_03_20(1.0),11/07/23 23:00:00,A,PC,TOTAL,Y_GE16,T,VG_G,EU,2006,64.6,
ESTAT:SDG_03_20(1.0),11/07/23 23:00:00,A,PC,TOTAL,Y_GE16,T,VG_G,EU,2007,66.0,
ESTAT:SDG_03_20(1.0),11/07/23 23:00:00,A,PC,TOTAL,Y_GE16,T,VG_G,EU,2008,67.9,
ESTAT:SDG_03_20(1.0),11/07/23 23:00:00,A,PC,TOTAL,Y_GE16,T,VG_G,EU,2009,67.8,
ESTAT:SDG_03_20(1.0),11/07/23 23:00:00,A,PC,TOTAL,Y_GE16,T,VG_G,EU,2010,68.2,
ESTAT:SDG_03_20(1.0),11/07/23 23:00:00,A,PC,TOTAL,Y_GE16,T,VG_G,EU,2011,67.9,
ESTAT:SDG_03_20(1.0),11/07/23 23:00:00,A,PC,TOTAL,Y_GE16,T,VG_G,EU,2012,68.3,
ESTAT:SDG_03_20(1.0),11/07/23 23:00:00,A,PC,TOTAL,Y_GE16,T,VG_G,EU,2013,67.3,
ESTAT:SDG_03_20(1.0),11/07/23 23:00:00,A,PC,TOTAL,Y_GE16,T,VG_G,EU,2014,67.5,
ESTAT:SDG_03_20(1.0),11/07/23 23:00:00,A,PC,TOTAL,Y_GE16,T,VG_G,EU,2015,67.1,
ESTAT:SDG_03_20(1.0),11/07/23 23:00:00,A,PC,TOTAL,Y_GE16,T,VG_G,EU,2016,67.6,
ESTAT:SDG_03_20(1.0),11/07/23 23:00:00,A,PC,TOTAL,Y_GE16,T,VG_G,EU,2017,69.7,
ESTAT:SDG_03_20(1.0),11/07/23 23:00:00,A,PC,TOTAL,Y_GE16,T,VG_G,EU,2018,69.2,
ESTAT:SDG_03_20(1.0),11/07/23 23:00:00,A,PC,TOTAL,Y_GE16,T,VG_G,EU,2019,69.2,e
ESTAT:SDG_03_20(1.0),11/07/23 23:00:00,A,PC,TOTAL,Y_GE16,T,VG_G,EU27_2007,2007,66.0,
ESTAT:SDG_03_20(1.0),11/07/23 23:00:00,A,PC,TOTAL,Y_GE16,T,VG_G,EU27_2007,2008,67.9,
ESTAT:SDG_03_20(1.0),11/07/23 23:00:00,A,PC,TOTAL,Y_GE16,T,VG_G,EU27_2007,2009,67.8,
ESTAT:SDG_03_20(1.0),11/07/23 23:00:00,A,PC,TOTAL,Y_GE16,T,VG_G,EU27_2007,2010,68.3,
ESTAT:SDG_03_20(1.0),11/07/23 23:00:00,A,PC,TOTAL,Y_GE16,T,VG_G,EU27_2007,2011,68.0,
ESTAT:SDG_03_20(1.0),11/07/23 23:00:00,A,PC,TOTAL,Y_GE16,T,VG_G,EU27_2007,2012,68.4,
ESTAT:SDG_03_20(1.0),11/07/23 23:00:00,A,PC,TOTAL,Y_GE16,T,VG_G,EU27_2007,2013,67.4,
ESTAT:SDG_03_20(1.0),11/07/23 23:00:00,A,PC,TOTAL,Y_GE16,T,VG_G,EU27_2007,2014,67.6,
ESTAT:SDG_03_20(1.0),11/07/23 23:00:00,A,PC,TOTAL,Y_GE16,T,VG_G,EU27_2007,2015,67.1,
ESTAT:SDG_03_20(1.0),11/07/23 23:00:00,A,PC,TOTAL,Y_GE16,T,VG_G,EU27_2007,2016,67.7,
ESTAT:SDG_03_20(1.0),11/07/23 23:00:00,A,PC,TOTAL,Y_GE16,T,VG_G,EU27_2007,2017,69.8,
ESTAT:SDG_03_20(1.0),11/07/23 23:00:00,A,PC,TOTAL,Y_GE16,T,VG_G,EU27_2007,2018,69.3,
ESTAT:SDG_03_20(1.0),11/07/23 23:00:00,A,PC,TOTAL,Y_GE16,T,VG_G,EU27_2007,2019,69.3,e
ESTAT:SDG_03_20(1.0),11/07/23 23:00:00,A,PC,TOTAL,Y_GE16,T,VG_G,EU27_2020,2010,66.8,e
ESTAT:SDG_03_20(1.0),11/07/23 23:00:00,A,PC,TOTAL,Y_GE16,T,VG_G,EU27_2020,2011,66.7,e
ESTAT:SDG_03_20(1.0),11/07/23 23:00:00,A,PC,TOTAL,Y_GE16,T,VG_G,EU27_2020,2012,67.3,e
ESTAT:SDG_03_20(1.0),11/07/23 23:00:00,A,PC,TOTAL,Y_GE16,T,VG_G,EU27_2020,2013,66.5,e
ESTAT:SDG_03_20(1.0),11/07/23 23:00:00,A,PC,TOTAL,Y_GE16,T,VG_G,EU27_2020,2014,67.3,e
ESTAT:SDG_03_20(1.0),11/07/23 23:00:00,A,PC,TOTAL,Y_GE16,T,VG_G,EU27_2020,2015,66.7,e
ESTAT:SDG_03_20(1.0),11/07/23 23:00:00,A,PC,TOTAL,Y_GE16,T,VG_G,EU27_2020,2016,67.5,e
ESTAT:SDG_03_20(1.0),11/07/23 23:00:00,A,PC,TOTAL,Y_GE16,T,VG_G,EU27_2020,2017,69.0,
ESTAT:SDG_03_20(1.0),11/07/23 23:00:00,A,PC,TOTAL,Y_GE16,T,VG_G,EU27_2020,2018,68.6,
ESTAT:SDG_03_20(1.0),11/07/23 23:00:00,A,PC,TOTAL,Y_GE16,T,VG_G,EU27_2020,2019,68.6,
ESTAT:SDG_03_20(1.0),11/07/23 23:00:00,A,PC,TOTAL,Y_GE16,T,VG_G,EU27_2020,2020,69.5,e
ESTAT:SDG_03_20(1.0),11/07/23 23:00:00,A,PC,TOTAL,Y_GE16,T,VG_G,EU27_2020,2021,69.0,
ESTAT:SDG_03_20(1.0),11/07/23 23:00:00,A,PC,TOTAL,Y_GE16,T,VG_G,EU27_2020,2022,67.8,
ESTAT:SDG_03_20(1.0),11/07/23 23:00:00,A,PC,TOTAL,Y_GE16,T,VG_G,EU28,2010,68.2,
ESTAT:SDG_03_20(1.0),11/07/23 23:00:00,A,PC,TOTAL,Y_GE16,T,VG_G,EU28,2011,67.9,
ESTAT:SDG_03_20(1.0),11/07/23 23:00:00,A,PC,TOTAL,Y_GE16,T,VG_G,EU28,2012,68.3,
ESTAT:SDG_03_20(1.0),11/07/23 23:00:00,A,PC,TOTAL,Y_GE16,T,VG_G,EU28,2013,67.3,
ESTAT:SDG_03_20(1.0),11/07/23 23:00:00,A,PC,TOTAL,Y_GE16,T,VG_G,EU28,2014,67.5,
ESTAT:SDG_03_20(1.0),11/07/23 23:00:00,A,PC,TOTAL,Y_GE16,T,VG_G,EU28,2015,67.1,
ESTAT:SDG_03_20(1.0),11/07/23 23:00:00,A,PC,TOTAL,Y_GE16,T,VG_G,EU28,2016,67.6,
ESTAT:SDG_03_20(1.0),11/07/23 23:00:00,A,PC,TOTAL,Y_GE16,T,VG_G,EU28,2017,69.7,
ESTAT:SDG_03_20(1.0),11/07/23 23:00:00,A,PC,TOTAL,Y_GE16,T,VG_G,EU28,2018,69.2,
ESTAT:SDG_03_20(1.0),11/07/23 23:00:00,A,PC,TOTAL,Y_GE16,T,VG_G,EU28,2019,69.2,e
ESTAT:SDG_03_20(1.0),11/07/23 23:00:00,A,PC,TOTAL,Y_GE16,T,VG_G,FI,2005,68.6,
ESTAT:SDG_03_20(1.0),11/07/23 23:00:00,A,PC,TOTAL,Y_GE16,T,VG_G,FI,2006,68.7,
ESTAT:SDG_03_20(1.0),11/07/23 23:00:00,A,PC,TOTAL,Y_GE16,T,VG_G,FI,2007,68.4,
ESTAT:SDG_03_20(1.0),11/07/23 23:00:00,A,PC,TOTAL,Y_GE16,T,VG_G,FI,2008,68.6,
ESTAT:SDG_03_20(1.0),11/07/23 23:00:00,A,PC,TOTAL,Y_GE16,T,VG_G,FI,2009,69.0,
ESTAT:SDG_03_20(1.0),11/07/23 23:00:00,A,PC,TOTAL,Y_GE16,T,VG_G,FI,2010,68.5,
ESTAT:SDG_03_20(1.0),11/07/23 23:00:00,A,PC,TOTAL,Y_GE16,T,VG_G,FI,2011,69.1,
ESTAT:SDG_03_20(1.0),11/07/23 23:00:00,A,PC,TOTAL,Y_GE16,T,VG_G,FI,2012,67.2,
ESTAT:SDG_03_20(1.0),11/07/23 23:00:00,A,PC,TOTAL,Y_GE16,T,VG_G,FI,2013,64.7,
ESTAT:SDG_03_20(1.0),11/07/23 23:00:00,A,PC,TOTAL,Y_GE16,T,VG_G,FI,2014,69.4,
ESTAT:SDG_03_20(1.0),11/07/23 23:00:00,A,PC,TOTAL,Y_GE16,T,VG_G,FI,2015,69.9,
ESTAT:SDG_03_20(1.0),11/07/23 23:00:00,A,PC,TOTAL,Y_GE16,T,VG_G,FI,2016,70.3,
ESTAT:SDG_03_20(1.0),11/07/23 23:00:00,A,PC,TOTAL,Y_GE16,T,VG_G,FI,2017,70.2,
ESTAT:SDG_03_20(1.0),11/07/23 23:00:00,A,PC,TOTAL,Y_GE16,T,VG_G,FI,2018,69.0,
ESTAT:SDG_03_20(1.0),11/07/23 23:00:00,A,PC,TOTAL,Y_GE16,T,VG_G,FI,2019,68.6,
ESTAT:SDG_03_20(1.0),11/07/23 23:00:00,A,PC,TOTAL,Y_GE16,T,VG_G,FI,2020,70.0,
ESTAT:SDG_03_20(1.0),11/07/23 23:00:00,A,PC,TOTAL,Y_GE16,T,VG_G,FI,2021,70.2,
ESTAT:SDG_03_20(1.0),11/07/23 23:00:00,A,PC,TOTAL,Y_GE16,T,VG_G,FI,2022,64.5,
ESTAT:SDG_03_20(1.0),11/07/23 23:00:00,A,PC,TOTAL,Y_GE16,T,VG_G,FR,2005,68.8,
ESTAT:SDG_03_20(1.0),11/07/23 23:00:00,A,PC,TOTAL,Y_GE16,T,VG_G,FR,2006,69.4,
ESTAT:SDG_03_20(1.0),11/07/23 23:00:00,A,PC,TOTAL,Y_GE16,T,VG_G,FR,2007,71.3,
ESTAT:SDG_03_20(1.0),11/07/23 23:00:00,A,PC,TOTAL,Y_GE16,T,VG_G,FR,2008,69.3,
ESTAT:SDG_03_20(1.0),11/07/23 23:00:00,A,PC,TOTAL,Y_GE16,T,VG_G,FR,2009,68.7,
ESTAT:SDG_03_20(1.0),11/07/23 23:00:00,A,PC,TOTAL,Y_GE16,T,VG_G,FR,2010,67.4,
ESTAT:SDG_03_20(1.0),11/07/23 23:00:00,A,PC,TOTAL,Y_GE16,T,VG_G,FR,2011,67.6,
ESTAT:SDG_03_20(1.0),11/07/23 23:00:00,A,PC,TOTAL,Y_GE16,T,VG_G,FR,2012,68.2,
ESTAT:SDG_03_20(1.0),11/07/23 23:00:00,A,PC,TOTAL,Y_GE16,T,VG_G,FR,2013,67.2,
ESTAT:SDG_03_20(1.0),11/07/23 23:00:00,A,PC,TOTAL,Y_GE16,T,VG_G,FR,2014,68.3,
ESTAT:SDG_03_20(1.0),11/07/23 23:00:00,A,PC,TOTAL,Y_GE16,T,VG_G,FR,2015,67.9,
ESTAT:SDG_03_20(1.0),11/07/23 23:00:00,A,PC,TOTAL,Y_GE16,T,VG_G,FR,2016,66.4,
ESTAT:SDG_03_20(1.0),11/07/23 23:00:00,A,PC,TOTAL,Y_GE16,T,VG_G,FR,2017,67.4,
ESTAT:SDG_03_20(1.0),11/07/23 23:00:00,A,PC,TOTAL,Y_GE16,T,VG_G,FR,2018,67.7,
ESTAT:SDG_03_20(1.0),11/07/23 23:00:00,A,PC,TOTAL,Y_GE16,T,VG_G,FR,2019,66.7,
ESTAT:SDG_03_20(1.0),11/07/23 23:00:00,A,PC,TOTAL,Y_GE16,T,VG_G,FR,2020,68.4,b
ESTAT:SDG_03_20(1.0),11/07/23 23:00:00,A,PC,TOTAL,Y_GE16,T,VG_G,FR,2021,67.9,
ESTAT:SDG_03_20(1.0),11/07/23 23:00:00,A,PC,TOTAL,Y_GE16,T,VG_G,FR,2022,65.2,p
ESTAT:SDG_03_20(1.0),11/07/23 23:00:00,A,PC,TOTAL,Y_GE16,T,VG_G,HR,2010,48.2,
ESTAT:SDG_03_20(1.0),11/07/23 23:00:00,A,PC,TOTAL,Y_GE16,T,VG_G,HR,2011,46.6,
ESTAT:SDG_03_20(1.0),11/07/23 23:00:00,A,PC,TOTAL,Y_GE16,T,VG_G,HR,2012,46.9,
ESTAT:SDG_03_20(1.0),11/07/23 23:00:00,A,PC,TOTAL,Y_GE16,T,VG_G,HR,2013,46.6,
ESTAT:SDG_03_20(1.0),11/07/23 23:00:00,A,PC,TOTAL,Y_GE16,T,VG_G,HR,2014,58.1,
ESTAT:SDG_03_20(1.0),11/07/23 23:00:00,A,PC,TOTAL,Y_GE16,T,VG_G,HR,2015,58.2,
ESTAT:SDG_03_20(1.0),11/07/23 23:00:00,A,PC,TOTAL,Y_GE16,T,VG_G,HR,2016,59.2,
ESTAT:SDG_03_20(1.0),11/07/23 23:00:00,A,PC,TOTAL,Y_GE16,T,VG_G,HR,2017,60.9,
ESTAT:SDG_03_20(1.0),11/07/23 23:00:00,A,PC,TOTAL,Y_GE16,T,VG_G,HR,2018,60.7,
ESTAT:SDG_03_20(1.0),11/07/23 23:00:00,A,PC,TOTAL,Y_GE16,T,VG_G,HR,2019,60.5,
ESTAT:SDG_03_20(1.0),11/07/23 23:00:00,A,PC,TOTAL,Y_GE16,T,VG_G,HR,2020,63.7,
ESTAT:SDG_03_20(1.0),11/07/23 23:00:00,A,PC,TOTAL,Y_GE16,T,VG_G,HR,2021,62.8,
ESTAT:SDG_03_20(1.0),11/07/23 23:00:00,A,PC,TOTAL,Y_GE16,T,VG_G,HR,2022,63.2,
ESTAT:SDG_03_20(1.0),11/07/23 23:00:00,A,PC,TOTAL,Y_GE16,T,VG_G,HU,2005,45.4,
ESTAT:SDG_03_20(1.0),11/07/23 23:00:00,A,PC,TOTAL,Y_GE16,T,VG_G,HU,2006,48.3,
ESTAT:SDG_03_20(1.0),11/07/23 23:00:00,A,PC,TOTAL,Y_GE16,T,VG_G,HU,2007,46.8,
ESTAT:SDG_03_20(1.0),11/07/23 23:00:00,A,PC,TOTAL,Y_GE16,T,VG_G,HU,2008,55.2,
ESTAT:SDG_03_20(1.0),11/07/23 23:00:00,A,PC,TOTAL,Y_GE16,T,VG_G,HU,2009,56.0,
ESTAT:SDG_03_20(1.0),11/07/23 23:00:00,A,PC,TOTAL,Y_GE16,T,VG_G,HU,2010,55.1,
ESTAT:SDG_03_20(1.0),11/07/23 23:00:00,A,PC,TOTAL,Y_GE16,T,VG_G,HU,2011,55.7,
ESTAT:SDG_03_20(1.0),11/07/23 23:00:00,A,PC,TOTAL,Y_GE16,T,VG_G,HU,2012,57.2,
ESTAT:SDG_03_20(1.0),11/07/23 23:00:00,A,PC,TOTAL,Y_GE16,T,VG_G,HU,2013,56.2,
ESTAT:SDG_03_20(1.0),11/07/23 23:00:00,A,PC,TOTAL,Y_GE16,T,VG_G,HU,2014,57.0,
ESTAT:SDG_03_20(1.0),11/07/23 23:00:00,A,PC,TOTAL,Y_GE16,T,VG_G,HU,2015,56.4,
ESTAT:SDG_03_20(1.0),11/07/23 23:00:00,A,PC,TOTAL,Y_GE16,T,VG_G,HU,2016,59.6,
ESTAT:SDG_03_20(1.0),11/07/23 23:00:00,A,PC,TOTAL,Y_GE16,T,VG_G,HU,2017,59.3,
ESTAT:SDG_03_20(1.0),11/07/23 23:00:00,A,PC,TOTAL,Y_GE16,T,VG_G,HU,2018,60.7,
ESTAT:SDG_03_20(1.0),11/07/23 23:00:00,A,PC,TOTAL,Y_GE16,T,VG_G,HU,2019,58.3,
ESTAT:SDG_03_20(1.0),11/07/23 23:00:00,A,PC,TOTAL,Y_GE16,T,VG_G,HU,2020,62.1,
ESTAT:SDG_03_20(1.0),11/07/23 23:00:00,A,PC,TOTAL,Y_GE16,T,VG_G,HU,2021,64.8,
ESTAT:SDG_03_20(1.0),11/07/23 23:00:00,A,PC,TOTAL,Y_GE16,T,VG_G,HU,2022,63.1,
ESTAT:SDG_03_20(1.0),11/07/23 23:00:00,A,PC,TOTAL,Y_GE16,T,VG_G,IE,2005,82.9,
ESTAT:SDG_03_20(1.0),11/07/23 23:00:00,A,PC,TOTAL,Y_GE16,T,VG_G,IE,2006,83.1,
ESTAT:SDG_03_20(1.0),11/07/23 23:00:00,A,PC,TOTAL,Y_GE16,T,VG_G,IE,2007,84.1,
ESTAT:SDG_03_20(1.0),11/07/23 23:00:00,A,PC,TOTAL,Y_GE16,T,VG_G,IE,2008,84.5,
ESTAT:SDG_03_20(1.0),11/07/23 23:00:00,A,PC,TOTAL,Y_GE16,T,VG_G,IE,2009,83.4,
ESTAT:SDG_03_20(1.0),11/07/23 23:00:00,A,PC,TOTAL,Y_GE16,T,VG_G,IE,2010,83.3,
ESTAT:SDG_03_20(1.0),11/07/23 23:00:00,A,PC,TOTAL,Y_GE16,T,VG_G,IE,2011,83.3,
ESTAT:SDG_03_20(1.0),11/07/23 23:00:00,A,PC,TOTAL,Y_GE16,T,VG_G,IE,2012,82.8,
ESTAT:SDG_03_20(1.0),11/07/23 23:00:00,A,PC,TOTAL,Y_GE16,T,VG_G,IE,2013,82.0,
ESTAT:SDG_03_20(1.0),11/07/23 23:00:00,A,PC,TOTAL,Y_GE16,T,VG_G,IE,2014,82.7,
ESTAT:SDG_03_20(1.0),11/07/23 23:00:00,A,PC,TOTAL,Y_GE16,T,VG_G,IE,2015,82.6,
ESTAT:SDG_03_20(1.0),11/07/23 23:00:00,A,PC,TOTAL,Y_GE16,T,VG_G,IE,2016,82.9,
ESTAT:SDG_03_20(1.0),11/07/23 23:00:00,A,PC,TOTAL,Y_GE16,T,VG_G,IE,2017,83.3,
ESTAT:SDG_03_20(1.0),11/07/23 23:00:00,A,PC,TOTAL,Y_GE16,T,VG_G,IE,2018,84.1,
ESTAT:SDG_03_20(1.0),11/07/23 23:00:00,A,PC,TOTAL,Y_GE16,T,VG_G,IE,2019,84.0,
ESTAT:SDG_03_20(1.0),11/07/23 23:00:00,A,PC,TOTAL,Y_GE16,T,VG_G,IE,2020,83.7,b
ESTAT:SDG_03_20(1.0),11/07/23 23:00:00,A,PC,TOTAL,Y_GE16,T,VG_G,IE,2021,81.2,
ESTAT:SDG_03_20(1.0),11/07/23 23:00:00,A,PC,TOTAL,Y_GE16,T,VG_G,IE,2022,80.1,
ESTAT:SDG_03_20(1.0),11/07/23 23:00:00,A,PC,TOTAL,Y_GE16,T,VG_G,IS,2005,79.5,
ESTAT:SDG_03_20(1.0),11/07/23 23:00:00,A,PC,TOTAL,Y_GE16,T,VG_G,IS,2006,80.9,
ESTAT:SDG_03_20(1.0),11/07/23 23:00:00,A,PC,TOTAL,Y_GE16,T,VG_G,IS,2007,79.2,
ESTAT:SDG_03_20(1.0),11/07/23 23:00:00,A,PC,TOTAL,Y_GE16,T,VG_G,IS,2008,80.6,
ESTAT:SDG_03_20(1.0),11/07/23 23:00:00,A,PC,TOTAL,Y_GE16,T,VG_G,IS,2009,80.3,
ESTAT:SDG_03_20(1.0),11/07/23 23:00:00,A,PC,TOTAL,Y_GE16,T,VG_G,IS,2010,77.8,
ESTAT:SDG_03_20(1.0),11/07/23 23:00:00,A,PC,TOTAL,Y_GE16,T,VG_G,IS,2011,77.8,
ESTAT:SDG_03_20(1.0),11/07/23 23:00:00,A,PC,TOTAL,Y_GE16,T,VG_G,IS,2012,76.9,
ESTAT:SDG_03_20(1.0),11/07/23 23:00:00,A,PC,TOTAL,Y_GE16,T,VG_G,IS,2013,76.8,
ESTAT:SDG_03_20(1.0),11/07/23 23:00:00,A,PC,TOTAL,Y_GE16,T,VG_G,IS,2014,76.1,
ESTAT:SDG_03_20(1.0),11/07/23 23:00:00,A,PC,TOTAL,Y_GE16,T,VG_G,IS,2015,76.4,
ESTAT:SDG_03_20(1.0),11/07/23 23:00:00,A,PC,TOTAL,Y_GE16,T,VG_G,IS,2016,76.1,
ESTAT:SDG_03_20(1.0),11/07/23 23:00:00,A,PC,TOTAL,Y_GE16,T,VG_G,IS,2017,77.1,
ESTAT:SDG_03_20(1.0),11/07/23 23:00:00,A,PC,TOTAL,Y_GE16,T,VG_G,IS,2018,76.7,
ESTAT:SDG_03_20(1.0),11/07/23 23:00:00,A,PC,TOTAL,Y_GE16,T,VG_G,IT,2005,57.6,
ESTAT:SDG_03_20(1.0),11/07/23 23:00:00,A,PC,TOTAL,Y_GE16,T,VG_G,IT,2006,56.7,
ESTAT:SDG_03_20(1.0),11/07/23 23:00:00,A,PC,TOTAL,Y_GE16,T,VG_G,IT,2007,63.3,
ESTAT:SDG_03_20(1.0),11/07/23 23:00:00,A,PC,TOTAL,Y_GE16,T,VG_G,IT,2008,63.4,
ESTAT:SDG_03_20(1.0),11/07/23 23:00:00,A,PC,TOTAL,Y_GE16,T,VG_G,IT,2009,63.5,
ESTAT:SDG_03_20(1.0),11/07/23 23:00:00,A,PC,TOTAL,Y_GE16,T,VG_G,IT,2010,66.4,
ESTAT:SDG_03_20(1.0),11/07/23 23:00:00,A,PC,TOTAL,Y_GE16,T,VG_G,IT,2011,64.6,
ESTAT:SDG_03_20(1.0),11/07/23 23:00:00,A,PC,TOTAL,Y_GE16,T,VG_G,IT,2012,68.1,
ESTAT:SDG_03_20(1.0),11/07/23 23:00:00,A,PC,TOTAL,Y_GE16,T,VG_G,IT,2013,66.3,
ESTAT:SDG_03_20(1.0),11/07/23 23:00:00,A,PC,TOTAL,Y_GE16,T,VG_G,IT,2014,68.0,
ESTAT:SDG_03_20(1.0),11/07/23 23:00:00,A,PC,TOTAL,Y_GE16,T,VG_G,IT,2015,65.8,
ESTAT:SDG_03_20(1.0),11/07/23 23:00:00,A,PC,TOTAL,Y_GE16,T,VG_G,IT,2016,70.9,
ESTAT:SDG_03_20(1.0),11/07/23 23:00:00,A,PC,TOTAL,Y_GE16,T,VG_G,IT,2017,77.0,
ESTAT:SDG_03_20(1.0),11/07/23 23:00:00,A,PC,TOTAL,Y_GE16,T,VG_G,IT,2018,73.3,
ESTAT:SDG_03_20(1.0),11/07/23 23:00:00,A,PC,TOTAL,Y_GE16,T,VG_G,IT,2019,72.9,
ESTAT:SDG_03_20(1.0),11/07/23 23:00:00,A,PC,TOTAL,Y_GE16,T,VG_G,IT,2021,73.6,
ESTAT:SDG_03_20(1.0),11/07/23 23:00:00,A,PC,TOTAL,Y_GE16,T,VG_G,IT,2022,72.9,
ESTAT:SDG_03_20(1.0),11/07/23 23:00:00,A,PC,TOTAL,Y_GE16,T,VG_G,LT,2005,42.6,
ESTAT:SDG_03_20(1.0),11/07/23 23:00:00,A,PC,TOTAL,Y_GE16,T,VG_G,LT,2006,43.5,
ESTAT:SDG_03_20(1.0),11/07/23 23:00:00,A,PC,TOTAL,Y_GE16,T,VG_G,LT,2007,48.8,
ESTAT:SDG_03_20(1.0),11/07/23 23:00:00,A,PC,TOTAL,Y_GE16,T,VG_G,LT,2008,46.6,
ESTAT:SDG_03_20(1.0),11/07/23 23:00:00,A,PC,TOTAL,Y_GE16,T,VG_G,LT,2009,48.3,
ESTAT:SDG_03_20(1.0),11/07/23 23:00:00,A,PC,TOTAL,Y_GE16,T,VG_G,LT,2010,50.2,
ESTAT:SDG_03_20(1.0),11/07/23 23:00:00,A,PC,TOTAL,Y_GE16,T,VG_G,LT,2011,44.2,
ESTAT:SDG_03_20(1.0),11/07/23 23:00:00,A,PC,TOTAL,Y_GE16,T,VG_G,LT,2012,44.6,
ESTAT:SDG_03_20(1.0),11/07/23 23:00:00,A,PC,TOTAL,Y_GE16,T,VG_G,LT,2013,46.3,
ESTAT:SDG_03_20(1.0),11/07/23 23:00:00,A,PC,TOTAL,Y_GE16,T,VG_G,LT,2014,45.0,
ESTAT:SDG_03_20(1.0),11/07/23 23:00:00,A,PC,TOTAL,Y_GE16,T,VG_G,LT,2015,42.8,
ESTAT:SDG_03_20(1.0),11/07/23 23:00:00,A,PC,TOTAL,Y_GE16,T,VG_G,LT,2016,43.4,
ESTAT:SDG_03_20(1.0),11/07/23 23:00:00,A,PC,TOTAL,Y_GE16,T,VG_G,LT,2017,43.9,
ESTAT:SDG_03_20(1.0),11/07/23 23:00:00,A,PC,TOTAL,Y_GE16,T,VG_G,LT,2018,44.0,
ESTAT:SDG_03_20(1.0),11/07/23 23:00:00,A,PC,TOTAL,Y_GE16,T,VG_G,LT,2019,46.2,
ESTAT:SDG_03_20(1.0),11/07/23 23:00:00,A,PC,TOTAL,Y_GE16,T,VG_G,LT,2020,44.3,
ESTAT:SDG_03_20(1.0),11/07/23 23:00:00,A,PC,TOTAL,Y_GE16,T,VG_G,LT,2021,47.9,
ESTAT:SDG_03_20(1.0),11/07/23 23:00:00,A,PC,TOTAL,Y_GE16,T,VG_G,LT,2022,48.1,
ESTAT:SDG_03_20(1.0),11/07/23 23:00:00,A,PC,TOTAL,Y_GE16,T,VG_G,LU,2005,73.7,
ESTAT:SDG_03_20(1.0),11/07/23 23:00:00,A,PC,TOTAL,Y_GE16,T,VG_G,LU,2006,74.2,
ESTAT:SDG_03_20(1.0),11/07/23 23:00:00,A,PC,TOTAL,Y_GE16,T,VG_G,LU,2007,74.5,
ESTAT:SDG_03_20(1.0),11/07/23 23:00:00,A,PC,TOTAL,Y_GE16,T,VG_G,LU,2008,74.1,
ESTAT:SDG_03_20(1.0),11/07/23 23:00:00,A,PC,TOTAL,Y_GE16,T,VG_G,LU,2009,73.9,
ESTAT:SDG_03_20(1.0),11/07/23 23:00:00,A,PC,TOTAL,Y_GE16,T,VG_G,LU,2010,75.3,
ESTAT:SDG_03_20(1.0),11/07/23 23:00:00,A,PC,TOTAL,Y_GE16,T,VG_G,LU,2011,72.6,
ESTAT:SDG_03_20(1.0),11/07/23 23:00:00,A,PC,TOTAL,Y_GE16,T,VG_G,LU,2012,73.9,
ESTAT:SDG_03_20(1.0),11/07/23 23:00:00,A,PC,TOTAL,Y_GE16,T,VG_G,LU,2013,71.9,
ESTAT:SDG_03_20(1.0),11/07/23 23:00:00,A,PC,TOTAL,Y_GE16,T,VG_G,LU,2014,72.9,
ESTAT:SDG_03_20(1.0),11/07/23 23:00:00,A,PC,TOTAL,Y_GE16,T,VG_G,LU,2015,70.5,
ESTAT:SDG_03_20(1.0),11/07/23 23:00:00,A,PC,TOTAL,Y_GE16,T,VG_G,LU,2016,69.2,
ESTAT:SDG_03_20(1.0),11/07/23 23:00:00,A,PC,TOTAL,Y_GE16,T,VG_G,LU,2017,71.1,
ESTAT:SDG_03_20(1.0),11/07/23 23:00:00,A,PC,TOTAL,Y_GE16,T,VG_G,LU,2018,68.6,
ESTAT:SDG_03_20(1.0),11/07/23 23:00:00,A,PC,TOTAL,Y_GE16,T,VG_G,LU,2019,71.9,
ESTAT:SDG_03_20(1.0),11/07/23 23:00:00,A,PC,TOTAL,Y_GE16,T,VG_G,LU,2020,73.6,b
ESTAT:SDG_03_20(1.0),11/07/23 23:00:00,A,PC,TOTAL,Y_GE16,T,VG_G,LU,2021,76.5,b
ESTAT:SDG_03_20(1.0),11/07/23 23:00:00,A,PC,TOTAL,Y_GE16,T,VG_G,LU,2022,74.4,b
ESTAT:SDG_03_20(1.0),11/07/23 23:00:00,A,PC,TOTAL,Y_GE16,T,VG_G,LV,2005,35.0,
ESTAT:SDG_03_20(1.0),11/07/23 23:00:00,A,PC,TOTAL,Y_GE16,T,VG_G,LV,2006,40.4,
ESTAT:SDG_03_20(1.0),11/07/23 23:00:00,A,PC,TOTAL,Y_GE16,T,VG_G,LV,2007,42.5,
ESTAT:SDG_03_20(1.0),11/07/23 23:00:00,A,PC,TOTAL,Y_GE16,T,VG_G,LV,2008,43.6,
ESTAT:SDG_03_20(1.0),11/07/23 23:00:00,A,PC,TOTAL,Y_GE16,T,VG_G,LV,2009,46.1,
ESTAT:SDG_03_20(1.0),11/07/23 23:00:00,A,PC,TOTAL,Y_GE16,T,VG_G,LV,2010,47.7,
ESTAT:SDG_03_20(1.0),11/07/23 23:00:00,A,PC,TOTAL,Y_GE16,T,VG_G,LV,2011,46.1,
ESTAT:SDG_03_20(1.0),11/07/23 23:00:00,A,PC,TOTAL,Y_GE16,T,VG_G,LV,2012,46.8,
ESTAT:SDG_03_20(1.0),11/07/23 23:00:00,A,PC,TOTAL,Y_GE16,T,VG_G,LV,2013,45.3,
ESTAT:SDG_03_20(1.0),11/07/23 23:00:00,A,PC,TOTAL,Y_GE16,T,VG_G,LV,2014,45.8,
ESTAT:SDG_03_20(1.0),11/07/23 23:00:00,A,PC,TOTAL,Y_GE16,T,VG_G,LV,2015,46.3,
ESTAT:SDG_03_20(1.0),11/07/23 23:00:00,A,PC,TOTAL,Y_GE16,T,VG_G,LV,2016,47.2,
ESTAT:SDG_03_20(1.0),11/07/23 23:00:00,A,PC,TOTAL,Y_GE16,T,VG_G,LV,2017,44.2,
ESTAT:SDG_03_20(1.0),11/07/23 23:00:00,A,PC,TOTAL,Y_GE16,T,VG_G,LV,2018,47.0,
ESTAT:SDG_03_20(1.0),11/07/23 23:00:00,A,PC,TOTAL,Y_GE16,T,VG_G,LV,2019,47.1,
ESTAT:SDG_03_20(1.0),11/07/23 23:00:00,A,PC,TOTAL,Y_GE16,T,VG_G,LV,2020,49.7,
ESTAT:SDG_03_20(1.0),11/07/23 23:00:00,A,PC,TOTAL,Y_GE16,T,VG_G,LV,2021,49.8,
ESTAT:SDG_03_20(1.0),11/07/23 23:00:00,A,PC,TOTAL,Y_GE16,T,VG_G,LV,2022,50.2,
ESTAT:SDG_03_20(1.0),11/07/23 23:00:00,A,PC,TOTAL,Y_GE16,T,VG_G,ME,2013,69.3,
ESTAT:SDG_03_20(1.0),11/07/23 23:00:00,A,PC,TOTAL,Y_GE16,T,VG_G,ME,2014,71.4,
ESTAT:SDG_03_20(1.0),11/07/23 23:00:00,A,PC,TOTAL,Y_GE16,T,VG_G,ME,2015,68.9,
ESTAT:SDG_03_20(1.0),11/07/23 23:00:00,A,PC,TOTAL,Y_GE16,T,VG_G,ME,2016,69.2,
ESTAT:SDG_03_20(1.0),11/07/23 23:00:00,A,PC,TOTAL,Y_GE16,T,VG_G,ME,2017,69.5,
ESTAT:SDG_03_20(1.0),11/07/23 23:00:00,A,PC,TOTAL,Y_GE16,T,VG_G,ME,2018,71.0,
ESTAT:SDG_03_20(1.0),11/07/23 23:00:00,A,PC,TOTAL,Y_GE16,T,VG_G,ME,2019,69.2,
ESTAT:SDG_03_20(1.0),11/07/23 23:00:00,A,PC,TOTAL,Y_GE16,T,VG_G,ME,2020,70.3,
ESTAT:SDG_03_20(1.0),11/07/23 23:00:00,A,PC,TOTAL,Y_GE16,T,VG_G,ME,2021,73.0,
ESTAT:SDG_03_20(1.0),11/07/23 23:00:00,A,PC,TOTAL,Y_GE16,T,VG_G,MK,2010,72.7,
ESTAT:SDG_03_20(1.0),11/07/23 23:00:00,A,PC,TOTAL,Y_GE16,T,VG_G,MK,2011,73.0,
ESTAT:SDG_03_20(1.0),11/07/23 23:00:00,A,PC,TOTAL,Y_GE16,T,VG_G,MK,2012,76.3,
ESTAT:SDG_03_20(1.0),11/07/23 23:00:00,A,PC,TOTAL,Y_GE16,T,VG_G,MK,2013,76.2,
ESTAT:SDG_03_20(1.0),11/07/23 23:00:00,A,PC,TOTAL,Y_GE16,T,VG_G,MK,2014,78.7,
ESTAT:SDG_03_20(1.0),11/07/23 23:00:00,A,PC,TOTAL,Y_GE16,T,VG_G,MK,2015,77.1,
ESTAT:SDG_03_20(1.0),11/07/23 23:00:00,A,PC,TOTAL,Y_GE16,T,VG_G,MK,2016,78.4,
ESTAT:SDG_03_20(1.0),11/07/23 23:00:00,A,PC,TOTAL,Y_GE16,T,VG_G,MK,2017,75.4,
ESTAT:SDG_03_20(1.0),11/07/23 23:00:00,A,PC,TOTAL,Y_GE16,T,VG_G,MK,2018,75.5,
ESTAT:SDG_03_20(1.0),11/07/23 23:00:00,A,PC,TOTAL,Y_GE16,T,VG_G,MK,2019,74.7,
ESTAT:SDG_03_20(1.0),11/07/23 23:00:00,A,PC,TOTAL,Y_GE16,T,VG_G,MK,2020,76.6,
ESTAT:SDG_03_20(1.0),11/07/23 23:00:00,A,PC,TOTAL,Y_GE16,T,VG_G,MT,2005,71.4,
ESTAT:SDG_03_20(1.0),11/07/23 23:00:00,A,PC,TOTAL,Y_GE16,T,VG_G,MT,2006,74.6,
ESTAT:SDG_03_20(1.0),11/07/23 23:00:00,A,PC,TOTAL,Y_GE16,T,VG_G,MT,2007,74.3,
ESTAT:SDG_03_20(1.0),11/07/23 23:00:00,A,PC,TOTAL,Y_GE16,T,VG_G,MT,2008,73.8,
ESTAT:SDG_03_20(1.0),11/07/23 23:00:00,A,PC,TOTAL,Y_GE16,T,VG_G,MT,2009,68.7,
ESTAT:SDG_03_20(1.0),11/07/23 23:00:00,A,PC,TOTAL,Y_GE16,T,VG_G,MT,2010,67.6,
ESTAT:SDG_03_20(1.0),11/07/23 23:00:00,A,PC,TOTAL,Y_GE16,T,VG_G,MT,2011,70.0,
ESTAT:SDG_03_20(1.0),11/07/23 23:00:00,A,PC,TOTAL,Y_GE16,T,VG_G,MT,2012,72.1,
ESTAT:SDG_03_20(1.0),11/07/23 23:00:00,A,PC,TOTAL,Y_GE16,T,VG_G,MT,2013,71.8,
ESTAT:SDG_03_20(1.0),11/07/23 23:00:00,A,PC,TOTAL,Y_GE16,T,VG_G,MT,2014,75.0,
ESTAT:SDG_03_20(1.0),11/07/23 23:00:00,A,PC,TOTAL,Y_GE16,T,VG_G,MT,2015,71.2,
ESTAT:SDG_03_20(1.0),11/07/23 23:00:00,A,PC,TOTAL,Y_GE16,T,VG_G,MT,2016,72.9,
ESTAT:SDG_03_20(1.0),11/07/23 23:00:00,A,PC,TOTAL,Y_GE16,T,VG_G,MT,2017,75.4,
ESTAT:SDG_03_20(1.0),11/07/23 23:00:00,A,PC,TOTAL,Y_GE16,T,VG_G,MT,2018,75.0,
ESTAT:SDG_03_20(1.0),11/07/23 23:00:00,A,PC,TOTAL,Y_GE16,T,VG_G,MT,2019,74.2,
ESTAT:SDG_03_20(1.0),11/07/23 23:00:00,A,PC,TOTAL,Y_GE16,T,VG_G,MT,2020,75.7,
ESTAT:SDG_03_20(1.0),11/07/23 23:00:00,A,PC,TOTAL,Y_GE16,T,VG_G,MT,2021,73.0,
ESTAT:SDG_03_20(1.0),11/07/23 23:00:00,A,PC,TOTAL,Y_GE16,T,VG_G,MT,2022,76.7,
ESTAT:SDG_03_20(1.0),11/07/23 23:00:00,A,PC,TOTAL,Y_GE16,T,VG_G,NL,2005,76.4,
ESTAT:SDG_03_20(1.0),11/07/23 23:00:00,A,PC,TOTAL,Y_GE16,T,VG_G,NL,2006,76.9,
ESTAT:SDG_03_20(1.0),11/07/23 23:00:00,A,PC,TOTAL,Y_GE16,T,VG_G,NL,2007,76.3,
ESTAT:SDG_03_20(1.0),11/07/23 23:00:00,A,PC,TOTAL,Y_GE16,T,VG_G,NL,2008,77.3,
ESTAT:SDG_03_20(1.0),11/07/23 23:00:00,A,PC,TOTAL,Y_GE16,T,VG_G,NL,2009,77.7,
ESTAT:SDG_03_20(1.0),11/07/23 23:00:00,A,PC,TOTAL,Y_GE16,T,VG_G,NL,2010,77.9,
ESTAT:SDG_03_20(1.0),11/07/23 23:00:00,A,PC,TOTAL,Y_GE16,T,VG_G,NL,2011,76.4,
ESTAT:SDG_03_20(1.0),11/07/23 23:00:00,A,PC,TOTAL,Y_GE16,T,VG_G,NL,2012,75.7,
ESTAT:SDG_03_20(1.0),11/07/23 23:00:00,A,PC,TOTAL,Y_GE16,T,VG_G,NL,2013,75.5,
ESTAT:SDG_03_20(1.0),11/07/23 23:00:00,A,PC,TOTAL,Y_GE16,T,VG_G,NL,2014,77.3,
ESTAT:SDG_03_20(1.0),11/07/23 23:00:00,A,PC,TOTAL,Y_GE16,T,VG_G,NL,2015,76.2,
ESTAT:SDG_03_20(1.0),11/07/23 23:00:00,A,PC,TOTAL,Y_GE16,T,VG_G,NL,2016,75.9,
ESTAT:SDG_03_20(1.0),11/07/23 23:00:00,A,PC,TOTAL,Y_GE16,T,VG_G,NL,2017,76.1,
ESTAT:SDG_03_20(1.0),11/07/23 23:00:00,A,PC,TOTAL,Y_GE16,T,VG_G,NL,2018,75.7,
ESTAT:SDG_03_20(1.0),11/07/23 23:00:00,A,PC,TOTAL,Y_GE16,T,VG_G,NL,2019,74.8,
ESTAT:SDG_03_20(1.0),11/07/23 23:00:00,A,PC,TOTAL,Y_GE16,T,VG_G,NL,2020,77.9,
ESTAT:SDG_03_20(1.0),11/07/23 23:00:00,A,PC,TOTAL,Y_GE16,T,VG_G,NL,2021,73.2,
ESTAT:SDG_03_20(1.0),11/07/23 23:00:00,A,PC,TOTAL,Y_GE16,T,VG_G,NL,2022,71.2,
ESTAT:SDG_03_20(1.0),11/07/23 23:00:00,A,PC,TOTAL,Y_GE16,T,VG_G,NO,2005,73.6,
ESTAT:SDG_03_20(1.0),11/07/23 23:00:00,A,PC,TOTAL,Y_GE16,T,VG_G,NO,2006,74.4,
ESTAT:SDG_03_20(1.0),11/07/23 23:00:00,A,PC,TOTAL,Y_GE16,T,VG_G,NO,2007,76.4,
ESTAT:SDG_03_20(1.0),11/07/23 23:00:00,A,PC,TOTAL,Y_GE16,T,VG_G,NO,2008,76.6,
ESTAT:SDG_03_20(1.0),11/07/23 23:00:00,A,PC,TOTAL,Y_GE16,T,VG_G,NO,2009,76.5,
ESTAT:SDG_03_20(1.0),11/07/23 23:00:00,A,PC,TOTAL,Y_GE16,T,VG_G,NO,2010,76.8,
ESTAT:SDG_03_20(1.0),11/07/23 23:00:00,A,PC,TOTAL,Y_GE16,T,VG_G,NO,2011,73.3,
ESTAT:SDG_03_20(1.0),11/07/23 23:00:00,A,PC,TOTAL,Y_GE16,T,VG_G,NO,2012,78.8,
ESTAT:SDG_03_20(1.0),11/07/23 23:00:00,A,PC,TOTAL,Y_GE16,T,VG_G,NO,2013,76.2,
ESTAT:SDG_03_20(1.0),11/07/23 23:00:00,A,PC,TOTAL,Y_GE16,T,VG_G,NO,2014,78.5,
ESTAT:SDG_03_20(1.0),11/07/23 23:00:00,A,PC,TOTAL,Y_GE16,T,VG_G,NO,2015,78.4,
ESTAT:SDG_03_20(1.0),11/07/23 23:00:00,A,PC,TOTAL,Y_GE16,T,VG_G,NO,2016,77.1,
ESTAT:SDG_03_20(1.0),11/07/23 23:00:00,A,PC,TOTAL,Y_GE16,T,VG_G,NO,2017,77.4,
ESTAT:SDG_03_20(1.0),11/07/23 23:00:00,A,PC,TOTAL,Y_GE16,T,VG_G,NO,2018,76.6,
ESTAT:SDG_03_20(1.0),11/07/23 23:00:00,A,PC,TOTAL,Y_GE16,T,VG_G,NO,2019,72.7,
ESTAT:SDG_03_20(1.0),11/07/23 23:00:00,A,PC,TOTAL,Y_GE16,T,VG_G,NO,2020,74.7,
ESTAT:SDG_03_20(1.0),11/07/23 23:00:00,A,PC,TOTAL,Y_GE16,T,VG_G,PL,2005,54.5,
ESTAT:SDG_03_20(1.0),11/07/23 23:00:00,A,PC,TOTAL,Y_GE16,T,VG_G,PL,2006,54.7,
ESTAT:SDG_03_20(1.0),11/07/23 23:00:00,A,PC,TOTAL,Y_GE16,T,VG_G,PL,2007,57.0,
ESTAT:SDG_03_20(1.0),11/07/23 23:00:00,A,PC,TOTAL,Y_GE16,T,VG_G,PL,2008,57.7,
ESTAT:SDG_03_20(1.0),11/07/23 23:00:00,A,PC,TOTAL,Y_GE16,T,VG_G,PL,2009,56.3,
ESTAT:SDG_03_20(1.0),11/07/23 23:00:00,A,PC,TOTAL,Y_GE16,T,VG_G,PL,2010,57.9,
ESTAT:SDG_03_20(1.0),11/07/23 23:00:00,A,PC,TOTAL,Y_GE16,T,VG_G,PL,2011,57.8,
ESTAT:SDG_03_20(1.0),11/07/23 23:00:00,A,PC,TOTAL,Y_GE16,T,VG_G,PL,2012,57.8,
ESTAT:SDG_03_20(1.0),11/07/23 23:00:00,A,PC,TOTAL,Y_GE16,T,VG_G,PL,2013,58.4,
ESTAT:SDG_03_20(1.0),11/07/23 23:00:00,A,PC,TOTAL,Y_GE16,T,VG_G,PL,2014,58.3,
ESTAT:SDG_03_20(1.0),11/07/23 23:00:00,A,PC,TOTAL,Y_GE16,T,VG_G,PL,2015,57.9,
ESTAT:SDG_03_20(1.0),11/07/23 23:00:00,A,PC,TOTAL,Y_GE16,T,VG_G,PL,2016,58.5,
ESTAT:SDG_03_20(1.0),11/07/23 23:00:00,A,PC,TOTAL,Y_GE16,T,VG_G,PL,2017,58.9,
ESTAT:SDG_03_20(1.0),11/07/23 23:00:00,A,PC,TOTAL,Y_GE16,T,VG_G,PL,2018,59.2,
ESTAT:SDG_03_20(1.0),11/07/23 23:00:00,A,PC,TOTAL,Y_GE16,T,VG_G,PL,2019,59.9,
ESTAT:SDG_03_20(1.0),11/07/23 23:00:00,A,PC,TOTAL,Y_GE16,T,VG_G,PL,2020,61.6,
ESTAT:SDG_03_20(1.0),11/07/23 23:00:00,A,PC,TOTAL,Y_GE16,T,VG_G,PL,2021,64.4,
ESTAT:SDG_03_20(1.0),11/07/23 23:00:00,A,PC,TOTAL,Y_GE16,T,VG_G,PL,2022,62.3,
ESTAT:SDG_03_20(1.0),11/07/23 23:00:00,A,PC,TOTAL,Y_GE16,T,VG_G,PT,2005,45.9,
ESTAT:SDG_03_20(1.0),11/07/23 23:00:00,A,PC,TOTAL,Y_GE16,T,VG_G,PT,2006,48.1,
ESTAT:SDG_03_20(1.0),11/07/23 23:00:00,A,PC,TOTAL,Y_GE16,T,VG_G,PT,2007,45.9,
ESTAT:SDG_03_20(1.0),11/07/23 23:00:00,A,PC,TOTAL,Y_GE16,T,VG_G,PT,2008,48.5,
ESTAT:SDG_03_20(1.0),11/07/23 23:00:00,A,PC,TOTAL,Y_GE16,T,VG_G,PT,2009,47.8,
ESTAT:SDG_03_20(1.0),11/07/23 23:00:00,A,PC,TOTAL,Y_GE16,T,VG_G,PT,2010,49.3,
ESTAT:SDG_03_20(1.0),11/07/23 23:00:00,A,PC,TOTAL,Y_GE16,T,VG_G,PT,2011,49.7,
ESTAT:SDG_03_20(1.0),11/07/23 23:00:00,A,PC,TOTAL,Y_GE16,T,VG_G,PT,2012,48.1,
ESTAT:SDG_03_20(1.0),11/07/23 23:00:00,A,PC,TOTAL,Y_GE16,T,VG_G,PT,2013,46.2,
ESTAT:SDG_03_20(1.0),11/07/23 23:00:00,A,PC,TOTAL,Y_GE16,T,VG_G,PT,2014,46.0,
ESTAT:SDG_03_20(1.0),11/07/23 23:00:00,A,PC,TOTAL,Y_GE16,T,VG_G,PT,2015,46.5,
ESTAT:SDG_03_20(1.0),11/07/23 23:00:00,A,PC,TOTAL,Y_GE16,T,VG_G,PT,2016,47.7,
ESTAT:SDG_03_20(1.0),11/07/23 23:00:00,A,PC,TOTAL,Y_GE16,T,VG_G,PT,2017,48.9,
ESTAT:SDG_03_20(1.0),11/07/23 23:00:00,A,PC,TOTAL,Y_GE16,T,VG_G,PT,2018,49.3,
ESTAT:SDG_03_20(1.0),11/07/23 23:00:00,A,PC,TOTAL,Y_GE16,T,VG_G,PT,2019,50.1,
ESTAT:SDG_03_20(1.0),11/07/23 23:00:00,A,PC,TOTAL,Y_GE16,T,VG_G,PT,2020,51.3,
ESTAT:SDG_03_20(1.0),11/07/23 23:00:00,A,PC,TOTAL,Y_GE16,T,VG_G,PT,2021,50.2,
ESTAT:SDG_03_20(1.0),11/07/23 23:00:00,A,PC,TOTAL,Y_GE16,T,VG_G,PT,2022,49.5,
ESTAT:SDG_03_20(1.0),11/07/23 23:00:00,A,PC,TOTAL,Y_GE16,T,VG_G,RO,2005,69.0,
ESTAT:SDG_03_20(1.0),11/07/23 23:00:00,A,PC,TOTAL,Y_GE16,T,VG_G,RO,2006,69.0,
ESTAT:SDG_03_20(1.0),11/07/23 23:00:00,A,PC,TOTAL,Y_GE16,T,VG_G,RO,2007,67.7,
ESTAT:SDG_03_20(1.0),11/07/23 23:00:00,A,PC,TOTAL,Y_GE16,T,VG_G,RO,2008,68.3,
ESTAT:SDG_03_20(1.0),11/07/23 23:00:00,A,PC,TOTAL,Y_GE16,T,VG_G,RO,2009,68.3,
ESTAT:SDG_03_20(1.0),11/07/23 23:00:00,A,PC,TOTAL,Y_GE16,T,VG_G,RO,2010,68.6,
ESTAT:SDG_03_20(1.0),11/07/23 23:00:00,A,PC,TOTAL,Y_GE16,T,VG_G,RO,2011,68.0,
ESTAT:SDG_03_20(1.0),11/07/23 23:00:00,A,PC,TOTAL,Y_GE16,T,VG_G,RO,2012,68.0,
ESTAT:SDG_03_20(1.0),11/07/23 23:00:00,A,PC,TOTAL,Y_GE16,T,VG_G,RO,2013,68.8,
ESTAT:SDG_03_20(1.0),11/07/23 23:00:00,A,PC,TOTAL,Y_GE16,T,VG_G,RO,2014,69.2,
ESTAT:SDG_03_20(1.0),11/07/23 23:00:00,A,PC,TOTAL,Y_GE16,T,VG_G,RO,2015,70.0,
ESTAT:SDG_03_20(1.0),11/07/23 23:00:00,A,PC,TOTAL,Y_GE16,T,VG_G,RO,2016,70.5,
ESTAT:SDG_03_20(1.0),11/07/23 23:00:00,A,PC,TOTAL,Y_GE16,T,VG_G,RO,2017,70.9,
ESTAT:SDG_03_20(1.0),11/07/23 23:00:00,A,PC,TOTAL,Y_GE16,T,VG_G,RO,2018,70.6,
ESTAT:SDG_03_20(1.0),11/07/23 23:00:00,A,PC,TOTAL,Y_GE16,T,VG_G,RO,2019,71.2,
ESTAT:SDG_03_20(1.0),11/07/23 23:00:00,A,PC,TOTAL,Y_GE16,T,VG_G,RO,2020,73.0,
ESTAT:SDG_03_20(1.0),11/07/23 23:00:00,A,PC,TOTAL,Y_GE16,T,VG_G,RO,2021,72.8,
ESTAT:SDG_03_20(1.0),11/07/23 23:00:00,A,PC,TOTAL,Y_GE16,T,VG_G,RO,2022,73.3,
ESTAT:SDG_03_20(1.0),11/07/23 23:00:00,A,PC,TOTAL,Y_GE16,T,VG_G,RS,2013,49.5,
ESTAT:SDG_03_20(1.0),11/07/23 23:00:00,A,PC,TOTAL,Y_GE16,T,VG_G,RS,2014,57.4,
ESTAT:SDG_03_20(1.0),11/07/23 23:00:00,A,PC,TOTAL,Y_GE16,T,VG_G,RS,2015,56.8,
ESTAT:SDG_03_20(1.0),11/07/23 23:00:00,A,PC,TOTAL,Y_GE16,T,VG_G,RS,2016,57.2,
ESTAT:SDG_03_20(1.0),11/07/23 23:00:00,A,PC,TOTAL,Y_GE16,T,VG_G,RS,2017,54.5,
ESTAT:SDG_03_20(1.0),11/07/23 23:00:00,A,PC,TOTAL,Y_GE16,T,VG_G,RS,2018,56.4,
ESTAT:SDG_03_20(1.0),11/07/23 23:00:00,A,PC,TOTAL,Y_GE16,T,VG_G,RS,2019,59.0,
ESTAT:SDG_03_20(1.0),11/07/23 23:00:00,A,PC,TOTAL,Y_GE16,T,VG_G,RS,2020,63.6,
ESTAT:SDG_03_20(1.0),11/07/23 23:00:00,A,PC,TOTAL,Y_GE16,T,VG_G,RS,2021,63.7,
ESTAT:SDG_03_20(1.0),11/07/23 23:00:00,A,PC,TOTAL,Y_GE16,T,VG_G,SE,2005,75.3,
ESTAT:SDG_03_20(1.0),11/07/23 23:00:00,A,PC,TOTAL,Y_GE16,T,VG_G,SE,2006,76.0,
ESTAT:SDG_03_20(1.0),11/07/23 23:00:00,A,PC,TOTAL,Y_GE16,T,VG_G,SE,2007,77.7,
ESTAT:SDG_03_20(1.0),11/07/23 23:00:00,A,PC,TOTAL,Y_GE16,T,VG_G,SE,2008,76.9,
ESTAT:SDG_03_20(1.0),11/07/23 23:00:00,A,PC,TOTAL,Y_GE16,T,VG_G,SE,2009,78.2,
ESTAT:SDG_03_20(1.0),11/07/23 23:00:00,A,PC,TOTAL,Y_GE16,T,VG_G,SE,2010,78.4,
ESTAT:SDG_03_20(1.0),11/07/23 23:00:00,A,PC,TOTAL,Y_GE16,T,VG_G,SE,2011,78.4,
ESTAT:SDG_03_20(1.0),11/07/23 23:00:00,A,PC,TOTAL,Y_GE16,T,VG_G,SE,2012,79.7,
ESTAT:SDG_03_20(1.0),11/07/23 23:00:00,A,PC,TOTAL,Y_GE16,T,VG_G,SE,2013,79.7,
ESTAT:SDG_03_20(1.0),11/07/23 23:00:00,A,PC,TOTAL,Y_GE16,T,VG_G,SE,2014,78.5,
ESTAT:SDG_03_20(1.0),11/07/23 23:00:00,A,PC,TOTAL,Y_GE16,T,VG_G,SE,2015,77.6,
ESTAT:SDG_03_20(1.0),11/07/23 23:00:00,A,PC,TOTAL,Y_GE16,T,VG_G,SE,2016,75.1,
ESTAT:SDG_03_20(1.0),11/07/23 23:00:00,A,PC,TOTAL,Y_GE16,T,VG_G,SE,2017,76.6,
ESTAT:SDG_03_20(1.0),11/07/23 23:00:00,A,PC,TOTAL,Y_GE16,T,VG_G,SE,2018,76.1,
ESTAT:SDG_03_20(1.0),11/07/23 23:00:00,A,PC,TOTAL,Y_GE16,T,VG_G,SE,2019,76.0,
ESTAT:SDG_03_20(1.0),11/07/23 23:00:00,A,PC,TOTAL,Y_GE16,T,VG_G,SE,2020,76.5,
ESTAT:SDG_03_20(1.0),11/07/23 23:00:00,A,PC,TOTAL,Y_GE16,T,VG_G,SE,2021,72.4,
ESTAT:SDG_03_20(1.0),11/07/23 23:00:00,A,PC,TOTAL,Y_GE16,T,VG_G,SE,2022,66.7,
ESTAT:SDG_03_20(1.0),11/07/23 23:00:00,A,PC,TOTAL,Y_GE16,T,VG_G,SI,2005,53.6,
ESTAT:SDG_03_20(1.0),11/07/23 23:00:00,A,PC,TOTAL,Y_GE16,T,VG_G,SI,2006,56.4,
ESTAT:SDG_03_20(1.0),11/07/23 23:00:00,A,PC,TOTAL,Y_GE16,T,VG_G,SI,2007,57.9,
ESTAT:SDG_03_20(1.0),11/07/23 23:00:00,A,PC,TOTAL,Y_GE16,T,VG_G,SI,2008,58.8,
ESTAT:SDG_03_20(1.0),11/07/23 23:00:00,A,PC,TOTAL,Y_GE16,T,VG_G,SI,2009,60.0,
ESTAT:SDG_03_20(1.0),11/07/23 23:00:00,A,PC,TOTAL,Y_GE16,T,VG_G,SI,2010,59.7,
ESTAT:SDG_03_20(1.0),11/07/23 23:00:00,A,PC,TOTAL,Y_GE16,T,VG_G,SI,2011,60.5,
ESTAT:SDG_03_20(1.0),11/07/23 23:00:00,A,PC,TOTAL,Y_GE16,T,VG_G,SI,2012,63.1,
ESTAT:SDG_03_20(1.0),11/07/23 23:00:00,A,PC,TOTAL,Y_GE16,T,VG_G,SI,2013,64.8,
ESTAT:SDG_03_20(1.0),11/07/23 23:00:00,A,PC,TOTAL,Y_GE16,T,VG_G,SI,2014,64.8,
ESTAT:SDG_03_20(1.0),11/07/23 23:00:00,A,PC,TOTAL,Y_GE16,T,VG_G,SI,2015,64.8,
ESTAT:SDG_03_20(1.0),11/07/23 23:00:00,A,PC,TOTAL,Y_GE16,T,VG_G,SI,2016,64.5,
ESTAT:SDG_03_20(1.0),11/07/23 23:00:00,A,PC,TOTAL,Y_GE16,T,VG_G,SI,2017,65.3,
ESTAT:SDG_03_20(1.0),11/07/23 23:00:00,A,PC,TOTAL,Y_GE16,T,VG_G,SI,2018,65.4,
ESTAT:SDG_03_20(1.0),11/07/23 23:00:00,A,PC,TOTAL,Y_GE16,T,VG_G,SI,2019,66.7,
ESTAT:SDG_03_20(1.0),11/07/23 23:00:00,A,PC,TOTAL,Y_GE16,T,VG_G,SI,2020,67.2,
ESTAT:SDG_03_20(1.0),11/07/23 23:00:00,A,PC,TOTAL,Y_GE16,T,VG_G,SI,2021,69.1,
ESTAT:SDG_03_20(1.0),11/07/23 23:00:00,A,PC,TOTAL,Y_GE16,T,VG_G,SI,2022,67.8,
ESTAT:SDG_03_20(1.0),11/07/23 23:00:00,A,PC,TOTAL,Y_GE16,T,VG_G,SK,2005,52.2,
ESTAT:SDG_03_20(1.0),11/07/23 23:00:00,A,PC,TOTAL,Y_GE16,T,VG_G,SK,2006,52.2,
ESTAT:SDG_03_20(1.0),11/07/23 23:00:00,A,PC,TOTAL,Y_GE16,T,VG_G,SK,2007,53.1,
ESTAT:SDG_03_20(1.0),11/07/23 23:00:00,A,PC,TOTAL,Y_GE16,T,VG_G,SK,2008,59.7,
ESTAT:SDG_03_20(1.0),11/07/23 23:00:00,A,PC,TOTAL,Y_GE16,T,VG_G,SK,2009,62.1,
ESTAT:SDG_03_20(1.0),11/07/23 23:00:00,A,PC,TOTAL,Y_GE16,T,VG_G,SK,2010,63.7,
ESTAT:SDG_03_20(1.0),11/07/23 23:00:00,A,PC,TOTAL,Y_GE16,T,VG_G,SK,2011,63.4,
ESTAT:SDG_03_20(1.0),11/07/23 23:00:00,A,PC,TOTAL,Y_GE16,T,VG_G,SK,2012,65.8,
ESTAT:SDG_03_20(1.0),11/07/23 23:00:00,A,PC,TOTAL,Y_GE16,T,VG_G,SK,2013,66.1,
ESTAT:SDG_03_20(1.0),11/07/23 23:00:00,A,PC,TOTAL,Y_GE16,T,VG_G,SK,2014,64.7,
ESTAT:SDG_03_20(1.0),11/07/23 23:00:00,A,PC,TOTAL,Y_GE16,T,VG_G,SK,2015,66.0,
ESTAT:SDG_03_20(1.0),11/07/23 23:00:00,A,PC,TOTAL,Y_GE16,T,VG_G,SK,2016,66.5,
ESTAT:SDG_03_20(1.0),11/07/23 23:00:00,A,PC,TOTAL,Y_GE16,T,VG_G,SK,2017,67.1,
ESTAT:SDG_03_20(1.0),11/07/23 23:00:00,A,PC,TOTAL,Y_GE16,T,VG_G,SK,2018,66.7,
ESTAT:SDG_03_20(1.0),11/07/23 23:00:00,A,PC,TOTAL,Y_GE16,T,VG_G,SK,2019,65.2,
ESTAT:SDG_03_20(1.0),11/07/23 23:00:00,A,PC,TOTAL,Y_GE16,T,VG_G,SK,2020,65.3,
ESTAT:SDG_03_20(1.0),11/07/23 23:00:00,A,PC,TOTAL,Y_GE16,T,VG_G,SK,2021,65.2,
ESTAT:SDG_03_20(1.0),11/07/23 23:00:00,A,PC,TOTAL,Y_GE16,T,VG_G,SK,2022,66.1,
ESTAT:SDG_03_20(1.0),11/07/23 23:00:00,A,PC,TOTAL,Y_GE16,T,VG_G,TR,2006,62.7,
ESTAT:SDG_03_20(1.0),11/07/23 23:00:00,A,PC,TOTAL,Y_GE16,T,VG_G,TR,2007,66.1,
ESTAT:SDG_03_20(1.0),11/07/23 23:00:00,A,PC,TOTAL,Y_GE16,T,VG_G,TR,2008,67.3,
ESTAT:SDG_03_20(1.0),11/07/23 23:00:00,A,PC,TOTAL,Y_GE16,T,VG_G,TR,2009,64.4,
ESTAT:SDG_03_20(1.0),11/07/23 23:00:00,A,PC,TOTAL,Y_GE16,T,VG_G,TR,2010,65.3,
ESTAT:SDG_03_20(1.0),11/07/23 23:00:00,A,PC,TOTAL,Y_GE16,T,VG_G,TR,2011,66.6,
ESTAT:SDG_03_20(1.0),11/07/23 23:00:00,A,PC,TOTAL,Y_GE16,T,VG_G,TR,2012,68.0,
ESTAT:SDG_03_20(1.0),11/07/23 23:00:00,A,PC,TOTAL,Y_GE16,T,VG_G,TR,2013,67.2,
ESTAT:SDG_03_20(1.0),11/07/23 23:00:00,A,PC,TOTAL,Y_GE16,T,VG_G,TR,2014,67.5,
ESTAT:SDG_03_20(1.0),11/07/23 23:00:00,A,PC,TOTAL,Y_GE16,T,VG_G,TR,2015,65.7,
ESTAT:SDG_03_20(1.0),11/07/23 23:00:00,A,PC,TOTAL,Y_GE16,T,VG_G,TR,2016,68.8,
ESTAT:SDG_03_20(1.0),11/07/23 23:00:00,A,PC,TOTAL,Y_GE16,T,VG_G,TR,2017,68.2,
ESTAT:SDG_03_20(1.0),11/07/23 23:00:00,A,PC,TOTAL,Y_GE16,T,VG_G,TR,2018,67.1,
ESTAT:SDG_03_20(1.0),11/07/23 23:00:00,A,PC,TOTAL,Y_GE16,T,VG_G,TR,2019,66.4,
ESTAT:SDG_03_20(1.0),11/07/23 23:00:00,A,PC,TOTAL,Y_GE16,T,VG_G,TR,2020,68.8,
ESTAT:SDG_03_20(1.0),11/07/23 23:00:00,A,PC,TOTAL,Y_GE16,T,VG_G,TR,2021,67.3,
ESTAT:SDG_03_20(1.0),11/07/23 23:00:00,A,PC,TOTAL,Y_GE16,T,VG_G,UK,2005,74.9,
ESTAT:SDG_03_20(1.0),11/07/23 23:00:00,A,PC,TOTAL,Y_GE16,T,VG_G,UK,2006,76.6,
ESTAT:SDG_03_20(1.0),11/07/23 23:00:00,A,PC,TOTAL,Y_GE16,T,VG_G,UK,2007,77.4,
ESTAT:SDG_03_20(1.0),11/07/23 23:00:00,A,PC,TOTAL,Y_GE16,T,VG_G,UK,2008,80.1,
ESTAT:SDG_03_20(1.0),11/07/23 23:00:00,A,PC,TOTAL,Y_GE16,T,VG_G,UK,2009,79.9,
ESTAT:SDG_03_20(1.0),11/07/23 23:00:00,A,PC,TOTAL,Y_GE16,T,VG_G,UK,2010,79.7,
ESTAT:SDG_03_20(1.0),11/07/23 23:00:00,A,PC,TOTAL,Y_GE16,T,VG_G,UK,2011,77.5,
ESTAT:SDG_03_20(1.0),11/07/23 23:00:00,A,PC,TOTAL,Y_GE16,T,VG_G,UK,2012,74.8,
ESTAT:SDG_03_20(1.0),11/07/23 23:00:00,A,PC,TOTAL,Y_GE16,T,VG_G,UK,2013,73.7,
ESTAT:SDG_03_20(1.0),11/07/23 23:00:00,A,PC,TOTAL,Y_GE16,T,VG_G,UK,2014,69.9,
ESTAT:SDG_03_20(1.0),11/07/23 23:00:00,A,PC,TOTAL,Y_GE16,T,VG_G,UK,2015,69.8,
ESTAT:SDG_03_20(1.0),11/07/23 23:00:00,A,PC,TOTAL,Y_GE16,T,VG_G,UK,2016,69.0,
ESTAT:SDG_03_20(1.0),11/07/23 23:00:00,A,PC,TOTAL,Y_GE16,T,VG_G,UK,2017,74.8,b
ESTAT:SDG_03_20(1.0),11/07/23 23:00:00,A,PC,TOTAL,Y_GE16,T,VG_G,UK,2018,73.2,
ESTAT:SDG_03_20(1.0),11/07/23 23:00:00,A,PC,TOTAL,Y_GE16,T,VG_G,XK,2018,82.0,
