DATAFLOW,LAST UPDATE,freq,unit,wat_proc,rbd,TIME_PERIOD,OBS_VALUE,OBS_FLAG
ESTAT:ENV_WATRES_RB(1.0),26/07/23 23:00:00,A,MIO_M3,PRECIP,BE,2017,24875.15,e
ESTAT:ENV_WATRES_RB(1.0),26/07/23 23:00:00,A,MIO_M3,PRECIP,BE,2018,21326.23,e
ESTAT:ENV_WATRES_RB(1.0),26/07/23 23:00:00,A,MIO_M3,PRECIP,BE,2019,25780.38,e
ESTAT:ENV_WATRES_RB(1.0),26/07/23 23:00:00,A,MIO_M3,PRECIP,BE,2020,24852.73,e
ESTAT:ENV_WATRES_RB(1.0),26/07/23 23:00:00,A,MIO_M3,PRECIP,BE,2021,29528.26,e
ESTAT:ENV_WATRES_RB(1.0),26/07/23 23:00:00,A,MIO_M3,PRECIP,BE_MAA_V,2017,1156.13,
ESTAT:ENV_WATRES_RB(1.0),26/07/23 23:00:00,A,MIO_M3,PRECIP,BE_MAA_V,2018,933.24,
ESTAT:ENV_WATRES_RB(1.0),26/07/23 23:00:00,A,MIO_M3,PRECIP,BE_MAA_W,2017,11214.3,
ESTAT:ENV_WATRES_RB(1.0),26/07/23 23:00:00,A,MIO_M3,PRECIP,BE_MEU_FL,2017,1156.13,
ESTAT:ENV_WATRES_RB(1.0),26/07/23 23:00:00,A,MIO_M3,PRECIP,BE_MEU_FL,2018,933.24,
ESTAT:ENV_WATRES_RB(1.0),26/07/23 23:00:00,A,MIO_M3,PRECIP,BE_MEU_FL,2019,1171.10,
ESTAT:ENV_WATRES_RB(1.0),26/07/23 23:00:00,A,MIO_M3,PRECIP,BE_MEU_FL,2020,1041.41,
ESTAT:ENV_WATRES_RB(1.0),26/07/23 23:00:00,A,MIO_M3,PRECIP,BE_MEU_FL,2021,1305.95,
ESTAT:ENV_WATRES_RB(1.0),26/07/23 23:00:00,A,MIO_M3,PRECIP,BE_MEU_WA,2017,11217.55,
ESTAT:ENV_WATRES_RB(1.0),26/07/23 23:00:00,A,MIO_M3,PRECIP,BE_MEU_WA,2018,9949.79,
ESTAT:ENV_WATRES_RB(1.0),26/07/23 23:00:00,A,MIO_M3,PRECIP,BE_MEU_WA,2019,11993.04,
ESTAT:ENV_WATRES_RB(1.0),26/07/23 23:00:00,A,MIO_M3,PRECIP,BE_MEU_WA,2020,11543.62,
ESTAT:ENV_WATRES_RB(1.0),26/07/23 23:00:00,A,MIO_M3,PRECIP,BE_MEU_WA,2021,13173.00,
ESTAT:ENV_WATRES_RB(1.0),26/07/23 23:00:00,A,MIO_M3,PRECIP,BE_RHI_W,2017,785.12,
ESTAT:ENV_WATRES_RB(1.0),26/07/23 23:00:00,A,MIO_M3,PRECIP,BE_RHI_WA,2017,784.96,
ESTAT:ENV_WATRES_RB(1.0),26/07/23 23:00:00,A,MIO_M3,PRECIP,BE_RHI_WA,2018,693.39,
ESTAT:ENV_WATRES_RB(1.0),26/07/23 23:00:00,A,MIO_M3,PRECIP,BE_RHI_WA,2019,825.60,
ESTAT:ENV_WATRES_RB(1.0),26/07/23 23:00:00,A,MIO_M3,PRECIP,BE_RHI_WA,2020,765.33,
ESTAT:ENV_WATRES_RB(1.0),26/07/23 23:00:00,A,MIO_M3,PRECIP,BE_RHI_WA,2021,783.72,
ESTAT:ENV_WATRES_RB(1.0),26/07/23 23:00:00,A,MIO_M3,PRECIP,BE_SCH_B,2017,121.73,
ESTAT:ENV_WATRES_RB(1.0),26/07/23 23:00:00,A,MIO_M3,PRECIP,BE_SCH_B,2018,105.66,
ESTAT:ENV_WATRES_RB(1.0),26/07/23 23:00:00,A,MIO_M3,PRECIP,BE_SCH_BR,2017,121.73,
ESTAT:ENV_WATRES_RB(1.0),26/07/23 23:00:00,A,MIO_M3,PRECIP,BE_SCH_BR,2018,105.66,
ESTAT:ENV_WATRES_RB(1.0),26/07/23 23:00:00,A,MIO_M3,PRECIP,BE_SCH_BR,2019,129.77,
ESTAT:ENV_WATRES_RB(1.0),26/07/23 23:00:00,A,MIO_M3,PRECIP,BE_SCH_BR,2020,118.93,
ESTAT:ENV_WATRES_RB(1.0),26/07/23 23:00:00,A,MIO_M3,PRECIP,BE_SCH_BR,2021,168.81,
ESTAT:ENV_WATRES_RB(1.0),26/07/23 23:00:00,A,MIO_M3,PRECIP,BE_SCH_FL,2017,8812.38,
ESTAT:ENV_WATRES_RB(1.0),26/07/23 23:00:00,A,MIO_M3,PRECIP,BE_SCH_FL,2018,7299.83,
ESTAT:ENV_WATRES_RB(1.0),26/07/23 23:00:00,A,MIO_M3,PRECIP,BE_SCH_FL,2019,8676.46,
ESTAT:ENV_WATRES_RB(1.0),26/07/23 23:00:00,A,MIO_M3,PRECIP,BE_SCH_FL,2020,8502.11,
ESTAT:ENV_WATRES_RB(1.0),26/07/23 23:00:00,A,MIO_M3,PRECIP,BE_SCH_FL,2021,10473.07,
ESTAT:ENV_WATRES_RB(1.0),26/07/23 23:00:00,A,MIO_M3,PRECIP,BE_SCH_V,2017,8812.38,
ESTAT:ENV_WATRES_RB(1.0),26/07/23 23:00:00,A,MIO_M3,PRECIP,BE_SCH_V,2018,7299.83,
ESTAT:ENV_WATRES_RB(1.0),26/07/23 23:00:00,A,MIO_M3,PRECIP,BE_SCH_W,2017,2703.69,
ESTAT:ENV_WATRES_RB(1.0),26/07/23 23:00:00,A,MIO_M3,PRECIP,BE_SCH_WA,2017,2708.44,
ESTAT:ENV_WATRES_RB(1.0),26/07/23 23:00:00,A,MIO_M3,PRECIP,BE_SCH_WA,2018,2270.87,
ESTAT:ENV_WATRES_RB(1.0),26/07/23 23:00:00,A,MIO_M3,PRECIP,BE_SCH_WA,2019,2893.13,
ESTAT:ENV_WATRES_RB(1.0),26/07/23 23:00:00,A,MIO_M3,PRECIP,BE_SCH_WA,2020,2792.04,
ESTAT:ENV_WATRES_RB(1.0),26/07/23 23:00:00,A,MIO_M3,PRECIP,BE_SCH_WA,2021,3515.63,
ESTAT:ENV_WATRES_RB(1.0),26/07/23 23:00:00,A,MIO_M3,PRECIP,BE_SEI_W,2017,73.64,
ESTAT:ENV_WATRES_RB(1.0),26/07/23 23:00:00,A,MIO_M3,PRECIP,BE_SEI_WA,2017,73.95,
ESTAT:ENV_WATRES_RB(1.0),26/07/23 23:00:00,A,MIO_M3,PRECIP,BE_SEI_WA,2018,73.45,
ESTAT:ENV_WATRES_RB(1.0),26/07/23 23:00:00,A,MIO_M3,PRECIP,BE_SEI_WA,2019,91.29,
ESTAT:ENV_WATRES_RB(1.0),26/07/23 23:00:00,A,MIO_M3,PRECIP,BE_SEI_WA,2020,89.29,
ESTAT:ENV_WATRES_RB(1.0),26/07/23 23:00:00,A,MIO_M3,PRECIP,BE_SEI_WA,2021,91.88,
ESTAT:ENV_WATRES_RB(1.0),26/07/23 23:00:00,A,MIO_M3,PRECIP,BG,2017,84411.00,
ESTAT:ENV_WATRES_RB(1.0),26/07/23 23:00:00,A,MIO_M3,PRECIP,BG,2018,85254.00,
ESTAT:ENV_WATRES_RB(1.0),26/07/23 23:00:00,A,MIO_M3,PRECIP,BG,2019,63437.00,
ESTAT:ENV_WATRES_RB(1.0),26/07/23 23:00:00,A,MIO_M3,PRECIP,BG,2020,67783.00,
ESTAT:ENV_WATRES_RB(1.0),26/07/23 23:00:00,A,MIO_M3,PRECIP,BG_AEE,2017,27305,
ESTAT:ENV_WATRES_RB(1.0),26/07/23 23:00:00,A,MIO_M3,PRECIP,BG_AEE,2018,28519,
ESTAT:ENV_WATRES_RB(1.0),26/07/23 23:00:00,A,MIO_M3,PRECIP,BG_AEG_E,2017,27305.00,
ESTAT:ENV_WATRES_RB(1.0),26/07/23 23:00:00,A,MIO_M3,PRECIP,BG_AEG_E,2018,28519.00,
ESTAT:ENV_WATRES_RB(1.0),26/07/23 23:00:00,A,MIO_M3,PRECIP,BG_AEG_E,2019,22473.00,
ESTAT:ENV_WATRES_RB(1.0),26/07/23 23:00:00,A,MIO_M3,PRECIP,BG_AEG_E,2020,22269.00,
ESTAT:ENV_WATRES_RB(1.0),26/07/23 23:00:00,A,MIO_M3,PRECIP,BG_AEG_W,2017,8849.00,
ESTAT:ENV_WATRES_RB(1.0),26/07/23 23:00:00,A,MIO_M3,PRECIP,BG_AEG_W,2018,8958.00,
ESTAT:ENV_WATRES_RB(1.0),26/07/23 23:00:00,A,MIO_M3,PRECIP,BG_AEG_W,2019,7264.00,
ESTAT:ENV_WATRES_RB(1.0),26/07/23 23:00:00,A,MIO_M3,PRECIP,BG_AEG_W,2020,8359.00,
ESTAT:ENV_WATRES_RB(1.0),26/07/23 23:00:00,A,MIO_M3,PRECIP,BG_AEW,2017,8849,
ESTAT:ENV_WATRES_RB(1.0),26/07/23 23:00:00,A,MIO_M3,PRECIP,BG_AEW,2018,8958,
ESTAT:ENV_WATRES_RB(1.0),26/07/23 23:00:00,A,MIO_M3,PRECIP,BG_BKS,2017,12565.00,
ESTAT:ENV_WATRES_RB(1.0),26/07/23 23:00:00,A,MIO_M3,PRECIP,BG_BKS,2018,12473.00,
ESTAT:ENV_WATRES_RB(1.0),26/07/23 23:00:00,A,MIO_M3,PRECIP,BG_BKS,2019,8037.00,
ESTAT:ENV_WATRES_RB(1.0),26/07/23 23:00:00,A,MIO_M3,PRECIP,BG_BKS,2020,7847.00,
ESTAT:ENV_WATRES_RB(1.0),26/07/23 23:00:00,A,MIO_M3,PRECIP,BG_DAN,2017,35692.00,
ESTAT:ENV_WATRES_RB(1.0),26/07/23 23:00:00,A,MIO_M3,PRECIP,BG_DAN,2018,35304.00,
ESTAT:ENV_WATRES_RB(1.0),26/07/23 23:00:00,A,MIO_M3,PRECIP,BG_DAN,2019,25663.00,
ESTAT:ENV_WATRES_RB(1.0),26/07/23 23:00:00,A,MIO_M3,PRECIP,BG_DAN,2020,29308.00,
ESTAT:ENV_WATRES_RB(1.0),26/07/23 23:00:00,A,MIO_M3,PRECIP,BG_DAN_RBD,2017,35692,
ESTAT:ENV_WATRES_RB(1.0),26/07/23 23:00:00,A,MIO_M3,PRECIP,BG_DAN_RBD,2018,35304,
ESTAT:ENV_WATRES_RB(1.0),26/07/23 23:00:00,A,MIO_M3,PRECIP,CH,2017,52973.00,
ESTAT:ENV_WATRES_RB(1.0),26/07/23 23:00:00,A,MIO_M3,PRECIP,CH,2018,50371.00,
ESTAT:ENV_WATRES_RB(1.0),26/07/23 23:00:00,A,MIO_M3,PRECIP,CH,2019,56276.00,
ESTAT:ENV_WATRES_RB(1.0),26/07/23 23:00:00,A,MIO_M3,PRECIP,CH,2020,59290.00,
ESTAT:ENV_WATRES_RB(1.0),26/07/23 23:00:00,A,MIO_M3,PRECIP,CH,2021,64822.00,
ESTAT:ENV_WATRES_RB(1.0),26/07/23 23:00:00,A,MIO_M3,PRECIP,CH_DAN,2017,2017.00,
ESTAT:ENV_WATRES_RB(1.0),26/07/23 23:00:00,A,MIO_M3,PRECIP,CH_DAN,2018,1906.00,
ESTAT:ENV_WATRES_RB(1.0),26/07/23 23:00:00,A,MIO_M3,PRECIP,CH_DAN,2019,2495.00,
ESTAT:ENV_WATRES_RB(1.0),26/07/23 23:00:00,A,MIO_M3,PRECIP,CH_DAN,2020,2367.00,
ESTAT:ENV_WATRES_RB(1.0),26/07/23 23:00:00,A,MIO_M3,PRECIP,CH_DAN,2021,2231.00,
ESTAT:ENV_WATRES_RB(1.0),26/07/23 23:00:00,A,MIO_M3,PRECIP,CH_PO,2017,3641.00,
ESTAT:ENV_WATRES_RB(1.0),26/07/23 23:00:00,A,MIO_M3,PRECIP,CH_PO,2018,2958.00,
ESTAT:ENV_WATRES_RB(1.0),26/07/23 23:00:00,A,MIO_M3,PRECIP,CH_PO,2019,3867.00,
ESTAT:ENV_WATRES_RB(1.0),26/07/23 23:00:00,A,MIO_M3,PRECIP,CH_PO,2020,4286.00,
ESTAT:ENV_WATRES_RB(1.0),26/07/23 23:00:00,A,MIO_M3,PRECIP,CH_PO,2021,4225.00,
ESTAT:ENV_WATRES_RB(1.0),26/07/23 23:00:00,A,MIO_M3,PRECIP,CH_RHI,2017,31027.00,
ESTAT:ENV_WATRES_RB(1.0),26/07/23 23:00:00,A,MIO_M3,PRECIP,CH_RHI,2018,29831.00,
ESTAT:ENV_WATRES_RB(1.0),26/07/23 23:00:00,A,MIO_M3,PRECIP,CH_RHI,2019,32291.00,
ESTAT:ENV_WATRES_RB(1.0),26/07/23 23:00:00,A,MIO_M3,PRECIP,CH_RHI,2020,34060.00,
ESTAT:ENV_WATRES_RB(1.0),26/07/23 23:00:00,A,MIO_M3,PRECIP,CH_RHI,2021,38489.00,
ESTAT:ENV_WATRES_RB(1.0),26/07/23 23:00:00,A,MIO_M3,PRECIP,CH_RHO,2017,6403.00,
ESTAT:ENV_WATRES_RB(1.0),26/07/23 23:00:00,A,MIO_M3,PRECIP,CH_RHO,2018,6518.00,
ESTAT:ENV_WATRES_RB(1.0),26/07/23 23:00:00,A,MIO_M3,PRECIP,CH_RHO,2019,7079.00,
ESTAT:ENV_WATRES_RB(1.0),26/07/23 23:00:00,A,MIO_M3,PRECIP,CH_RHO,2020,7509.00,
ESTAT:ENV_WATRES_RB(1.0),26/07/23 23:00:00,A,MIO_M3,PRECIP,CH_RHO,2021,7714.00,
ESTAT:ENV_WATRES_RB(1.0),26/07/23 23:00:00,A,MIO_M3,PRECIP,CY,2017,1956,
ESTAT:ENV_WATRES_RB(1.0),26/07/23 23:00:00,A,MIO_M3,PRECIP,CY,2018,3642,
ESTAT:ENV_WATRES_RB(1.0),26/07/23 23:00:00,A,MIO_M3,PRECIP,CZ,2017,53288.00,
ESTAT:ENV_WATRES_RB(1.0),26/07/23 23:00:00,A,MIO_M3,PRECIP,CZ,2018,41244.00,
ESTAT:ENV_WATRES_RB(1.0),26/07/23 23:00:00,A,MIO_M3,PRECIP,CZ,2019,49806.00,
ESTAT:ENV_WATRES_RB(1.0),26/07/23 23:00:00,A,MIO_M3,PRECIP,CZ,2020,60267.00,
ESTAT:ENV_WATRES_RB(1.0),26/07/23 23:00:00,A,MIO_M3,PRECIP,CZ,2021,53674.00,
ESTAT:ENV_WATRES_RB(1.0),26/07/23 23:00:00,A,MIO_M3,PRECIP,CZ_DAN,2017,13062.00,
ESTAT:ENV_WATRES_RB(1.0),26/07/23 23:00:00,A,MIO_M3,PRECIP,CZ_DAN,2018,11151.00,
ESTAT:ENV_WATRES_RB(1.0),26/07/23 23:00:00,A,MIO_M3,PRECIP,CZ_DAN,2019,14468.00,
ESTAT:ENV_WATRES_RB(1.0),26/07/23 23:00:00,A,MIO_M3,PRECIP,CZ_DAN,2020,17596.00,
ESTAT:ENV_WATRES_RB(1.0),26/07/23 23:00:00,A,MIO_M3,PRECIP,CZ_DAN,2021,13640.00,
ESTAT:ENV_WATRES_RB(1.0),26/07/23 23:00:00,A,MIO_M3,PRECIP,CZ_ELB,2017,35271.00,
ESTAT:ENV_WATRES_RB(1.0),26/07/23 23:00:00,A,MIO_M3,PRECIP,CZ_ELB,2018,26383.00,
ESTAT:ENV_WATRES_RB(1.0),26/07/23 23:00:00,A,MIO_M3,PRECIP,CZ_ELB,2019,30722.00,
ESTAT:ENV_WATRES_RB(1.0),26/07/23 23:00:00,A,MIO_M3,PRECIP,CZ_ELB,2020,36567.00,
ESTAT:ENV_WATRES_RB(1.0),26/07/23 23:00:00,A,MIO_M3,PRECIP,CZ_ELB,2021,35518.00,
ESTAT:ENV_WATRES_RB(1.0),26/07/23 23:00:00,A,MIO_M3,PRECIP,CZ_ODR,2017,4957.00,
ESTAT:ENV_WATRES_RB(1.0),26/07/23 23:00:00,A,MIO_M3,PRECIP,CZ_ODR,2018,3712.00,
ESTAT:ENV_WATRES_RB(1.0),26/07/23 23:00:00,A,MIO_M3,PRECIP,CZ_ODR,2019,4617.00,
ESTAT:ENV_WATRES_RB(1.0),26/07/23 23:00:00,A,MIO_M3,PRECIP,CZ_ODR,2020,6107.00,
ESTAT:ENV_WATRES_RB(1.0),26/07/23 23:00:00,A,MIO_M3,PRECIP,CZ_ODR,2021,4514.00,
ESTAT:ENV_WATRES_RB(1.0),26/07/23 23:00:00,A,MIO_M3,PRECIP,DE,2017,336300.00,
ESTAT:ENV_WATRES_RB(1.0),26/07/23 23:00:00,A,MIO_M3,PRECIP,DE,2018,230600.00,
ESTAT:ENV_WATRES_RB(1.0),26/07/23 23:00:00,A,MIO_M3,PRECIP,DE,2019,289100.00,
ESTAT:ENV_WATRES_RB(1.0),26/07/23 23:00:00,A,MIO_M3,PRECIP,DE,2020,278200.00,
ESTAT:ENV_WATRES_RB(1.0),26/07/23 23:00:00,A,MIO_M3,PRECIP,DE_DAN,2017,61520.00,
ESTAT:ENV_WATRES_RB(1.0),26/07/23 23:00:00,A,MIO_M3,PRECIP,DE_DAN,2018,49950.00,
ESTAT:ENV_WATRES_RB(1.0),26/07/23 23:00:00,A,MIO_M3,PRECIP,DE_DAN,2019,55900.00,
ESTAT:ENV_WATRES_RB(1.0),26/07/23 23:00:00,A,MIO_M3,PRECIP,DE_DAN,2020,55900.00,
ESTAT:ENV_WATRES_RB(1.0),26/07/23 23:00:00,A,MIO_M3,PRECIP,DE_EID,2017,5450.00,
ESTAT:ENV_WATRES_RB(1.0),26/07/23 23:00:00,A,MIO_M3,PRECIP,DE_EID,2018,2680.00,
ESTAT:ENV_WATRES_RB(1.0),26/07/23 23:00:00,A,MIO_M3,PRECIP,DE_EID,2019,3820.00,
ESTAT:ENV_WATRES_RB(1.0),26/07/23 23:00:00,A,MIO_M3,PRECIP,DE_EID,2020,3560.00,
ESTAT:ENV_WATRES_RB(1.0),26/07/23 23:00:00,A,MIO_M3,PRECIP,DE_ELB,2017,80480.00,
ESTAT:ENV_WATRES_RB(1.0),26/07/23 23:00:00,A,MIO_M3,PRECIP,DE_ELB,2018,45820.00,
ESTAT:ENV_WATRES_RB(1.0),26/07/23 23:00:00,A,MIO_M3,PRECIP,DE_ELB,2019,61040.00,
ESTAT:ENV_WATRES_RB(1.0),26/07/23 23:00:00,A,MIO_M3,PRECIP,DE_ELB,2020,62190.00,
ESTAT:ENV_WATRES_RB(1.0),26/07/23 23:00:00,A,MIO_M3,PRECIP,DE_EMS,2017,13830.00,
ESTAT:ENV_WATRES_RB(1.0),26/07/23 23:00:00,A,MIO_M3,PRECIP,DE_EMS,2018,7920.00,
ESTAT:ENV_WATRES_RB(1.0),26/07/23 23:00:00,A,MIO_M3,PRECIP,DE_EMS,2019,10690.00,
ESTAT:ENV_WATRES_RB(1.0),26/07/23 23:00:00,A,MIO_M3,PRECIP,DE_EMS,2020,10500.00,
ESTAT:ENV_WATRES_RB(1.0),26/07/23 23:00:00,A,MIO_M3,PRECIP,DE_MAA,2017,3140,
ESTAT:ENV_WATRES_RB(1.0),26/07/23 23:00:00,A,MIO_M3,PRECIP,DE_MEU,2017,3130.00,
ESTAT:ENV_WATRES_RB(1.0),26/07/23 23:00:00,A,MIO_M3,PRECIP,DE_MEU,2018,2470.00,
ESTAT:ENV_WATRES_RB(1.0),26/07/23 23:00:00,A,MIO_M3,PRECIP,DE_MEU,2019,3300.00,
ESTAT:ENV_WATRES_RB(1.0),26/07/23 23:00:00,A,MIO_M3,PRECIP,DE_MEU,2020,2840.00,
ESTAT:ENV_WATRES_RB(1.0),26/07/23 23:00:00,A,MIO_M3,PRECIP,DE_ODR,2017,7790.00,
ESTAT:ENV_WATRES_RB(1.0),26/07/23 23:00:00,A,MIO_M3,PRECIP,DE_ODR,2018,4570.00,
ESTAT:ENV_WATRES_RB(1.0),26/07/23 23:00:00,A,MIO_M3,PRECIP,DE_ODR,2019,5420.00,
ESTAT:ENV_WATRES_RB(1.0),26/07/23 23:00:00,A,MIO_M3,PRECIP,DE_ODR,2020,5640.00,
ESTAT:ENV_WATRES_RB(1.0),26/07/23 23:00:00,A,MIO_M3,PRECIP,DE_RHI,2017,100990.00,
ESTAT:ENV_WATRES_RB(1.0),26/07/23 23:00:00,A,MIO_M3,PRECIP,DE_RHI,2018,77380.00,
ESTAT:ENV_WATRES_RB(1.0),26/07/23 23:00:00,A,MIO_M3,PRECIP,DE_RHI,2019,94770.00,
ESTAT:ENV_WATRES_RB(1.0),26/07/23 23:00:00,A,MIO_M3,PRECIP,DE_RHI,2020,85810.00,
ESTAT:ENV_WATRES_RB(1.0),26/07/23 23:00:00,A,MIO_M3,PRECIP,DE_SLE,2017,6200.00,
ESTAT:ENV_WATRES_RB(1.0),26/07/23 23:00:00,A,MIO_M3,PRECIP,DE_SLE,2018,3870.00,
ESTAT:ENV_WATRES_RB(1.0),26/07/23 23:00:00,A,MIO_M3,PRECIP,DE_SLE,2019,5100.00,
ESTAT:ENV_WATRES_RB(1.0),26/07/23 23:00:00,A,MIO_M3,PRECIP,DE_SLE,2020,5150.00,
ESTAT:ENV_WATRES_RB(1.0),26/07/23 23:00:00,A,MIO_M3,PRECIP,DE_WAR,2017,11640.00,
ESTAT:ENV_WATRES_RB(1.0),26/07/23 23:00:00,A,MIO_M3,PRECIP,DE_WAR,2018,8830.00,
ESTAT:ENV_WATRES_RB(1.0),26/07/23 23:00:00,A,MIO_M3,PRECIP,DE_WAR,2019,11840.00,
ESTAT:ENV_WATRES_RB(1.0),26/07/23 23:00:00,A,MIO_M3,PRECIP,DE_WAR,2020,12320.00,
ESTAT:ENV_WATRES_RB(1.0),26/07/23 23:00:00,A,MIO_M3,PRECIP,DE_WES_RBD,2017,45300.00,
ESTAT:ENV_WATRES_RB(1.0),26/07/23 23:00:00,A,MIO_M3,PRECIP,DE_WES_RBD,2018,27070.00,
ESTAT:ENV_WATRES_RB(1.0),26/07/23 23:00:00,A,MIO_M3,PRECIP,DE_WES_RBD,2019,37180.00,
ESTAT:ENV_WATRES_RB(1.0),26/07/23 23:00:00,A,MIO_M3,PRECIP,DE_WES_RBD,2020,34290.00,
ESTAT:ENV_WATRES_RB(1.0),26/07/23 23:00:00,A,MIO_M3,PRECIP,EE,2017,32679.60,
ESTAT:ENV_WATRES_RB(1.0),26/07/23 23:00:00,A,MIO_M3,PRECIP,EE,2018,23187.60,
ESTAT:ENV_WATRES_RB(1.0),26/07/23 23:00:00,A,MIO_M3,PRECIP,EE,2019,30419.60,
ESTAT:ENV_WATRES_RB(1.0),26/07/23 23:00:00,A,MIO_M3,PRECIP,EE,2020,29967.60,
ESTAT:ENV_WATRES_RB(1.0),26/07/23 23:00:00,A,MIO_M3,PRECIP,EE,2021,27752.80,
ESTAT:ENV_WATRES_RB(1.0),26/07/23 23:00:00,A,MIO_M3,PRECIP,EE_E,2017,17726.80,
ESTAT:ENV_WATRES_RB(1.0),26/07/23 23:00:00,A,MIO_M3,PRECIP,EE_E,2018,11522.40,
ESTAT:ENV_WATRES_RB(1.0),26/07/23 23:00:00,A,MIO_M3,PRECIP,EE_E,2019,15650.20,
ESTAT:ENV_WATRES_RB(1.0),26/07/23 23:00:00,A,MIO_M3,PRECIP,EE_E,2020,16561.90,
ESTAT:ENV_WATRES_RB(1.0),26/07/23 23:00:00,A,MIO_M3,PRECIP,EE_E,2021,15548.90,
ESTAT:ENV_WATRES_RB(1.0),26/07/23 23:00:00,A,MIO_M3,PRECIP,EE_KOI,2017,1315.30,
ESTAT:ENV_WATRES_RB(1.0),26/07/23 23:00:00,A,MIO_M3,PRECIP,EE_KOI,2018,971.80,
ESTAT:ENV_WATRES_RB(1.0),26/07/23 23:00:00,A,MIO_M3,PRECIP,EE_KOI,2019,1330.70,
ESTAT:ENV_WATRES_RB(1.0),26/07/23 23:00:00,A,MIO_M3,PRECIP,EE_KOI,2020,1122.20,
ESTAT:ENV_WATRES_RB(1.0),26/07/23 23:00:00,A,MIO_M3,PRECIP,EE_KOI,2021,1115.00,
ESTAT:ENV_WATRES_RB(1.0),26/07/23 23:00:00,A,MIO_M3,PRECIP,EE_W,2017,13637.60,
ESTAT:ENV_WATRES_RB(1.0),26/07/23 23:00:00,A,MIO_M3,PRECIP,EE_W,2018,10693.30,
ESTAT:ENV_WATRES_RB(1.0),26/07/23 23:00:00,A,MIO_M3,PRECIP,EE_W,2019,13438.90,
ESTAT:ENV_WATRES_RB(1.0),26/07/23 23:00:00,A,MIO_M3,PRECIP,EE_W,2020,12282.80,
ESTAT:ENV_WATRES_RB(1.0),26/07/23 23:00:00,A,MIO_M3,PRECIP,EE_W,2021,11090.70,
ESTAT:ENV_WATRES_RB(1.0),26/07/23 23:00:00,A,MIO_M3,PRECIP,ES,2017,359446.24,
ESTAT:ENV_WATRES_RB(1.0),26/07/23 23:00:00,A,MIO_M3,PRECIP,ES,2018,275494.87,
ESTAT:ENV_WATRES_RB(1.0),26/07/23 23:00:00,A,MIO_M3,PRECIP,ES,2019,345324.43,
ESTAT:ENV_WATRES_RB(1.0),26/07/23 23:00:00,A,MIO_M3,PRECIP,ES,2020,327742.76,
ESTAT:ENV_WATRES_RB(1.0),26/07/23 23:00:00,A,MIO_M3,PRECIP,ES,2021,251994.26,
ESTAT:ENV_WATRES_RB(1.0),26/07/23 23:00:00,A,MIO_M3,PRECIP,ES_ADL,2017,9703.57,
ESTAT:ENV_WATRES_RB(1.0),26/07/23 23:00:00,A,MIO_M3,PRECIP,ES_ADL,2018,7759.57,
ESTAT:ENV_WATRES_RB(1.0),26/07/23 23:00:00,A,MIO_M3,PRECIP,ES_ADL,2019,8060.32,
ESTAT:ENV_WATRES_RB(1.0),26/07/23 23:00:00,A,MIO_M3,PRECIP,ES_ADL,2020,8190.12,
ESTAT:ENV_WATRES_RB(1.0),26/07/23 23:00:00,A,MIO_M3,PRECIP,ES_ADL,2021,8036.21,
ESTAT:ENV_WATRES_RB(1.0),26/07/23 23:00:00,A,MIO_M3,PRECIP,ES_BAI,2017,3170.49,
ESTAT:ENV_WATRES_RB(1.0),26/07/23 23:00:00,A,MIO_M3,PRECIP,ES_BAI,2018,2748.61,
ESTAT:ENV_WATRES_RB(1.0),26/07/23 23:00:00,A,MIO_M3,PRECIP,ES_BAI,2019,3536.82,
ESTAT:ENV_WATRES_RB(1.0),26/07/23 23:00:00,A,MIO_M3,PRECIP,ES_BAI,2020,2349.25,
ESTAT:ENV_WATRES_RB(1.0),26/07/23 23:00:00,A,MIO_M3,PRECIP,ES_BAI,2021,3267.41,
ESTAT:ENV_WATRES_RB(1.0),26/07/23 23:00:00,A,MIO_M3,PRECIP,ES_CAN_E,2017,10647.86,
ESTAT:ENV_WATRES_RB(1.0),26/07/23 23:00:00,A,MIO_M3,PRECIP,ES_CAN_E,2018,7499.76,
ESTAT:ENV_WATRES_RB(1.0),26/07/23 23:00:00,A,MIO_M3,PRECIP,ES_CAN_E,2019,9218.49,
ESTAT:ENV_WATRES_RB(1.0),26/07/23 23:00:00,A,MIO_M3,PRECIP,ES_CAN_E,2020,9099.58,
ESTAT:ENV_WATRES_RB(1.0),26/07/23 23:00:00,A,MIO_M3,PRECIP,ES_CAN_E,2021,8598.89,
ESTAT:ENV_WATRES_RB(1.0),26/07/23 23:00:00,A,MIO_M3,PRECIP,ES_CAN_W,2017,28373.82,
ESTAT:ENV_WATRES_RB(1.0),26/07/23 23:00:00,A,MIO_M3,PRECIP,ES_CAN_W,2018,18944.49,
ESTAT:ENV_WATRES_RB(1.0),26/07/23 23:00:00,A,MIO_M3,PRECIP,ES_CAN_W,2019,24555.93,
ESTAT:ENV_WATRES_RB(1.0),26/07/23 23:00:00,A,MIO_M3,PRECIP,ES_CAN_W,2020,23680.78,
ESTAT:ENV_WATRES_RB(1.0),26/07/23 23:00:00,A,MIO_M3,PRECIP,ES_CAN_W,2021,21118.88,
ESTAT:ENV_WATRES_RB(1.0),26/07/23 23:00:00,A,MIO_M3,PRECIP,ES_CAT,2017,12616.00,
ESTAT:ENV_WATRES_RB(1.0),26/07/23 23:00:00,A,MIO_M3,PRECIP,ES_CAT,2018,12428.85,
ESTAT:ENV_WATRES_RB(1.0),26/07/23 23:00:00,A,MIO_M3,PRECIP,ES_CAT,2019,14828.08,
ESTAT:ENV_WATRES_RB(1.0),26/07/23 23:00:00,A,MIO_M3,PRECIP,ES_CAT,2020,9873.00,
ESTAT:ENV_WATRES_RB(1.0),26/07/23 23:00:00,A,MIO_M3,PRECIP,ES_CAT,2021,10038.29,
ESTAT:ENV_WATRES_RB(1.0),26/07/23 23:00:00,A,MIO_M3,PRECIP,ES_DRO,2017,50455.80,
ESTAT:ENV_WATRES_RB(1.0),26/07/23 23:00:00,A,MIO_M3,PRECIP,ES_DRO,2018,37510.75,
ESTAT:ENV_WATRES_RB(1.0),26/07/23 23:00:00,A,MIO_M3,PRECIP,ES_DRO,2019,50958.12,
ESTAT:ENV_WATRES_RB(1.0),26/07/23 23:00:00,A,MIO_M3,PRECIP,ES_DRO,2020,49101.36,
ESTAT:ENV_WATRES_RB(1.0),26/07/23 23:00:00,A,MIO_M3,PRECIP,ES_DRO,2021,32389.36,
ESTAT:ENV_WATRES_RB(1.0),26/07/23 23:00:00,A,MIO_M3,PRECIP,ES_EBR,2017,62108.35,
ESTAT:ENV_WATRES_RB(1.0),26/07/23 23:00:00,A,MIO_M3,PRECIP,ES_EBR,2018,48533.22,
ESTAT:ENV_WATRES_RB(1.0),26/07/23 23:00:00,A,MIO_M3,PRECIP,ES_EBR,2019,59121.47,
ESTAT:ENV_WATRES_RB(1.0),26/07/23 23:00:00,A,MIO_M3,PRECIP,ES_EBR,2020,50344.37,
ESTAT:ENV_WATRES_RB(1.0),26/07/23 23:00:00,A,MIO_M3,PRECIP,ES_EBR,2021,42327.51,
ESTAT:ENV_WATRES_RB(1.0),26/07/23 23:00:00,A,MIO_M3,PRECIP,ES_EHI,2017,82.41,
ESTAT:ENV_WATRES_RB(1.0),26/07/23 23:00:00,A,MIO_M3,PRECIP,ES_EHI,2018,59.63,
ESTAT:ENV_WATRES_RB(1.0),26/07/23 23:00:00,A,MIO_M3,PRECIP,ES_EHI,2019,66.14,
ESTAT:ENV_WATRES_RB(1.0),26/07/23 23:00:00,A,MIO_M3,PRECIP,ES_EHI,2020,67.93,
ESTAT:ENV_WATRES_RB(1.0),26/07/23 23:00:00,A,MIO_M3,PRECIP,ES_EHI,2021,97.57,
ESTAT:ENV_WATRES_RB(1.0),26/07/23 23:00:00,A,MIO_M3,PRECIP,ES_FUE,2017,135.64,
ESTAT:ENV_WATRES_RB(1.0),26/07/23 23:00:00,A,MIO_M3,PRECIP,ES_FUE,2018,164.76,
ESTAT:ENV_WATRES_RB(1.0),26/07/23 23:00:00,A,MIO_M3,PRECIP,ES_FUE,2019,84.41,
ESTAT:ENV_WATRES_RB(1.0),26/07/23 23:00:00,A,MIO_M3,PRECIP,ES_FUE,2020,161.96,
ESTAT:ENV_WATRES_RB(1.0),26/07/23 23:00:00,A,MIO_M3,PRECIP,ES_FUE,2021,223.40,
ESTAT:ENV_WATRES_RB(1.0),26/07/23 23:00:00,A,MIO_M3,PRECIP,ES_GAL,2017,18228.20,
ESTAT:ENV_WATRES_RB(1.0),26/07/23 23:00:00,A,MIO_M3,PRECIP,ES_GAL,2018,16226.89,
ESTAT:ENV_WATRES_RB(1.0),26/07/23 23:00:00,A,MIO_M3,PRECIP,ES_GAL,2019,21621.25,
ESTAT:ENV_WATRES_RB(1.0),26/07/23 23:00:00,A,MIO_M3,PRECIP,ES_GAL,2020,20705.35,
ESTAT:ENV_WATRES_RB(1.0),26/07/23 23:00:00,A,MIO_M3,PRECIP,ES_GAL,2021,12443.37,
ESTAT:ENV_WATRES_RB(1.0),26/07/23 23:00:00,A,MIO_M3,PRECIP,ES_GRC,2017,417.08,
ESTAT:ENV_WATRES_RB(1.0),26/07/23 23:00:00,A,MIO_M3,PRECIP,ES_GRC,2018,317.72,
ESTAT:ENV_WATRES_RB(1.0),26/07/23 23:00:00,A,MIO_M3,PRECIP,ES_GRC,2019,241.09,
ESTAT:ENV_WATRES_RB(1.0),26/07/23 23:00:00,A,MIO_M3,PRECIP,ES_GRC,2020,338.88,
ESTAT:ENV_WATRES_RB(1.0),26/07/23 23:00:00,A,MIO_M3,PRECIP,ES_GRC,2021,493.58,
ESTAT:ENV_WATRES_RB(1.0),26/07/23 23:00:00,A,MIO_M3,PRECIP,ES_GUA,2017,5075.24,
ESTAT:ENV_WATRES_RB(1.0),26/07/23 23:00:00,A,MIO_M3,PRECIP,ES_GUA,2018,2949.17,
ESTAT:ENV_WATRES_RB(1.0),26/07/23 23:00:00,A,MIO_M3,PRECIP,ES_GUA,2019,3645.59,
ESTAT:ENV_WATRES_RB(1.0),26/07/23 23:00:00,A,MIO_M3,PRECIP,ES_GUA,2020,3883.85,
ESTAT:ENV_WATRES_RB(1.0),26/07/23 23:00:00,A,MIO_M3,PRECIP,ES_GUA,2021,2912.82,
ESTAT:ENV_WATRES_RB(1.0),26/07/23 23:00:00,A,MIO_M3,PRECIP,ES_GUD,2017,30461.67,
ESTAT:ENV_WATRES_RB(1.0),26/07/23 23:00:00,A,MIO_M3,PRECIP,ES_GUD,2018,19780.16,
ESTAT:ENV_WATRES_RB(1.0),26/07/23 23:00:00,A,MIO_M3,PRECIP,ES_GUD,2019,25949.93,
ESTAT:ENV_WATRES_RB(1.0),26/07/23 23:00:00,A,MIO_M3,PRECIP,ES_GUD,2020,28214.02,
ESTAT:ENV_WATRES_RB(1.0),26/07/23 23:00:00,A,MIO_M3,PRECIP,ES_GUD,2021,19468.71,
ESTAT:ENV_WATRES_RB(1.0),26/07/23 23:00:00,A,MIO_M3,PRECIP,ES_GUL,2017,38218.95,
ESTAT:ENV_WATRES_RB(1.0),26/07/23 23:00:00,A,MIO_M3,PRECIP,ES_GUL,2018,23317.29,
ESTAT:ENV_WATRES_RB(1.0),26/07/23 23:00:00,A,MIO_M3,PRECIP,ES_GUL,2019,28245.63,
ESTAT:ENV_WATRES_RB(1.0),26/07/23 23:00:00,A,MIO_M3,PRECIP,ES_GUL,2020,28692.13,
ESTAT:ENV_WATRES_RB(1.0),26/07/23 23:00:00,A,MIO_M3,PRECIP,ES_GUL,2021,20408.22,
ESTAT:ENV_WATRES_RB(1.0),26/07/23 23:00:00,A,MIO_M3,PRECIP,ES_JUC,2017,20706.06,
ESTAT:ENV_WATRES_RB(1.0),26/07/23 23:00:00,A,MIO_M3,PRECIP,ES_JUC,2018,24240.39,
ESTAT:ENV_WATRES_RB(1.0),26/07/23 23:00:00,A,MIO_M3,PRECIP,ES_JUC,2019,24981.14,
ESTAT:ENV_WATRES_RB(1.0),26/07/23 23:00:00,A,MIO_M3,PRECIP,ES_JUC,2020,23708.53,
ESTAT:ENV_WATRES_RB(1.0),26/07/23 23:00:00,A,MIO_M3,PRECIP,ES_JUC,2021,22225.07,
ESTAT:ENV_WATRES_RB(1.0),26/07/23 23:00:00,A,MIO_M3,PRECIP,ES_LAN,2017,96.45,
ESTAT:ENV_WATRES_RB(1.0),26/07/23 23:00:00,A,MIO_M3,PRECIP,ES_LAN,2018,93.72,
ESTAT:ENV_WATRES_RB(1.0),26/07/23 23:00:00,A,MIO_M3,PRECIP,ES_LAN,2019,61.17,
ESTAT:ENV_WATRES_RB(1.0),26/07/23 23:00:00,A,MIO_M3,PRECIP,ES_LAN,2020,112.02,
ESTAT:ENV_WATRES_RB(1.0),26/07/23 23:00:00,A,MIO_M3,PRECIP,ES_LAN,2021,119.84,
ESTAT:ENV_WATRES_RB(1.0),26/07/23 23:00:00,A,MIO_M3,PRECIP,ES_LGM,2017,97.11,
ESTAT:ENV_WATRES_RB(1.0),26/07/23 23:00:00,A,MIO_M3,PRECIP,ES_LGM,2018,89.34,
ESTAT:ENV_WATRES_RB(1.0),26/07/23 23:00:00,A,MIO_M3,PRECIP,ES_LGM,2019,82.93,
ESTAT:ENV_WATRES_RB(1.0),26/07/23 23:00:00,A,MIO_M3,PRECIP,ES_LGM,2020,100.29,
ESTAT:ENV_WATRES_RB(1.0),26/07/23 23:00:00,A,MIO_M3,PRECIP,ES_LGM,2021,131.71,
ESTAT:ENV_WATRES_RB(1.0),26/07/23 23:00:00,A,MIO_M3,PRECIP,ES_LPA,2017,373.66,
ESTAT:ENV_WATRES_RB(1.0),26/07/23 23:00:00,A,MIO_M3,PRECIP,ES_LPA,2018,317.63,
ESTAT:ENV_WATRES_RB(1.0),26/07/23 23:00:00,A,MIO_M3,PRECIP,ES_LPA,2019,344.15,
ESTAT:ENV_WATRES_RB(1.0),26/07/23 23:00:00,A,MIO_M3,PRECIP,ES_LPA,2020,329.28,
ESTAT:ENV_WATRES_RB(1.0),26/07/23 23:00:00,A,MIO_M3,PRECIP,ES_LPA,2021,399.69,
ESTAT:ENV_WATRES_RB(1.0),26/07/23 23:00:00,A,MIO_M3,PRECIP,ES_MIS,2017,21549.31,
ESTAT:ENV_WATRES_RB(1.0),26/07/23 23:00:00,A,MIO_M3,PRECIP,ES_MIS,2018,16804.00,
ESTAT:ENV_WATRES_RB(1.0),26/07/23 23:00:00,A,MIO_M3,PRECIP,ES_MIS,2019,23362.40,
ESTAT:ENV_WATRES_RB(1.0),26/07/23 23:00:00,A,MIO_M3,PRECIP,ES_MIS,2020,21254.12,
ESTAT:ENV_WATRES_RB(1.0),26/07/23 23:00:00,A,MIO_M3,PRECIP,ES_MIS,2021,12036.57,
ESTAT:ENV_WATRES_RB(1.0),26/07/23 23:00:00,A,MIO_M3,PRECIP,ES_SEG,2017,6881.50,
ESTAT:ENV_WATRES_RB(1.0),26/07/23 23:00:00,A,MIO_M3,PRECIP,ES_SEG,2018,8882.12,
ESTAT:ENV_WATRES_RB(1.0),26/07/23 23:00:00,A,MIO_M3,PRECIP,ES_SEG,2019,7898.66,
ESTAT:ENV_WATRES_RB(1.0),26/07/23 23:00:00,A,MIO_M3,PRECIP,ES_SEG,2020,7469.02,
ESTAT:ENV_WATRES_RB(1.0),26/07/23 23:00:00,A,MIO_M3,PRECIP,ES_SEG,2021,7529.62,
ESTAT:ENV_WATRES_RB(1.0),26/07/23 23:00:00,A,MIO_M3,PRECIP,ES_TAG,2017,36240.47,
ESTAT:ENV_WATRES_RB(1.0),26/07/23 23:00:00,A,MIO_M3,PRECIP,ES_TAG,2018,24128.39,
ESTAT:ENV_WATRES_RB(1.0),26/07/23 23:00:00,A,MIO_M3,PRECIP,ES_TAG,2019,35114.31,
ESTAT:ENV_WATRES_RB(1.0),26/07/23 23:00:00,A,MIO_M3,PRECIP,ES_TAG,2020,36330.67,
ESTAT:ENV_WATRES_RB(1.0),26/07/23 23:00:00,A,MIO_M3,PRECIP,ES_TAG,2021,24775.79,
ESTAT:ENV_WATRES_RB(1.0),26/07/23 23:00:00,A,MIO_M3,PRECIP,ES_TIN,2017,3171.68,
ESTAT:ENV_WATRES_RB(1.0),26/07/23 23:00:00,A,MIO_M3,PRECIP,ES_TIN,2018,2132.91,
ESTAT:ENV_WATRES_RB(1.0),26/07/23 23:00:00,A,MIO_M3,PRECIP,ES_TIN,2019,2888.87,
ESTAT:ENV_WATRES_RB(1.0),26/07/23 23:00:00,A,MIO_M3,PRECIP,ES_TIN,2020,3052.98,
ESTAT:ENV_WATRES_RB(1.0),26/07/23 23:00:00,A,MIO_M3,PRECIP,ES_TIN,2021,2192.84,
ESTAT:ENV_WATRES_RB(1.0),26/07/23 23:00:00,A,MIO_M3,PRECIP,ES_TNR,2017,634.91,
ESTAT:ENV_WATRES_RB(1.0),26/07/23 23:00:00,A,MIO_M3,PRECIP,ES_TNR,2018,565.52,
ESTAT:ENV_WATRES_RB(1.0),26/07/23 23:00:00,A,MIO_M3,PRECIP,ES_TNR,2019,457.54,
ESTAT:ENV_WATRES_RB(1.0),26/07/23 23:00:00,A,MIO_M3,PRECIP,ES_TNR,2020,683.27,
ESTAT:ENV_WATRES_RB(1.0),26/07/23 23:00:00,A,MIO_M3,PRECIP,ES_TNR,2021,758.90,
ESTAT:ENV_WATRES_RB(1.0),26/07/23 23:00:00,A,MIO_M3,PRECIP,FI,2017,248210,
ESTAT:ENV_WATRES_RB(1.0),26/07/23 23:00:00,A,MIO_M3,PRECIP,FI,2018,183618,
ESTAT:ENV_WATRES_RB(1.0),26/07/23 23:00:00,A,MIO_M3,PRECIP,FR,2017,452142.07,
ESTAT:ENV_WATRES_RB(1.0),26/07/23 23:00:00,A,MIO_M3,PRECIP,FR,2018,540203.18,
ESTAT:ENV_WATRES_RB(1.0),26/07/23 23:00:00,A,MIO_M3,PRECIP,FR,2019,526593.90,
ESTAT:ENV_WATRES_RB(1.0),26/07/23 23:00:00,A,MIO_M3,PRECIP,FR,2020,462417.52,
ESTAT:ENV_WATRES_RB(1.0),26/07/23 23:00:00,A,MIO_M3,PRECIP,FR,2021,510177.38,
ESTAT:ENV_WATRES_RB(1.0),26/07/23 23:00:00,A,MIO_M3,PRECIP,FR_ADO,2017,19840.58,
ESTAT:ENV_WATRES_RB(1.0),26/07/23 23:00:00,A,MIO_M3,PRECIP,FR_ADO,2018,23013.28,
ESTAT:ENV_WATRES_RB(1.0),26/07/23 23:00:00,A,MIO_M3,PRECIP,FR_ADO,2019,25800.14,
ESTAT:ENV_WATRES_RB(1.0),26/07/23 23:00:00,A,MIO_M3,PRECIP,FR_ADO,2020,21876.68,
ESTAT:ENV_WATRES_RB(1.0),26/07/23 23:00:00,A,MIO_M3,PRECIP,FR_ADO,2021,19194.66,
ESTAT:ENV_WATRES_RB(1.0),26/07/23 23:00:00,A,MIO_M3,PRECIP,FR_ADO_OTH,2017,108921.17,
ESTAT:ENV_WATRES_RB(1.0),26/07/23 23:00:00,A,MIO_M3,PRECIP,FR_ADO_OTH,2018,128280.09,
ESTAT:ENV_WATRES_RB(1.0),26/07/23 23:00:00,A,MIO_M3,PRECIP,FR_ADO_OTH,2019,130303.63,
ESTAT:ENV_WATRES_RB(1.0),26/07/23 23:00:00,A,MIO_M3,PRECIP,FR_ADO_OTH,2020,116020.21,
ESTAT:ENV_WATRES_RB(1.0),26/07/23 23:00:00,A,MIO_M3,PRECIP,FR_ADO_OTH,2021,115239.34,
ESTAT:ENV_WATRES_RB(1.0),26/07/23 23:00:00,A,MIO_M3,PRECIP,FR_ALL,2017,26805.34,
ESTAT:ENV_WATRES_RB(1.0),26/07/23 23:00:00,A,MIO_M3,PRECIP,FR_ALL,2018,28619.23,
ESTAT:ENV_WATRES_RB(1.0),26/07/23 23:00:00,A,MIO_M3,PRECIP,FR_ALL,2019,27106.47,
ESTAT:ENV_WATRES_RB(1.0),26/07/23 23:00:00,A,MIO_M3,PRECIP,FR_ALL,2020,22945.42,
ESTAT:ENV_WATRES_RB(1.0),26/07/23 23:00:00,A,MIO_M3,PRECIP,FR_ALL,2021,30997.34,
ESTAT:ENV_WATRES_RB(1.0),26/07/23 23:00:00,A,MIO_M3,PRECIP,FR_ARD,2017,6414.26,
ESTAT:ENV_WATRES_RB(1.0),26/07/23 23:00:00,A,MIO_M3,PRECIP,FR_ARD,2018,14492.51,
ESTAT:ENV_WATRES_RB(1.0),26/07/23 23:00:00,A,MIO_M3,PRECIP,FR_ARD,2019,9952.98,
ESTAT:ENV_WATRES_RB(1.0),26/07/23 23:00:00,A,MIO_M3,PRECIP,FR_ARD,2020,7865.37,
ESTAT:ENV_WATRES_RB(1.0),26/07/23 23:00:00,A,MIO_M3,PRECIP,FR_ARD,2021,9464.33,
ESTAT:ENV_WATRES_RB(1.0),26/07/23 23:00:00,A,MIO_M3,PRECIP,FR_CAQ,2017,9590.69,
ESTAT:ENV_WATRES_RB(1.0),26/07/23 23:00:00,A,MIO_M3,PRECIP,FR_CAQ,2018,10997.69,
ESTAT:ENV_WATRES_RB(1.0),26/07/23 23:00:00,A,MIO_M3,PRECIP,FR_CAQ,2019,12459.24,
ESTAT:ENV_WATRES_RB(1.0),26/07/23 23:00:00,A,MIO_M3,PRECIP,FR_CAQ,2020,11646.36,
ESTAT:ENV_WATRES_RB(1.0),26/07/23 23:00:00,A,MIO_M3,PRECIP,FR_CAQ,2021,10147.21,
ESTAT:ENV_WATRES_RB(1.0),26/07/23 23:00:00,A,MIO_M3,PRECIP,FR_CAZ,2017,6800.23,
ESTAT:ENV_WATRES_RB(1.0),26/07/23 23:00:00,A,MIO_M3,PRECIP,FR_CAZ,2018,16459.48,
ESTAT:ENV_WATRES_RB(1.0),26/07/23 23:00:00,A,MIO_M3,PRECIP,FR_CAZ,2019,13778.20,
ESTAT:ENV_WATRES_RB(1.0),26/07/23 23:00:00,A,MIO_M3,PRECIP,FR_CAZ,2020,8157.51,
ESTAT:ENV_WATRES_RB(1.0),26/07/23 23:00:00,A,MIO_M3,PRECIP,FR_CAZ,2021,9810.82,
ESTAT:ENV_WATRES_RB(1.0),26/07/23 23:00:00,A,MIO_M3,PRECIP,FR_CHA,2017,7579.02,
ESTAT:ENV_WATRES_RB(1.0),26/07/23 23:00:00,A,MIO_M3,PRECIP,FR_CHA,2018,9573.27,
ESTAT:ENV_WATRES_RB(1.0),26/07/23 23:00:00,A,MIO_M3,PRECIP,FR_CHA,2019,10177.68,
ESTAT:ENV_WATRES_RB(1.0),26/07/23 23:00:00,A,MIO_M3,PRECIP,FR_CHA,2020,8799.17,
ESTAT:ENV_WATRES_RB(1.0),26/07/23 23:00:00,A,MIO_M3,PRECIP,FR_CHA,2021,8523.22,
ESTAT:ENV_WATRES_RB(1.0),26/07/23 23:00:00,A,MIO_M3,PRECIP,FR_CLR,2017,11668.43,
ESTAT:ENV_WATRES_RB(1.0),26/07/23 23:00:00,A,MIO_M3,PRECIP,FR_CLR,2018,22449.66,
ESTAT:ENV_WATRES_RB(1.0),26/07/23 23:00:00,A,MIO_M3,PRECIP,FR_CLR,2019,13718.90,
ESTAT:ENV_WATRES_RB(1.0),26/07/23 23:00:00,A,MIO_M3,PRECIP,FR_CLR,2020,14240.14,
ESTAT:ENV_WATRES_RB(1.0),26/07/23 23:00:00,A,MIO_M3,PRECIP,FR_CLR,2021,13245.12,
ESTAT:ENV_WATRES_RB(1.0),26/07/23 23:00:00,A,MIO_M3,PRECIP,FR_CNO,2017,13119.05,
ESTAT:ENV_WATRES_RB(1.0),26/07/23 23:00:00,A,MIO_M3,PRECIP,FR_CNO,2018,12392.83,
ESTAT:ENV_WATRES_RB(1.0),26/07/23 23:00:00,A,MIO_M3,PRECIP,FR_CNO,2019,13965.13,
ESTAT:ENV_WATRES_RB(1.0),26/07/23 23:00:00,A,MIO_M3,PRECIP,FR_CNO,2020,14199.23,
ESTAT:ENV_WATRES_RB(1.0),26/07/23 23:00:00,A,MIO_M3,PRECIP,FR_CNO,2021,12856.75,
ESTAT:ENV_WATRES_RB(1.0),26/07/23 23:00:00,A,MIO_M3,PRECIP,FR_COR,2017,7116.19,
ESTAT:ENV_WATRES_RB(1.0),26/07/23 23:00:00,A,MIO_M3,PRECIP,FR_COR,2018,11182.75,
ESTAT:ENV_WATRES_RB(1.0),26/07/23 23:00:00,A,MIO_M3,PRECIP,FR_COR,2019,9359.53,
ESTAT:ENV_WATRES_RB(1.0),26/07/23 23:00:00,A,MIO_M3,PRECIP,FR_COR,2020,7614.46,
ESTAT:ENV_WATRES_RB(1.0),26/07/23 23:00:00,A,MIO_M3,PRECIP,FR_COR,2021,7808.70,
ESTAT:ENV_WATRES_RB(1.0),26/07/23 23:00:00,A,MIO_M3,PRECIP,FR_DOR,2017,24628.54,
ESTAT:ENV_WATRES_RB(1.0),26/07/23 23:00:00,A,MIO_M3,PRECIP,FR_DOR,2018,26183.54,
ESTAT:ENV_WATRES_RB(1.0),26/07/23 23:00:00,A,MIO_M3,PRECIP,FR_DOR,2019,26759.39,
ESTAT:ENV_WATRES_RB(1.0),26/07/23 23:00:00,A,MIO_M3,PRECIP,FR_DOR,2020,24213.90,
ESTAT:ENV_WATRES_RB(1.0),26/07/23 23:00:00,A,MIO_M3,PRECIP,FR_DOR,2021,27216.36,
ESTAT:ENV_WATRES_RB(1.0),26/07/23 23:00:00,A,MIO_M3,PRECIP,FR_DOU,2017,8501.87,
ESTAT:ENV_WATRES_RB(1.0),26/07/23 23:00:00,A,MIO_M3,PRECIP,FR_DOU,2018,8650.35,
ESTAT:ENV_WATRES_RB(1.0),26/07/23 23:00:00,A,MIO_M3,PRECIP,FR_DOU,2019,9087.06,
ESTAT:ENV_WATRES_RB(1.0),26/07/23 23:00:00,A,MIO_M3,PRECIP,FR_DOU,2020,7423.13,
ESTAT:ENV_WATRES_RB(1.0),26/07/23 23:00:00,A,MIO_M3,PRECIP,FR_DOU,2021,10167.11,
ESTAT:ENV_WATRES_RB(1.0),26/07/23 23:00:00,A,MIO_M3,PRECIP,FR_DUR,2017,11719.43,
ESTAT:ENV_WATRES_RB(1.0),26/07/23 23:00:00,A,MIO_M3,PRECIP,FR_DUR,2018,21777.13,
ESTAT:ENV_WATRES_RB(1.0),26/07/23 23:00:00,A,MIO_M3,PRECIP,FR_DUR,2019,19702.69,
ESTAT:ENV_WATRES_RB(1.0),26/07/23 23:00:00,A,MIO_M3,PRECIP,FR_DUR,2020,12320.29,
ESTAT:ENV_WATRES_RB(1.0),26/07/23 23:00:00,A,MIO_M3,PRECIP,FR_DUR,2021,15991.82,
ESTAT:ENV_WATRES_RB(1.0),26/07/23 23:00:00,A,MIO_M3,PRECIP,FR_GAR,2017,22903.63,
ESTAT:ENV_WATRES_RB(1.0),26/07/23 23:00:00,A,MIO_M3,PRECIP,FR_GAR,2018,28437.58,
ESTAT:ENV_WATRES_RB(1.0),26/07/23 23:00:00,A,MIO_M3,PRECIP,FR_GAR,2019,27166.52,
ESTAT:ENV_WATRES_RB(1.0),26/07/23 23:00:00,A,MIO_M3,PRECIP,FR_GAR,2020,25139.19,
ESTAT:ENV_WATRES_RB(1.0),26/07/23 23:00:00,A,MIO_M3,PRECIP,FR_GAR,2021,23624.56,
ESTAT:ENV_WATRES_RB(1.0),26/07/23 23:00:00,A,MIO_M3,PRECIP,FR_ISR,2017,16331.79,
ESTAT:ENV_WATRES_RB(1.0),26/07/23 23:00:00,A,MIO_M3,PRECIP,FR_ISR,2018,20676.64,
ESTAT:ENV_WATRES_RB(1.0),26/07/23 23:00:00,A,MIO_M3,PRECIP,FR_ISR,2019,20014.93,
ESTAT:ENV_WATRES_RB(1.0),26/07/23 23:00:00,A,MIO_M3,PRECIP,FR_ISR,2020,15337.68,
ESTAT:ENV_WATRES_RB(1.0),26/07/23 23:00:00,A,MIO_M3,PRECIP,FR_ISR,2021,20042.26,
ESTAT:ENV_WATRES_RB(1.0),26/07/23 23:00:00,A,MIO_M3,PRECIP,FR_LOI,2017,116626.29,
ESTAT:ENV_WATRES_RB(1.0),26/07/23 23:00:00,A,MIO_M3,PRECIP,FR_LOI,2018,135790.33,
ESTAT:ENV_WATRES_RB(1.0),26/07/23 23:00:00,A,MIO_M3,PRECIP,FR_LOI,2019,136417.98,
ESTAT:ENV_WATRES_RB(1.0),26/07/23 23:00:00,A,MIO_M3,PRECIP,FR_LOI,2020,126797.67,
ESTAT:ENV_WATRES_RB(1.0),26/07/23 23:00:00,A,MIO_M3,PRECIP,FR_LOI,2021,130683.25,
ESTAT:ENV_WATRES_RB(1.0),26/07/23 23:00:00,A,MIO_M3,PRECIP,FR_LOI_A,2017,14488.858,
ESTAT:ENV_WATRES_RB(1.0),26/07/23 23:00:00,A,MIO_M3,PRECIP,FR_LOI_A,2018,21072.77758,
ESTAT:ENV_WATRES_RB(1.0),26/07/23 23:00:00,A,MIO_M3,PRECIP,FR_LOI_L,2017,14488.86,
ESTAT:ENV_WATRES_RB(1.0),26/07/23 23:00:00,A,MIO_M3,PRECIP,FR_LOI_L,2018,21072.78,
ESTAT:ENV_WATRES_RB(1.0),26/07/23 23:00:00,A,MIO_M3,PRECIP,FR_LOI_L,2019,19966.53,
ESTAT:ENV_WATRES_RB(1.0),26/07/23 23:00:00,A,MIO_M3,PRECIP,FR_LOI_L,2020,20104.46,
ESTAT:ENV_WATRES_RB(1.0),26/07/23 23:00:00,A,MIO_M3,PRECIP,FR_LOI_L,2021,17031.00,
ESTAT:ENV_WATRES_RB(1.0),26/07/23 23:00:00,A,MIO_M3,PRECIP,FR_LOI_M,2017,18684.15,
ESTAT:ENV_WATRES_RB(1.0),26/07/23 23:00:00,A,MIO_M3,PRECIP,FR_LOI_M,2018,20977.25,
ESTAT:ENV_WATRES_RB(1.0),26/07/23 23:00:00,A,MIO_M3,PRECIP,FR_LOI_M,2019,19510.70,
ESTAT:ENV_WATRES_RB(1.0),26/07/23 23:00:00,A,MIO_M3,PRECIP,FR_LOI_M,2020,17525.40,
ESTAT:ENV_WATRES_RB(1.0),26/07/23 23:00:00,A,MIO_M3,PRECIP,FR_LOI_M,2021,21367.90,
ESTAT:ENV_WATRES_RB(1.0),26/07/23 23:00:00,A,MIO_M3,PRECIP,FR_LOT,2017,10541.90,
ESTAT:ENV_WATRES_RB(1.0),26/07/23 23:00:00,A,MIO_M3,PRECIP,FR_LOT,2018,12142.92,
ESTAT:ENV_WATRES_RB(1.0),26/07/23 23:00:00,A,MIO_M3,PRECIP,FR_LOT,2019,12096.32,
ESTAT:ENV_WATRES_RB(1.0),26/07/23 23:00:00,A,MIO_M3,PRECIP,FR_LOT,2020,11041.67,
ESTAT:ENV_WATRES_RB(1.0),26/07/23 23:00:00,A,MIO_M3,PRECIP,FR_LOT,2021,11727.80,
ESTAT:ENV_WATRES_RB(1.0),26/07/23 23:00:00,A,MIO_M3,PRECIP,FR_MAA_C,2017,6929.681,
ESTAT:ENV_WATRES_RB(1.0),26/07/23 23:00:00,A,MIO_M3,PRECIP,FR_MAA_C,2018,6982.6009,
ESTAT:ENV_WATRES_RB(1.0),26/07/23 23:00:00,A,MIO_M3,PRECIP,FR_MAY,2017,15325.156,
ESTAT:ENV_WATRES_RB(1.0),26/07/23 23:00:00,A,MIO_M3,PRECIP,FR_MAY,2018,18266.39254,
ESTAT:ENV_WATRES_RB(1.0),26/07/23 23:00:00,A,MIO_M3,PRECIP,FR_MEU,2017,6929.68,
ESTAT:ENV_WATRES_RB(1.0),26/07/23 23:00:00,A,MIO_M3,PRECIP,FR_MEU,2018,6982.60,
ESTAT:ENV_WATRES_RB(1.0),26/07/23 23:00:00,A,MIO_M3,PRECIP,FR_MEU,2019,7019.67,
ESTAT:ENV_WATRES_RB(1.0),26/07/23 23:00:00,A,MIO_M3,PRECIP,FR_MEU,2020,6471.21,
ESTAT:ENV_WATRES_RB(1.0),26/07/23 23:00:00,A,MIO_M3,PRECIP,FR_MEU,2021,7565.79,
ESTAT:ENV_WATRES_RB(1.0),26/07/23 23:00:00,A,MIO_M3,PRECIP,FR_MRN,2017,10552.25,
ESTAT:ENV_WATRES_RB(1.0),26/07/23 23:00:00,A,MIO_M3,PRECIP,FR_MRN,2018,10448.23,
ESTAT:ENV_WATRES_RB(1.0),26/07/23 23:00:00,A,MIO_M3,PRECIP,FR_MRN,2019,10303.29,
ESTAT:ENV_WATRES_RB(1.0),26/07/23 23:00:00,A,MIO_M3,PRECIP,FR_MRN,2020,9087.99,
ESTAT:ENV_WATRES_RB(1.0),26/07/23 23:00:00,A,MIO_M3,PRECIP,FR_MRN,2021,11207.30,
ESTAT:ENV_WATRES_RB(1.0),26/07/23 23:00:00,A,MIO_M3,PRECIP,FR_MSL,2017,15325.16,
ESTAT:ENV_WATRES_RB(1.0),26/07/23 23:00:00,A,MIO_M3,PRECIP,FR_MSL,2018,18266.39,
ESTAT:ENV_WATRES_RB(1.0),26/07/23 23:00:00,A,MIO_M3,PRECIP,FR_MSL,2019,18129.83,
ESTAT:ENV_WATRES_RB(1.0),26/07/23 23:00:00,A,MIO_M3,PRECIP,FR_MSL,2020,15689.39,
ESTAT:ENV_WATRES_RB(1.0),26/07/23 23:00:00,A,MIO_M3,PRECIP,FR_MSL,2021,16851.88,
ESTAT:ENV_WATRES_RB(1.0),26/07/23 23:00:00,A,MIO_M3,PRECIP,FR_MSL_SAR,2017,14265.97,
ESTAT:ENV_WATRES_RB(1.0),26/07/23 23:00:00,A,MIO_M3,PRECIP,FR_MSL_SAR,2018,13048.02,
ESTAT:ENV_WATRES_RB(1.0),26/07/23 23:00:00,A,MIO_M3,PRECIP,FR_MSL_SAR,2019,13576.03,
ESTAT:ENV_WATRES_RB(1.0),26/07/23 23:00:00,A,MIO_M3,PRECIP,FR_MSL_SAR,2020,12613.36,
ESTAT:ENV_WATRES_RB(1.0),26/07/23 23:00:00,A,MIO_M3,PRECIP,FR_MSL_SAR,2021,15147.18,
ESTAT:ENV_WATRES_RB(1.0),26/07/23 23:00:00,A,MIO_M3,PRECIP,FR_OIS,2017,12928.12,
ESTAT:ENV_WATRES_RB(1.0),26/07/23 23:00:00,A,MIO_M3,PRECIP,FR_OIS,2018,12787.00,
ESTAT:ENV_WATRES_RB(1.0),26/07/23 23:00:00,A,MIO_M3,PRECIP,FR_OIS,2019,13487.01,
ESTAT:ENV_WATRES_RB(1.0),26/07/23 23:00:00,A,MIO_M3,PRECIP,FR_OIS,2020,12066.11,
ESTAT:ENV_WATRES_RB(1.0),26/07/23 23:00:00,A,MIO_M3,PRECIP,FR_OIS,2021,14505.95,
ESTAT:ENV_WATRES_RB(1.0),26/07/23 23:00:00,A,MIO_M3,PRECIP,FR_RHI,2017,21105.93,
ESTAT:ENV_WATRES_RB(1.0),26/07/23 23:00:00,A,MIO_M3,PRECIP,FR_RHI,2018,19650.37,
ESTAT:ENV_WATRES_RB(1.0),26/07/23 23:00:00,A,MIO_M3,PRECIP,FR_RHI,2019,20788.65,
ESTAT:ENV_WATRES_RB(1.0),26/07/23 23:00:00,A,MIO_M3,PRECIP,FR_RHI,2020,18389.36,
ESTAT:ENV_WATRES_RB(1.0),26/07/23 23:00:00,A,MIO_M3,PRECIP,FR_RHI,2021,23213.37,
ESTAT:ENV_WATRES_RB(1.0),26/07/23 23:00:00,A,MIO_M3,PRECIP,FR_RHI_I,2017,6839.966,
ESTAT:ENV_WATRES_RB(1.0),26/07/23 23:00:00,A,MIO_M3,PRECIP,FR_RHI_I,2018,6602.345558,
ESTAT:ENV_WATRES_RB(1.0),26/07/23 23:00:00,A,MIO_M3,PRECIP,FR_RHI_IL,2017,6839.97,
ESTAT:ENV_WATRES_RB(1.0),26/07/23 23:00:00,A,MIO_M3,PRECIP,FR_RHI_IL,2018,6602.35,
ESTAT:ENV_WATRES_RB(1.0),26/07/23 23:00:00,A,MIO_M3,PRECIP,FR_RHI_IL,2019,7212.62,
ESTAT:ENV_WATRES_RB(1.0),26/07/23 23:00:00,A,MIO_M3,PRECIP,FR_RHI_IL,2020,5776.00,
ESTAT:ENV_WATRES_RB(1.0),26/07/23 23:00:00,A,MIO_M3,PRECIP,FR_RHI_IL,2021,8066.20,
ESTAT:ENV_WATRES_RB(1.0),26/07/23 23:00:00,A,MIO_M3,PRECIP,FR_RHO_CM,2017,100632.96,
ESTAT:ENV_WATRES_RB(1.0),26/07/23 23:00:00,A,MIO_M3,PRECIP,FR_RHO_CM,2018,147694.99,
ESTAT:ENV_WATRES_RB(1.0),26/07/23 23:00:00,A,MIO_M3,PRECIP,FR_RHO_CM,2019,129774.82,
ESTAT:ENV_WATRES_RB(1.0),26/07/23 23:00:00,A,MIO_M3,PRECIP,FR_RHO_CM,2020,100796.21,
ESTAT:ENV_WATRES_RB(1.0),26/07/23 23:00:00,A,MIO_M3,PRECIP,FR_RHO_CM,2021,127696.40,
ESTAT:ENV_WATRES_RB(1.0),26/07/23 23:00:00,A,MIO_M3,PRECIP,FR_RHO_H,2017,16836.055,
ESTAT:ENV_WATRES_RB(1.0),26/07/23 23:00:00,A,MIO_M3,PRECIP,FR_RHO_H,2018,17698.45935,
ESTAT:ENV_WATRES_RB(1.0),26/07/23 23:00:00,A,MIO_M3,PRECIP,FR_RHO_M,2017,5012.11,
ESTAT:ENV_WATRES_RB(1.0),26/07/23 23:00:00,A,MIO_M3,PRECIP,FR_RHO_M,2018,6212.86,
ESTAT:ENV_WATRES_RB(1.0),26/07/23 23:00:00,A,MIO_M3,PRECIP,FR_RHO_M,2019,6342.13,
ESTAT:ENV_WATRES_RB(1.0),26/07/23 23:00:00,A,MIO_M3,PRECIP,FR_RHO_M,2020,4628.23,
ESTAT:ENV_WATRES_RB(1.0),26/07/23 23:00:00,A,MIO_M3,PRECIP,FR_RHO_M,2021,7174.62,
ESTAT:ENV_WATRES_RB(1.0),26/07/23 23:00:00,A,MIO_M3,PRECIP,FR_RHO_U,2017,16836.06,
ESTAT:ENV_WATRES_RB(1.0),26/07/23 23:00:00,A,MIO_M3,PRECIP,FR_RHO_U,2018,17698.46,
ESTAT:ENV_WATRES_RB(1.0),26/07/23 23:00:00,A,MIO_M3,PRECIP,FR_RHO_U,2019,18918.90,
ESTAT:ENV_WATRES_RB(1.0),26/07/23 23:00:00,A,MIO_M3,PRECIP,FR_RHO_U,2020,15380.08,
ESTAT:ENV_WATRES_RB(1.0),26/07/23 23:00:00,A,MIO_M3,PRECIP,FR_RHO_U,2021,20777.24,
ESTAT:ENV_WATRES_RB(1.0),26/07/23 23:00:00,A,MIO_M3,PRECIP,FR_SAM,2017,782.19,
ESTAT:ENV_WATRES_RB(1.0),26/07/23 23:00:00,A,MIO_M3,PRECIP,FR_SAM,2018,814.14,
ESTAT:ENV_WATRES_RB(1.0),26/07/23 23:00:00,A,MIO_M3,PRECIP,FR_SAM,2019,994.86,
ESTAT:ENV_WATRES_RB(1.0),26/07/23 23:00:00,A,MIO_M3,PRECIP,FR_SAM,2020,911.96,
ESTAT:ENV_WATRES_RB(1.0),26/07/23 23:00:00,A,MIO_M3,PRECIP,FR_SAM,2021,1079.90,
ESTAT:ENV_WATRES_RB(1.0),26/07/23 23:00:00,A,MIO_M3,PRECIP,FR_SAO,2017,17348.79,
ESTAT:ENV_WATRES_RB(1.0),26/07/23 23:00:00,A,MIO_M3,PRECIP,FR_SAO,2018,19277.89,
ESTAT:ENV_WATRES_RB(1.0),26/07/23 23:00:00,A,MIO_M3,PRECIP,FR_SAO,2019,18259.03,
ESTAT:ENV_WATRES_RB(1.0),26/07/23 23:00:00,A,MIO_M3,PRECIP,FR_SAO,2020,15443.78,
ESTAT:ENV_WATRES_RB(1.0),26/07/23 23:00:00,A,MIO_M3,PRECIP,FR_SAO,2021,21023.07,
ESTAT:ENV_WATRES_RB(1.0),26/07/23 23:00:00,A,MIO_M3,PRECIP,FR_SCH,2017,14314.22,
ESTAT:ENV_WATRES_RB(1.0),26/07/23 23:00:00,A,MIO_M3,PRECIP,FR_SCH,2018,13618.18,
ESTAT:ENV_WATRES_RB(1.0),26/07/23 23:00:00,A,MIO_M3,PRECIP,FR_SCH,2019,15093.88,
ESTAT:ENV_WATRES_RB(1.0),26/07/23 23:00:00,A,MIO_M3,PRECIP,FR_SCH,2020,15025.43,
ESTAT:ENV_WATRES_RB(1.0),26/07/23 23:00:00,A,MIO_M3,PRECIP,FR_SCH,2021,16471.73,
ESTAT:ENV_WATRES_RB(1.0),26/07/23 23:00:00,A,MIO_M3,PRECIP,FR_SEI_A,2017,24180.623,
ESTAT:ENV_WATRES_RB(1.0),26/07/23 23:00:00,A,MIO_M3,PRECIP,FR_SEI_A,2018,25880.22152,
ESTAT:ENV_WATRES_RB(1.0),26/07/23 23:00:00,A,MIO_M3,PRECIP,FR_SEI_CN,2017,75955.66,
ESTAT:ENV_WATRES_RB(1.0),26/07/23 23:00:00,A,MIO_M3,PRECIP,FR_SEI_CN,2018,76638.93,
ESTAT:ENV_WATRES_RB(1.0),26/07/23 23:00:00,A,MIO_M3,PRECIP,FR_SEI_CN,2019,76806.71,
ESTAT:ENV_WATRES_RB(1.0),26/07/23 23:00:00,A,MIO_M3,PRECIP,FR_SEI_CN,2020,70361.84,
ESTAT:ENV_WATRES_RB(1.0),26/07/23 23:00:00,A,MIO_M3,PRECIP,FR_SEI_CN,2021,80418.89,
ESTAT:ENV_WATRES_RB(1.0),26/07/23 23:00:00,A,MIO_M3,PRECIP,FR_SEI_D,2017,15175.62,
ESTAT:ENV_WATRES_RB(1.0),26/07/23 23:00:00,A,MIO_M3,PRECIP,FR_SEI_D,2018,15130.65,
ESTAT:ENV_WATRES_RB(1.0),26/07/23 23:00:00,A,MIO_M3,PRECIP,FR_SEI_D,2019,15231.29,
ESTAT:ENV_WATRES_RB(1.0),26/07/23 23:00:00,A,MIO_M3,PRECIP,FR_SEI_D,2020,14293.03,
ESTAT:ENV_WATRES_RB(1.0),26/07/23 23:00:00,A,MIO_M3,PRECIP,FR_SEI_D,2021,15482.83,
ESTAT:ENV_WATRES_RB(1.0),26/07/23 23:00:00,A,MIO_M3,PRECIP,FR_SEI_U,2017,24180.62,
ESTAT:ENV_WATRES_RB(1.0),26/07/23 23:00:00,A,MIO_M3,PRECIP,FR_SEI_U,2018,25880.22,
ESTAT:ENV_WATRES_RB(1.0),26/07/23 23:00:00,A,MIO_M3,PRECIP,FR_SEI_U,2019,23819.99,
ESTAT:ENV_WATRES_RB(1.0),26/07/23 23:00:00,A,MIO_M3,PRECIP,FR_SEI_U,2020,20715.49,
ESTAT:ENV_WATRES_RB(1.0),26/07/23 23:00:00,A,MIO_M3,PRECIP,FR_SEI_U,2021,26366.07,
ESTAT:ENV_WATRES_RB(1.0),26/07/23 23:00:00,A,MIO_M3,PRECIP,FR_SEI_V,2017,15175.62,
ESTAT:ENV_WATRES_RB(1.0),26/07/23 23:00:00,A,MIO_M3,PRECIP,FR_SEI_V,2018,15130.64952,
ESTAT:ENV_WATRES_RB(1.0),26/07/23 23:00:00,A,MIO_M3,PRECIP,FR_TAR,2017,13836.81,
ESTAT:ENV_WATRES_RB(1.0),26/07/23 23:00:00,A,MIO_M3,PRECIP,FR_TAR,2018,17931.83,
ESTAT:ENV_WATRES_RB(1.0),26/07/23 23:00:00,A,MIO_M3,PRECIP,FR_TAR,2019,15844.36,
ESTAT:ENV_WATRES_RB(1.0),26/07/23 23:00:00,A,MIO_M3,PRECIP,FR_TAR,2020,13303.25,
ESTAT:ENV_WATRES_RB(1.0),26/07/23 23:00:00,A,MIO_M3,PRECIP,FR_TAR,2021,14805.54,
ESTAT:ENV_WATRES_RB(1.0),26/07/23 23:00:00,A,MIO_M3,PRECIP,FR_VIE,2017,16412.05,
ESTAT:ENV_WATRES_RB(1.0),26/07/23 23:00:00,A,MIO_M3,PRECIP,FR_VIE,2018,19216.80,
ESTAT:ENV_WATRES_RB(1.0),26/07/23 23:00:00,A,MIO_M3,PRECIP,FR_VIE,2019,19682.79,
ESTAT:ENV_WATRES_RB(1.0),26/07/23 23:00:00,A,MIO_M3,PRECIP,FR_VIE,2020,17702.39,
ESTAT:ENV_WATRES_RB(1.0),26/07/23 23:00:00,A,MIO_M3,PRECIP,FR_VIE,2021,19051.86,
ESTAT:ENV_WATRES_RB(1.0),26/07/23 23:00:00,A,MIO_M3,PRECIP,FR_VIL,2017,24910.74,
ESTAT:ENV_WATRES_RB(1.0),26/07/23 23:00:00,A,MIO_M3,PRECIP,FR_VIL,2018,27637.88,
ESTAT:ENV_WATRES_RB(1.0),26/07/23 23:00:00,A,MIO_M3,PRECIP,FR_VIL,2019,32021.65,
ESTAT:ENV_WATRES_RB(1.0),26/07/23 23:00:00,A,MIO_M3,PRECIP,FR_VIL,2020,32830.62,
ESTAT:ENV_WATRES_RB(1.0),26/07/23 23:00:00,A,MIO_M3,PRECIP,FR_VIL,2021,25383.28,
ESTAT:ENV_WATRES_RB(1.0),26/07/23 23:00:00,A,MIO_M3,PRECIP,HR,2017,64839.00,
ESTAT:ENV_WATRES_RB(1.0),26/07/23 23:00:00,A,MIO_M3,PRECIP,HR,2018,65029.00,
ESTAT:ENV_WATRES_RB(1.0),26/07/23 23:00:00,A,MIO_M3,PRECIP,HR,2019,63712.10,e
ESTAT:ENV_WATRES_RB(1.0),26/07/23 23:00:00,A,MIO_M3,PRECIP,HR,2020,60968.70,
ESTAT:ENV_WATRES_RB(1.0),26/07/23 23:00:00,A,MIO_M3,PRECIP,HR,2021,63763.90,
ESTAT:ENV_WATRES_RB(1.0),26/07/23 23:00:00,A,MIO_M3,PRECIP,HR_ADR,2017,26888.00,
ESTAT:ENV_WATRES_RB(1.0),26/07/23 23:00:00,A,MIO_M3,PRECIP,HR_ADR,2018,26967.00,
ESTAT:ENV_WATRES_RB(1.0),26/07/23 23:00:00,A,MIO_M3,PRECIP,HR_ADR,2019,25619.00,
ESTAT:ENV_WATRES_RB(1.0),26/07/23 23:00:00,A,MIO_M3,PRECIP,HR_ADR,2020,23908.04,
ESTAT:ENV_WATRES_RB(1.0),26/07/23 23:00:00,A,MIO_M3,PRECIP,HR_ADR,2021,24162.90,
ESTAT:ENV_WATRES_RB(1.0),26/07/23 23:00:00,A,MIO_M3,PRECIP,HR_DAN,2017,37951.00,
ESTAT:ENV_WATRES_RB(1.0),26/07/23 23:00:00,A,MIO_M3,PRECIP,HR_DAN,2018,38062.00,
ESTAT:ENV_WATRES_RB(1.0),26/07/23 23:00:00,A,MIO_M3,PRECIP,HR_DAN,2019,38093.00,
ESTAT:ENV_WATRES_RB(1.0),26/07/23 23:00:00,A,MIO_M3,PRECIP,HR_DAN,2020,37060.66,
ESTAT:ENV_WATRES_RB(1.0),26/07/23 23:00:00,A,MIO_M3,PRECIP,HR_DAN,2021,39601.00,
ESTAT:ENV_WATRES_RB(1.0),26/07/23 23:00:00,A,MIO_M3,PRECIP,HR_DRA,2017,7943.00,
ESTAT:ENV_WATRES_RB(1.0),26/07/23 23:00:00,A,MIO_M3,PRECIP,HR_DRA,2018,7464.00,
ESTAT:ENV_WATRES_RB(1.0),26/07/23 23:00:00,A,MIO_M3,PRECIP,HR_DRA,2019,7363.00,
ESTAT:ENV_WATRES_RB(1.0),26/07/23 23:00:00,A,MIO_M3,PRECIP,HR_DRA,2020,7181.12,
ESTAT:ENV_WATRES_RB(1.0),26/07/23 23:00:00,A,MIO_M3,PRECIP,HR_DRA,2021,7578.40,
ESTAT:ENV_WATRES_RB(1.0),26/07/23 23:00:00,A,MIO_M3,PRECIP,HR_DRA_SB,2017,7943,
ESTAT:ENV_WATRES_RB(1.0),26/07/23 23:00:00,A,MIO_M3,PRECIP,HR_DRA_SB,2018,7464,
ESTAT:ENV_WATRES_RB(1.0),26/07/23 23:00:00,A,MIO_M3,PRECIP,HR_SAV,2017,30008.00,
ESTAT:ENV_WATRES_RB(1.0),26/07/23 23:00:00,A,MIO_M3,PRECIP,HR_SAV,2018,30598.00,
ESTAT:ENV_WATRES_RB(1.0),26/07/23 23:00:00,A,MIO_M3,PRECIP,HR_SAV,2019,30730.00,
ESTAT:ENV_WATRES_RB(1.0),26/07/23 23:00:00,A,MIO_M3,PRECIP,HR_SAV,2020,29879.54,
ESTAT:ENV_WATRES_RB(1.0),26/07/23 23:00:00,A,MIO_M3,PRECIP,HR_SAV,2021,32022.60,
ESTAT:ENV_WATRES_RB(1.0),26/07/23 23:00:00,A,MIO_M3,PRECIP,HR_SAV_SB,2017,30008,
ESTAT:ENV_WATRES_RB(1.0),26/07/23 23:00:00,A,MIO_M3,PRECIP,HR_SAV_SB,2018,30598,
ESTAT:ENV_WATRES_RB(1.0),26/07/23 23:00:00,A,MIO_M3,PRECIP,HU,2017,58218.00,
ESTAT:ENV_WATRES_RB(1.0),26/07/23 23:00:00,A,MIO_M3,PRECIP,HU,2018,56962.50,
ESTAT:ENV_WATRES_RB(1.0),26/07/23 23:00:00,A,MIO_M3,PRECIP,HU,2019,58234.70,
ESTAT:ENV_WATRES_RB(1.0),26/07/23 23:00:00,A,MIO_M3,PRECIP,HU,2020,56981.10,
ESTAT:ENV_WATRES_RB(1.0),26/07/23 23:00:00,A,MIO_M3,PRECIP,HU,2021,47650.00,
ESTAT:ENV_WATRES_RB(1.0),26/07/23 23:00:00,A,MIO_M3,PRECIP,HU_BAT,2017,3967.30,
ESTAT:ENV_WATRES_RB(1.0),26/07/23 23:00:00,A,MIO_M3,PRECIP,HU_BAT,2018,4406.30,
ESTAT:ENV_WATRES_RB(1.0),26/07/23 23:00:00,A,MIO_M3,PRECIP,HU_BAT,2019,4146.40,
ESTAT:ENV_WATRES_RB(1.0),26/07/23 23:00:00,A,MIO_M3,PRECIP,HU_BAT,2020,3690.20,
ESTAT:ENV_WATRES_RB(1.0),26/07/23 23:00:00,A,MIO_M3,PRECIP,HU_BAT,2021,2881.70,
ESTAT:ENV_WATRES_RB(1.0),26/07/23 23:00:00,A,MIO_M3,PRECIP,HU_DAN,2017,21677.6,
ESTAT:ENV_WATRES_RB(1.0),26/07/23 23:00:00,A,MIO_M3,PRECIP,HU_DAN,2018,22216.4,
ESTAT:ENV_WATRES_RB(1.0),26/07/23 23:00:00,A,MIO_M3,PRECIP,HU_DAN_RBD,2017,58218.00,
ESTAT:ENV_WATRES_RB(1.0),26/07/23 23:00:00,A,MIO_M3,PRECIP,HU_DAN_RBD,2018,56962.50,
ESTAT:ENV_WATRES_RB(1.0),26/07/23 23:00:00,A,MIO_M3,PRECIP,HU_DAN_RBD,2019,58234.70,
ESTAT:ENV_WATRES_RB(1.0),26/07/23 23:00:00,A,MIO_M3,PRECIP,HU_DAN_RBD,2020,56981.10,
ESTAT:ENV_WATRES_RB(1.0),26/07/23 23:00:00,A,MIO_M3,PRECIP,HU_DAN_RBD,2021,47650.00,
ESTAT:ENV_WATRES_RB(1.0),26/07/23 23:00:00,A,MIO_M3,PRECIP,HU_DAN_SU,2017,21677.60,
ESTAT:ENV_WATRES_RB(1.0),26/07/23 23:00:00,A,MIO_M3,PRECIP,HU_DAN_SU,2018,21658.00,
ESTAT:ENV_WATRES_RB(1.0),26/07/23 23:00:00,A,MIO_M3,PRECIP,HU_DAN_SU,2019,20828.00,
ESTAT:ENV_WATRES_RB(1.0),26/07/23 23:00:00,A,MIO_M3,PRECIP,HU_DAN_SU,2020,18905.20,
ESTAT:ENV_WATRES_RB(1.0),26/07/23 23:00:00,A,MIO_M3,PRECIP,HU_DAN_SU,2021,16882.00,
ESTAT:ENV_WATRES_RB(1.0),26/07/23 23:00:00,A,MIO_M3,PRECIP,HU_DRA,2017,4230.10,
ESTAT:ENV_WATRES_RB(1.0),26/07/23 23:00:00,A,MIO_M3,PRECIP,HU_DRA,2018,5075.80,
ESTAT:ENV_WATRES_RB(1.0),26/07/23 23:00:00,A,MIO_M3,PRECIP,HU_DRA,2019,5411.30,
ESTAT:ENV_WATRES_RB(1.0),26/07/23 23:00:00,A,MIO_M3,PRECIP,HU_DRA,2020,5075.80,
ESTAT:ENV_WATRES_RB(1.0),26/07/23 23:00:00,A,MIO_M3,PRECIP,HU_DRA,2021,4361.90,
ESTAT:ENV_WATRES_RB(1.0),26/07/23 23:00:00,A,MIO_M3,PRECIP,HU_TIS,2017,28343.10,
ESTAT:ENV_WATRES_RB(1.0),26/07/23 23:00:00,A,MIO_M3,PRECIP,HU_TIS,2018,25353.00,
ESTAT:ENV_WATRES_RB(1.0),26/07/23 23:00:00,A,MIO_M3,PRECIP,HU_TIS,2019,28217.00,
ESTAT:ENV_WATRES_RB(1.0),26/07/23 23:00:00,A,MIO_M3,PRECIP,HU_TIS,2020,29954.00,
ESTAT:ENV_WATRES_RB(1.0),26/07/23 23:00:00,A,MIO_M3,PRECIP,HU_TIS,2021,23662.30,
ESTAT:ENV_WATRES_RB(1.0),26/07/23 23:00:00,A,MIO_M3,PRECIP,IE,2017,87220.58,
ESTAT:ENV_WATRES_RB(1.0),26/07/23 23:00:00,A,MIO_M3,PRECIP,IT,2017,228837.11,
ESTAT:ENV_WATRES_RB(1.0),26/07/23 23:00:00,A,MIO_M3,PRECIP,IT,2018,333627.59,
ESTAT:ENV_WATRES_RB(1.0),26/07/23 23:00:00,A,MIO_M3,PRECIP,IT,2019,326034.75,
ESTAT:ENV_WATRES_RB(1.0),26/07/23 23:00:00,A,MIO_M3,PRECIP,IT,2020,274918.41,
ESTAT:ENV_WATRES_RB(1.0),26/07/23 23:00:00,A,MIO_M3,PRECIP,IT,2021,269098.43,
ESTAT:ENV_WATRES_RB(1.0),26/07/23 23:00:00,A,MIO_M3,PRECIP,IT_ALP_E,2017,40410.35,
ESTAT:ENV_WATRES_RB(1.0),26/07/23 23:00:00,A,MIO_M3,PRECIP,IT_ALP_E,2018,44149.10,
ESTAT:ENV_WATRES_RB(1.0),26/07/23 23:00:00,A,MIO_M3,PRECIP,IT_ALP_E,2019,52906.04,
ESTAT:ENV_WATRES_RB(1.0),26/07/23 23:00:00,A,MIO_M3,PRECIP,IT_ALP_E,2020,47566.60,
ESTAT:ENV_WATRES_RB(1.0),26/07/23 23:00:00,A,MIO_M3,PRECIP,IT_ALP_E,2021,39429.89,
ESTAT:ENV_WATRES_RB(1.0),26/07/23 23:00:00,A,MIO_M3,PRECIP,IT_APE_C,2017,33839.08,
ESTAT:ENV_WATRES_RB(1.0),26/07/23 23:00:00,A,MIO_M3,PRECIP,IT_APE_C,2018,44742.50,
ESTAT:ENV_WATRES_RB(1.0),26/07/23 23:00:00,A,MIO_M3,PRECIP,IT_APE_C,2019,42016.22,
ESTAT:ENV_WATRES_RB(1.0),26/07/23 23:00:00,A,MIO_M3,PRECIP,IT_APE_C,2020,36304.34,
ESTAT:ENV_WATRES_RB(1.0),26/07/23 23:00:00,A,MIO_M3,PRECIP,IT_APE_C,2021,36565.78,
ESTAT:ENV_WATRES_RB(1.0),26/07/23 23:00:00,A,MIO_M3,PRECIP,IT_APE_N,2017,18336.05,
ESTAT:ENV_WATRES_RB(1.0),26/07/23 23:00:00,A,MIO_M3,PRECIP,IT_APE_N,2018,27826.71,
ESTAT:ENV_WATRES_RB(1.0),26/07/23 23:00:00,A,MIO_M3,PRECIP,IT_APE_N,2019,31470.16,
ESTAT:ENV_WATRES_RB(1.0),26/07/23 23:00:00,A,MIO_M3,PRECIP,IT_APE_N,2020,25354.49,
ESTAT:ENV_WATRES_RB(1.0),26/07/23 23:00:00,A,MIO_M3,PRECIP,IT_APE_N,2021,23267.09,
ESTAT:ENV_WATRES_RB(1.0),26/07/23 23:00:00,A,MIO_M3,PRECIP,IT_APE_S,2017,49095.44,
ESTAT:ENV_WATRES_RB(1.0),26/07/23 23:00:00,A,MIO_M3,PRECIP,IT_APE_S,2018,73931.67,
ESTAT:ENV_WATRES_RB(1.0),26/07/23 23:00:00,A,MIO_M3,PRECIP,IT_APE_S,2019,62483.93,
ESTAT:ENV_WATRES_RB(1.0),26/07/23 23:00:00,A,MIO_M3,PRECIP,IT_APE_S,2020,56192.18,
ESTAT:ENV_WATRES_RB(1.0),26/07/23 23:00:00,A,MIO_M3,PRECIP,IT_APE_S,2021,63324.10,
ESTAT:ENV_WATRES_RB(1.0),26/07/23 23:00:00,A,MIO_M3,PRECIP,IT_PO,2017,61973.03,
ESTAT:ENV_WATRES_RB(1.0),26/07/23 23:00:00,A,MIO_M3,PRECIP,IT_PO,2018,95046.00,
ESTAT:ENV_WATRES_RB(1.0),26/07/23 23:00:00,A,MIO_M3,PRECIP,IT_PO,2019,100323.34,
ESTAT:ENV_WATRES_RB(1.0),26/07/23 23:00:00,A,MIO_M3,PRECIP,IT_PO,2020,78936.02,
ESTAT:ENV_WATRES_RB(1.0),26/07/23 23:00:00,A,MIO_M3,PRECIP,IT_PO,2021,67803.00,
ESTAT:ENV_WATRES_RB(1.0),26/07/23 23:00:00,A,MIO_M3,PRECIP,IT_SAR,2017,10699.68,
ESTAT:ENV_WATRES_RB(1.0),26/07/23 23:00:00,A,MIO_M3,PRECIP,IT_SAR,2018,24987.12,
ESTAT:ENV_WATRES_RB(1.0),26/07/23 23:00:00,A,MIO_M3,PRECIP,IT_SAR,2019,17581.43,
ESTAT:ENV_WATRES_RB(1.0),26/07/23 23:00:00,A,MIO_M3,PRECIP,IT_SAR,2020,16798.91,
ESTAT:ENV_WATRES_RB(1.0),26/07/23 23:00:00,A,MIO_M3,PRECIP,IT_SAR,2021,18265.39,
ESTAT:ENV_WATRES_RB(1.0),26/07/23 23:00:00,A,MIO_M3,PRECIP,IT_SIC,2017,14483.49,
ESTAT:ENV_WATRES_RB(1.0),26/07/23 23:00:00,A,MIO_M3,PRECIP,IT_SIC,2018,22944.50,
ESTAT:ENV_WATRES_RB(1.0),26/07/23 23:00:00,A,MIO_M3,PRECIP,IT_SIC,2019,19253.62,
ESTAT:ENV_WATRES_RB(1.0),26/07/23 23:00:00,A,MIO_M3,PRECIP,IT_SIC,2020,13765.87,
ESTAT:ENV_WATRES_RB(1.0),26/07/23 23:00:00,A,MIO_M3,PRECIP,IT_SIC,2021,20443.19,
ESTAT:ENV_WATRES_RB(1.0),26/07/23 23:00:00,A,MIO_M3,PRECIP,LT,2017,57852.17,
ESTAT:ENV_WATRES_RB(1.0),26/07/23 23:00:00,A,MIO_M3,PRECIP,LT,2018,36346.66,
ESTAT:ENV_WATRES_RB(1.0),26/07/23 23:00:00,A,MIO_M3,PRECIP,LT,2019,40499.96,
ESTAT:ENV_WATRES_RB(1.0),26/07/23 23:00:00,A,MIO_M3,PRECIP,LT,2020,42153.01,
ESTAT:ENV_WATRES_RB(1.0),26/07/23 23:00:00,A,MIO_M3,PRECIP,LT,2021,45011.60,
ESTAT:ENV_WATRES_RB(1.0),26/07/23 23:00:00,A,MIO_M3,PRECIP,LT_DAU_RBD,2017,1746.79,
ESTAT:ENV_WATRES_RB(1.0),26/07/23 23:00:00,A,MIO_M3,PRECIP,LT_DAU_RBD,2018,1051.99,
ESTAT:ENV_WATRES_RB(1.0),26/07/23 23:00:00,A,MIO_M3,PRECIP,LT_DAU_RBD,2019,1097.49,
ESTAT:ENV_WATRES_RB(1.0),26/07/23 23:00:00,A,MIO_M3,PRECIP,LT_DAU_RBD,2020,1109.74,
ESTAT:ENV_WATRES_RB(1.0),26/07/23 23:00:00,A,MIO_M3,PRECIP,LT_DAU_RBD,2021,1315.59,
ESTAT:ENV_WATRES_RB(1.0),26/07/23 23:00:00,A,MIO_M3,PRECIP,LT_LIE,2017,7526.31,
ESTAT:ENV_WATRES_RB(1.0),26/07/23 23:00:00,A,MIO_M3,PRECIP,LT_LIE,2018,4281.94,
ESTAT:ENV_WATRES_RB(1.0),26/07/23 23:00:00,A,MIO_M3,PRECIP,LT_LIE,2019,5870.29,
ESTAT:ENV_WATRES_RB(1.0),26/07/23 23:00:00,A,MIO_M3,PRECIP,LT_LIE,2020,5699.12,
ESTAT:ENV_WATRES_RB(1.0),26/07/23 23:00:00,A,MIO_M3,PRECIP,LT_LIE,2021,6299.43,
ESTAT:ENV_WATRES_RB(1.0),26/07/23 23:00:00,A,MIO_M3,PRECIP,LT_NEM,2017,43423.73,
ESTAT:ENV_WATRES_RB(1.0),26/07/23 23:00:00,A,MIO_M3,PRECIP,LT_NEM,2018,27552.83,
ESTAT:ENV_WATRES_RB(1.0),26/07/23 23:00:00,A,MIO_M3,PRECIP,LT_NEM,2019,29234.95,
ESTAT:ENV_WATRES_RB(1.0),26/07/23 23:00:00,A,MIO_M3,PRECIP,LT_NEM,2020,31409.82,
ESTAT:ENV_WATRES_RB(1.0),26/07/23 23:00:00,A,MIO_M3,PRECIP,LT_NEM,2021,33138.62,
ESTAT:ENV_WATRES_RB(1.0),26/07/23 23:00:00,A,MIO_M3,PRECIP,LT_VEN_RBD,2017,5155.34,
ESTAT:ENV_WATRES_RB(1.0),26/07/23 23:00:00,A,MIO_M3,PRECIP,LT_VEN_RBD,2018,3459.89,
ESTAT:ENV_WATRES_RB(1.0),26/07/23 23:00:00,A,MIO_M3,PRECIP,LT_VEN_RBD,2019,4297.23,
ESTAT:ENV_WATRES_RB(1.0),26/07/23 23:00:00,A,MIO_M3,PRECIP,LT_VEN_RBD,2020,3934.33,
ESTAT:ENV_WATRES_RB(1.0),26/07/23 23:00:00,A,MIO_M3,PRECIP,LT_VEN_RBD,2021,4257.96,
ESTAT:ENV_WATRES_RB(1.0),26/07/23 23:00:00,A,MIO_M3,PRECIP,LV,2017,52713.52,
ESTAT:ENV_WATRES_RB(1.0),26/07/23 23:00:00,A,MIO_M3,PRECIP,LV,2018,30198.00,
ESTAT:ENV_WATRES_RB(1.0),26/07/23 23:00:00,A,MIO_M3,PRECIP,LV,2019,41053.99,
ESTAT:ENV_WATRES_RB(1.0),26/07/23 23:00:00,A,MIO_M3,PRECIP,LV_DAU,2017,24928.52,
ESTAT:ENV_WATRES_RB(1.0),26/07/23 23:00:00,A,MIO_M3,PRECIP,LV_DAU,2018,12779.00,
ESTAT:ENV_WATRES_RB(1.0),26/07/23 23:00:00,A,MIO_M3,PRECIP,LV_DAU,2019,16795.99,
ESTAT:ENV_WATRES_RB(1.0),26/07/23 23:00:00,A,MIO_M3,PRECIP,LV_GAU,2017,9750.00,
ESTAT:ENV_WATRES_RB(1.0),26/07/23 23:00:00,A,MIO_M3,PRECIP,LV_GAU,2018,6103.00,
ESTAT:ENV_WATRES_RB(1.0),26/07/23 23:00:00,A,MIO_M3,PRECIP,LV_GAU,2019,9800.00,
ESTAT:ENV_WATRES_RB(1.0),26/07/23 23:00:00,A,MIO_M3,PRECIP,LV_LIE,2017,5288.00,
ESTAT:ENV_WATRES_RB(1.0),26/07/23 23:00:00,A,MIO_M3,PRECIP,LV_LIE,2018,4502.00,
ESTAT:ENV_WATRES_RB(1.0),26/07/23 23:00:00,A,MIO_M3,PRECIP,LV_LIE,2019,5115.00,
ESTAT:ENV_WATRES_RB(1.0),26/07/23 23:00:00,A,MIO_M3,PRECIP,LV_VEN,2017,12747.00,
ESTAT:ENV_WATRES_RB(1.0),26/07/23 23:00:00,A,MIO_M3,PRECIP,LV_VEN,2018,6814.00,
ESTAT:ENV_WATRES_RB(1.0),26/07/23 23:00:00,A,MIO_M3,PRECIP,LV_VEN,2019,9343.00,
ESTAT:ENV_WATRES_RB(1.0),26/07/23 23:00:00,A,MIO_M3,PRECIP,MT,2017,137.81,
ESTAT:ENV_WATRES_RB(1.0),26/07/23 23:00:00,A,MIO_M3,PRECIP,MT,2018,189.51,
ESTAT:ENV_WATRES_RB(1.0),26/07/23 23:00:00,A,MIO_M3,PRECIP,NL,2017,35199.31,
ESTAT:ENV_WATRES_RB(1.0),26/07/23 23:00:00,A,MIO_M3,PRECIP,NL,2018,25238.51,
ESTAT:ENV_WATRES_RB(1.0),26/07/23 23:00:00,A,MIO_M3,PRECIP,NL_EMS,2018,1522.24,
ESTAT:ENV_WATRES_RB(1.0),26/07/23 23:00:00,A,MIO_M3,PRECIP,NL_MEU,2018,4781.48,
ESTAT:ENV_WATRES_RB(1.0),26/07/23 23:00:00,A,MIO_M3,PRECIP,NL_RHI,2018,17589.88,
ESTAT:ENV_WATRES_RB(1.0),26/07/23 23:00:00,A,MIO_M3,PRECIP,NL_SCH,2018,1356.13,
ESTAT:ENV_WATRES_RB(1.0),26/07/23 23:00:00,A,MIO_M3,PRECIP,NO,2017,620380.15,
ESTAT:ENV_WATRES_RB(1.0),26/07/23 23:00:00,A,MIO_M3,PRECIP,NO,2018,497963.73,
ESTAT:ENV_WATRES_RB(1.0),26/07/23 23:00:00,A,MIO_M3,PRECIP,NO,2019,564782.90,
ESTAT:ENV_WATRES_RB(1.0),26/07/23 23:00:00,A,MIO_M3,PRECIP,NO,2020,670610.71,
ESTAT:ENV_WATRES_RB(1.0),26/07/23 23:00:00,A,MIO_M3,PRECIP,NO,2021,508972.16,
ESTAT:ENV_WATRES_RB(1.0),26/07/23 23:00:00,A,MIO_M3,PRECIP,NO_AGD,2017,44162.43,
ESTAT:ENV_WATRES_RB(1.0),26/07/23 23:00:00,A,MIO_M3,PRECIP,NO_AGD,2018,35756.46,
ESTAT:ENV_WATRES_RB(1.0),26/07/23 23:00:00,A,MIO_M3,PRECIP,NO_AGD,2019,41283.36,
ESTAT:ENV_WATRES_RB(1.0),26/07/23 23:00:00,A,MIO_M3,PRECIP,NO_AGD,2020,51578.46,
ESTAT:ENV_WATRES_RB(1.0),26/07/23 23:00:00,A,MIO_M3,PRECIP,NO_AGD,2021,29707.13,
ESTAT:ENV_WATRES_RB(1.0),26/07/23 23:00:00,A,MIO_M3,PRECIP,NO_BBY,2017,1877.14,
ESTAT:ENV_WATRES_RB(1.0),26/07/23 23:00:00,A,MIO_M3,PRECIP,NO_BBY,2018,1486.84,
ESTAT:ENV_WATRES_RB(1.0),26/07/23 23:00:00,A,MIO_M3,PRECIP,NO_BBY,2019,1749.29,
ESTAT:ENV_WATRES_RB(1.0),26/07/23 23:00:00,A,MIO_M3,PRECIP,NO_BBY,2020,1946.66,
ESTAT:ENV_WATRES_RB(1.0),26/07/23 23:00:00,A,MIO_M3,PRECIP,NO_BBY,2021,1746.23,
ESTAT:ENV_WATRES_RB(1.0),26/07/23 23:00:00,A,MIO_M3,PRECIP,NO_BBY_TO,2017,124.53,
ESTAT:ENV_WATRES_RB(1.0),26/07/23 23:00:00,A,MIO_M3,PRECIP,NO_BBY_TO,2018,103.84,
ESTAT:ENV_WATRES_RB(1.0),26/07/23 23:00:00,A,MIO_M3,PRECIP,NO_BBY_TO,2019,124.60,
ESTAT:ENV_WATRES_RB(1.0),26/07/23 23:00:00,A,MIO_M3,PRECIP,NO_BBY_TO,2020,116.84,
ESTAT:ENV_WATRES_RB(1.0),26/07/23 23:00:00,A,MIO_M3,PRECIP,NO_BBY_TO,2021,105.80,
ESTAT:ENV_WATRES_RB(1.0),26/07/23 23:00:00,A,MIO_M3,PRECIP,NO_BSE,2017,6298.68,
ESTAT:ENV_WATRES_RB(1.0),26/07/23 23:00:00,A,MIO_M3,PRECIP,NO_BSE,2018,5255.98,
ESTAT:ENV_WATRES_RB(1.0),26/07/23 23:00:00,A,MIO_M3,PRECIP,NO_BSE,2019,6529.64,
ESTAT:ENV_WATRES_RB(1.0),26/07/23 23:00:00,A,MIO_M3,PRECIP,NO_BSE,2020,7613.04,
ESTAT:ENV_WATRES_RB(1.0),26/07/23 23:00:00,A,MIO_M3,PRECIP,NO_BSE,2021,6185.22,
ESTAT:ENV_WATRES_RB(1.0),26/07/23 23:00:00,A,MIO_M3,PRECIP,NO_FMK,2017,19883.24,
ESTAT:ENV_WATRES_RB(1.0),26/07/23 23:00:00,A,MIO_M3,PRECIP,NO_FMK,2018,17082.63,
ESTAT:ENV_WATRES_RB(1.0),26/07/23 23:00:00,A,MIO_M3,PRECIP,NO_FMK,2019,16767.77,
ESTAT:ENV_WATRES_RB(1.0),26/07/23 23:00:00,A,MIO_M3,PRECIP,NO_FMK,2020,18075.41,
ESTAT:ENV_WATRES_RB(1.0),26/07/23 23:00:00,A,MIO_M3,PRECIP,NO_GLM,2017,36744.74,
ESTAT:ENV_WATRES_RB(1.0),26/07/23 23:00:00,A,MIO_M3,PRECIP,NO_GLM,2018,30884.91,
ESTAT:ENV_WATRES_RB(1.0),26/07/23 23:00:00,A,MIO_M3,PRECIP,NO_GLM,2019,40350.28,
ESTAT:ENV_WATRES_RB(1.0),26/07/23 23:00:00,A,MIO_M3,PRECIP,NO_GLM,2020,39499.67,
ESTAT:ENV_WATRES_RB(1.0),26/07/23 23:00:00,A,MIO_M3,PRECIP,NO_HDA,2017,41109.89,
ESTAT:ENV_WATRES_RB(1.0),26/07/23 23:00:00,A,MIO_M3,PRECIP,NO_HDA,2018,32413.65,
ESTAT:ENV_WATRES_RB(1.0),26/07/23 23:00:00,A,MIO_M3,PRECIP,NO_HDA,2019,31539.06,
ESTAT:ENV_WATRES_RB(1.0),26/07/23 23:00:00,A,MIO_M3,PRECIP,NO_HDA,2020,38586.07,
ESTAT:ENV_WATRES_RB(1.0),26/07/23 23:00:00,A,MIO_M3,PRECIP,NO_IVK,2017,64890.13,
ESTAT:ENV_WATRES_RB(1.0),26/07/23 23:00:00,A,MIO_M3,PRECIP,NO_IVK,2018,55745.84,
ESTAT:ENV_WATRES_RB(1.0),26/07/23 23:00:00,A,MIO_M3,PRECIP,NO_IVK,2019,71961.03,
ESTAT:ENV_WATRES_RB(1.0),26/07/23 23:00:00,A,MIO_M3,PRECIP,NO_IVK,2020,70122.98,
ESTAT:ENV_WATRES_RB(1.0),26/07/23 23:00:00,A,MIO_M3,PRECIP,NO_IVK,2021,52670.16,
ESTAT:ENV_WATRES_RB(1.0),26/07/23 23:00:00,A,MIO_M3,PRECIP,NO_KEM,2017,20.33,
ESTAT:ENV_WATRES_RB(1.0),26/07/23 23:00:00,A,MIO_M3,PRECIP,NO_KEM,2018,20.69,
ESTAT:ENV_WATRES_RB(1.0),26/07/23 23:00:00,A,MIO_M3,PRECIP,NO_KEM,2019,18.97,
ESTAT:ENV_WATRES_RB(1.0),26/07/23 23:00:00,A,MIO_M3,PRECIP,NO_KEM,2020,25.27,
ESTAT:ENV_WATRES_RB(1.0),26/07/23 23:00:00,A,MIO_M3,PRECIP,NO_KEM,2021,16.93,
ESTAT:ENV_WATRES_RB(1.0),26/07/23 23:00:00,A,MIO_M3,PRECIP,NO_MRD,2017,48205.47,
ESTAT:ENV_WATRES_RB(1.0),26/07/23 23:00:00,A,MIO_M3,PRECIP,NO_MRD,2018,34902.52,
ESTAT:ENV_WATRES_RB(1.0),26/07/23 23:00:00,A,MIO_M3,PRECIP,NO_MRD,2019,41909.48,
ESTAT:ENV_WATRES_RB(1.0),26/07/23 23:00:00,A,MIO_M3,PRECIP,NO_MRD,2020,51706.75,
ESTAT:ENV_WATRES_RB(1.0),26/07/23 23:00:00,A,MIO_M3,PRECIP,NO_MRD,2021,39691.18,
ESTAT:ENV_WATRES_RB(1.0),26/07/23 23:00:00,A,MIO_M3,PRECIP,NO_NFI,2017,16597.46,
ESTAT:ENV_WATRES_RB(1.0),26/07/23 23:00:00,A,MIO_M3,PRECIP,NO_NFI,2018,14802.05,
ESTAT:ENV_WATRES_RB(1.0),26/07/23 23:00:00,A,MIO_M3,PRECIP,NO_NFI,2019,13830.82,
ESTAT:ENV_WATRES_RB(1.0),26/07/23 23:00:00,A,MIO_M3,PRECIP,NO_NFI,2020,14412.19,
ESTAT:ENV_WATRES_RB(1.0),26/07/23 23:00:00,A,MIO_M3,PRECIP,NO_NFI,2021,14861.13,
ESTAT:ENV_WATRES_RB(1.0),26/07/23 23:00:00,A,MIO_M3,PRECIP,NO_NJM,2017,101324.21,
ESTAT:ENV_WATRES_RB(1.0),26/07/23 23:00:00,A,MIO_M3,PRECIP,NO_NJM,2018,81045.59,
ESTAT:ENV_WATRES_RB(1.0),26/07/23 23:00:00,A,MIO_M3,PRECIP,NO_NJM,2019,90502.23,
ESTAT:ENV_WATRES_RB(1.0),26/07/23 23:00:00,A,MIO_M3,PRECIP,NO_NJM,2020,113480.55,
ESTAT:ENV_WATRES_RB(1.0),26/07/23 23:00:00,A,MIO_M3,PRECIP,NO_NJM,2021,88343.87,
ESTAT:ENV_WATRES_RB(1.0),26/07/23 23:00:00,A,MIO_M3,PRECIP,NO_NRL,2017,55874.87,
ESTAT:ENV_WATRES_RB(1.0),26/07/23 23:00:00,A,MIO_M3,PRECIP,NO_NRL,2018,48915.16,
ESTAT:ENV_WATRES_RB(1.0),26/07/23 23:00:00,A,MIO_M3,PRECIP,NO_NRL,2019,53251.36,
ESTAT:ENV_WATRES_RB(1.0),26/07/23 23:00:00,A,MIO_M3,PRECIP,NO_NRL,2020,62997.74,
ESTAT:ENV_WATRES_RB(1.0),26/07/23 23:00:00,A,MIO_M3,PRECIP,NO_ROL,2017,37496.84,
ESTAT:ENV_WATRES_RB(1.0),26/07/23 23:00:00,A,MIO_M3,PRECIP,NO_ROL,2018,27247.70,
ESTAT:ENV_WATRES_RB(1.0),26/07/23 23:00:00,A,MIO_M3,PRECIP,NO_ROL,2019,27073.81,
ESTAT:ENV_WATRES_RB(1.0),26/07/23 23:00:00,A,MIO_M3,PRECIP,NO_ROL,2020,39638.30,
ESTAT:ENV_WATRES_RB(1.0),26/07/23 23:00:00,A,MIO_M3,PRECIP,NO_ROL,2021,23924.51,
ESTAT:ENV_WATRES_RB(1.0),26/07/23 23:00:00,A,MIO_M3,PRECIP,NO_SFJ,2017,40359.35,
ESTAT:ENV_WATRES_RB(1.0),26/07/23 23:00:00,A,MIO_M3,PRECIP,NO_SFJ,2018,34436.79,
ESTAT:ENV_WATRES_RB(1.0),26/07/23 23:00:00,A,MIO_M3,PRECIP,NO_SFJ,2019,32924.34,
ESTAT:ENV_WATRES_RB(1.0),26/07/23 23:00:00,A,MIO_M3,PRECIP,NO_SFJ,2020,42366.06,
ESTAT:ENV_WATRES_RB(1.0),26/07/23 23:00:00,A,MIO_M3,PRECIP,NO_SKK,2017,6849.02,
ESTAT:ENV_WATRES_RB(1.0),26/07/23 23:00:00,A,MIO_M3,PRECIP,NO_SKK,2018,5874.83,
ESTAT:ENV_WATRES_RB(1.0),26/07/23 23:00:00,A,MIO_M3,PRECIP,NO_SKK,2019,7437.05,
ESTAT:ENV_WATRES_RB(1.0),26/07/23 23:00:00,A,MIO_M3,PRECIP,NO_SKK,2020,7203.19,
ESTAT:ENV_WATRES_RB(1.0),26/07/23 23:00:00,A,MIO_M3,PRECIP,NO_SKK,2021,6089.11,
ESTAT:ENV_WATRES_RB(1.0),26/07/23 23:00:00,A,MIO_M3,PRECIP,NO_TFI,2017,83917.97,
ESTAT:ENV_WATRES_RB(1.0),26/07/23 23:00:00,A,MIO_M3,PRECIP,NO_TFI,2018,68864.30,
ESTAT:ENV_WATRES_RB(1.0),26/07/23 23:00:00,A,MIO_M3,PRECIP,NO_TFI,2019,82713.91,
ESTAT:ENV_WATRES_RB(1.0),26/07/23 23:00:00,A,MIO_M3,PRECIP,NO_TFI,2020,95039.41,
ESTAT:ENV_WATRES_RB(1.0),26/07/23 23:00:00,A,MIO_M3,PRECIP,NO_TFI,2021,82037.35,
ESTAT:ENV_WATRES_RB(1.0),26/07/23 23:00:00,A,MIO_M3,PRECIP,NO_TON,2017,222.12,
ESTAT:ENV_WATRES_RB(1.0),26/07/23 23:00:00,A,MIO_M3,PRECIP,NO_TON,2018,176.74,
ESTAT:ENV_WATRES_RB(1.0),26/07/23 23:00:00,A,MIO_M3,PRECIP,NO_TON,2019,238.07,
ESTAT:ENV_WATRES_RB(1.0),26/07/23 23:00:00,A,MIO_M3,PRECIP,NO_TON,2020,249.00,
ESTAT:ENV_WATRES_RB(1.0),26/07/23 23:00:00,A,MIO_M3,PRECIP,NO_TON,2021,213.16,
ESTAT:ENV_WATRES_RB(1.0),26/07/23 23:00:00,A,MIO_M3,PRECIP,NO_TRD,2017,71372.60,
ESTAT:ENV_WATRES_RB(1.0),26/07/23 23:00:00,A,MIO_M3,PRECIP,NO_TRD,2018,54792.75,
ESTAT:ENV_WATRES_RB(1.0),26/07/23 23:00:00,A,MIO_M3,PRECIP,NO_TRD,2019,64253.65,
ESTAT:ENV_WATRES_RB(1.0),26/07/23 23:00:00,A,MIO_M3,PRECIP,NO_TRD,2020,73193.47,
ESTAT:ENV_WATRES_RB(1.0),26/07/23 23:00:00,A,MIO_M3,PRECIP,NO_TRD,2021,68185.27,
ESTAT:ENV_WATRES_RB(1.0),26/07/23 23:00:00,A,MIO_M3,PRECIP,NO_TRO,2017,23557.02,
ESTAT:ENV_WATRES_RB(1.0),26/07/23 23:00:00,A,MIO_M3,PRECIP,NO_TRO,2018,20847.35,
ESTAT:ENV_WATRES_RB(1.0),26/07/23 23:00:00,A,MIO_M3,PRECIP,NO_TRO,2019,27162.34,
ESTAT:ENV_WATRES_RB(1.0),26/07/23 23:00:00,A,MIO_M3,PRECIP,NO_TRO,2020,29678.53,
ESTAT:ENV_WATRES_RB(1.0),26/07/23 23:00:00,A,MIO_M3,PRECIP,NO_VLD,2017,108957.93,
ESTAT:ENV_WATRES_RB(1.0),26/07/23 23:00:00,A,MIO_M3,PRECIP,NO_VLD,2018,86956.11,
ESTAT:ENV_WATRES_RB(1.0),26/07/23 23:00:00,A,MIO_M3,PRECIP,NO_VLD,2019,85541.53,
ESTAT:ENV_WATRES_RB(1.0),26/07/23 23:00:00,A,MIO_M3,PRECIP,NO_VLD,2020,109760.61,
ESTAT:ENV_WATRES_RB(1.0),26/07/23 23:00:00,A,MIO_M3,PRECIP,NO_VLD,2021,72869.21,
ESTAT:ENV_WATRES_RB(1.0),26/07/23 23:00:00,A,MIO_M3,PRECIP,NO_VTE,2017,28063.29,
ESTAT:ENV_WATRES_RB(1.0),26/07/23 23:00:00,A,MIO_M3,PRECIP,NO_VTE,2018,24931.50,
ESTAT:ENV_WATRES_RB(1.0),26/07/23 23:00:00,A,MIO_M3,PRECIP,NO_VTE,2019,29615.44,
ESTAT:ENV_WATRES_RB(1.0),26/07/23 23:00:00,A,MIO_M3,PRECIP,NO_VTE,2020,34524.01,
ESTAT:ENV_WATRES_RB(1.0),26/07/23 23:00:00,A,MIO_M3,PRECIP,NO_VTE,2021,22325.92,
ESTAT:ENV_WATRES_RB(1.0),26/07/23 23:00:00,A,MIO_M3,PRECIP,NO_WBA,2017,38875.87,
ESTAT:ENV_WATRES_RB(1.0),26/07/23 23:00:00,A,MIO_M3,PRECIP,NO_WBA,2018,33447.15,
ESTAT:ENV_WATRES_RB(1.0),26/07/23 23:00:00,A,MIO_M3,PRECIP,NO_WBA,2019,41317.52,
ESTAT:ENV_WATRES_RB(1.0),26/07/23 23:00:00,A,MIO_M3,PRECIP,NO_WBA,2020,45794.22,
ESTAT:ENV_WATRES_RB(1.0),26/07/23 23:00:00,A,MIO_M3,PRECIP,PL,2017,248836.50,
ESTAT:ENV_WATRES_RB(1.0),26/07/23 23:00:00,A,MIO_M3,PRECIP,PL,2018,174920.60,
ESTAT:ENV_WATRES_RB(1.0),26/07/23 23:00:00,A,MIO_M3,PRECIP,PL,2019,181028.20,
ESTAT:ENV_WATRES_RB(1.0),26/07/23 23:00:00,A,MIO_M3,PRECIP,PL,2020,220458.70,
ESTAT:ENV_WATRES_RB(1.0),26/07/23 23:00:00,A,MIO_M3,PRECIP,PL,2021,200110.10,
ESTAT:ENV_WATRES_RB(1.0),26/07/23 23:00:00,A,MIO_M3,PRECIP,PL_DAN,2017,409.10,
ESTAT:ENV_WATRES_RB(1.0),26/07/23 23:00:00,A,MIO_M3,PRECIP,PL_DAN,2018,318.60,
ESTAT:ENV_WATRES_RB(1.0),26/07/23 23:00:00,A,MIO_M3,PRECIP,PL_DAN,2019,339.40,
ESTAT:ENV_WATRES_RB(1.0),26/07/23 23:00:00,A,MIO_M3,PRECIP,PL_DAN,2020,405.00,
ESTAT:ENV_WATRES_RB(1.0),26/07/23 23:00:00,A,MIO_M3,PRECIP,PL_DAN,2021,381.50,
ESTAT:ENV_WATRES_RB(1.0),26/07/23 23:00:00,A,MIO_M3,PRECIP,PL_DNI,2017,214.90,
ESTAT:ENV_WATRES_RB(1.0),26/07/23 23:00:00,A,MIO_M3,PRECIP,PL_DNI,2018,217.90,
ESTAT:ENV_WATRES_RB(1.0),26/07/23 23:00:00,A,MIO_M3,PRECIP,PL_DNI,2019,191.90,
ESTAT:ENV_WATRES_RB(1.0),26/07/23 23:00:00,A,MIO_M3,PRECIP,PL_DNI,2020,260.10,
ESTAT:ENV_WATRES_RB(1.0),26/07/23 23:00:00,A,MIO_M3,PRECIP,PL_DNI,2021,198.50,
ESTAT:ENV_WATRES_RB(1.0),26/07/23 23:00:00,A,MIO_M3,PRECIP,PL_ELB,2017,244.40,
ESTAT:ENV_WATRES_RB(1.0),26/07/23 23:00:00,A,MIO_M3,PRECIP,PL_ELB,2018,159.00,
ESTAT:ENV_WATRES_RB(1.0),26/07/23 23:00:00,A,MIO_M3,PRECIP,PL_ELB,2019,217.70,
ESTAT:ENV_WATRES_RB(1.0),26/07/23 23:00:00,A,MIO_M3,PRECIP,PL_ELB,2020,251.70,
ESTAT:ENV_WATRES_RB(1.0),26/07/23 23:00:00,A,MIO_M3,PRECIP,PL_ELB,2021,204.60,
ESTAT:ENV_WATRES_RB(1.0),26/07/23 23:00:00,A,MIO_M3,PRECIP,PL_JAR,2017,223.50,
ESTAT:ENV_WATRES_RB(1.0),26/07/23 23:00:00,A,MIO_M3,PRECIP,PL_JAR,2018,141.00,
ESTAT:ENV_WATRES_RB(1.0),26/07/23 23:00:00,A,MIO_M3,PRECIP,PL_JAR,2019,148.00,
ESTAT:ENV_WATRES_RB(1.0),26/07/23 23:00:00,A,MIO_M3,PRECIP,PL_JAR,2020,137.90,
ESTAT:ENV_WATRES_RB(1.0),26/07/23 23:00:00,A,MIO_M3,PRECIP,PL_JAR,2021,155.30,
ESTAT:ENV_WATRES_RB(1.0),26/07/23 23:00:00,A,MIO_M3,PRECIP,PL_NEM,2017,2019.80,
ESTAT:ENV_WATRES_RB(1.0),26/07/23 23:00:00,A,MIO_M3,PRECIP,PL_NEM,2018,1401.10,
ESTAT:ENV_WATRES_RB(1.0),26/07/23 23:00:00,A,MIO_M3,PRECIP,PL_NEM,2019,1424.60,
ESTAT:ENV_WATRES_RB(1.0),26/07/23 23:00:00,A,MIO_M3,PRECIP,PL_NEM,2020,1571.80,
ESTAT:ENV_WATRES_RB(1.0),26/07/23 23:00:00,A,MIO_M3,PRECIP,PL_NEM,2021,1720.50,
ESTAT:ENV_WATRES_RB(1.0),26/07/23 23:00:00,A,MIO_M3,PRECIP,PL_ODR,2017,93198.40,
ESTAT:ENV_WATRES_RB(1.0),26/07/23 23:00:00,A,MIO_M3,PRECIP,PL_ODR,2018,60804.40,
ESTAT:ENV_WATRES_RB(1.0),26/07/23 23:00:00,A,MIO_M3,PRECIP,PL_ODR,2019,65251.20,
ESTAT:ENV_WATRES_RB(1.0),26/07/23 23:00:00,A,MIO_M3,PRECIP,PL_ODR,2020,80019.30,
ESTAT:ENV_WATRES_RB(1.0),26/07/23 23:00:00,A,MIO_M3,PRECIP,PL_ODR,2021,66345.90,
ESTAT:ENV_WATRES_RB(1.0),26/07/23 23:00:00,A,MIO_M3,PRECIP,PL_PRE,2017,6753.00,
ESTAT:ENV_WATRES_RB(1.0),26/07/23 23:00:00,A,MIO_M3,PRECIP,PL_PRE,2018,4441.30,
ESTAT:ENV_WATRES_RB(1.0),26/07/23 23:00:00,A,MIO_M3,PRECIP,PL_PRE,2019,4989.40,
ESTAT:ENV_WATRES_RB(1.0),26/07/23 23:00:00,A,MIO_M3,PRECIP,PL_PRE,2020,4752.30,
ESTAT:ENV_WATRES_RB(1.0),26/07/23 23:00:00,A,MIO_M3,PRECIP,PL_PRE,2021,5040.60,
ESTAT:ENV_WATRES_RB(1.0),26/07/23 23:00:00,A,MIO_M3,PRECIP,PL_PRI,2017,6753,
ESTAT:ENV_WATRES_RB(1.0),26/07/23 23:00:00,A,MIO_M3,PRECIP,PL_PRI,2018,4441.3,
ESTAT:ENV_WATRES_RB(1.0),26/07/23 23:00:00,A,MIO_M3,PRECIP,PL_SWI,2017,158.40,
ESTAT:ENV_WATRES_RB(1.0),26/07/23 23:00:00,A,MIO_M3,PRECIP,PL_SWI,2018,101.80,
ESTAT:ENV_WATRES_RB(1.0),26/07/23 23:00:00,A,MIO_M3,PRECIP,PL_SWI,2019,112.60,
ESTAT:ENV_WATRES_RB(1.0),26/07/23 23:00:00,A,MIO_M3,PRECIP,PL_SWI,2020,106.90,
ESTAT:ENV_WATRES_RB(1.0),26/07/23 23:00:00,A,MIO_M3,PRECIP,PL_SWI,2021,117.20,
ESTAT:ENV_WATRES_RB(1.0),26/07/23 23:00:00,A,MIO_M3,PRECIP,PL_UCK,2017,12.40,
ESTAT:ENV_WATRES_RB(1.0),26/07/23 23:00:00,A,MIO_M3,PRECIP,PL_UCK,2018,6.90,
ESTAT:ENV_WATRES_RB(1.0),26/07/23 23:00:00,A,MIO_M3,PRECIP,PL_UCK,2019,8.20,
ESTAT:ENV_WATRES_RB(1.0),26/07/23 23:00:00,A,MIO_M3,PRECIP,PL_UCK,2020,7.70,
ESTAT:ENV_WATRES_RB(1.0),26/07/23 23:00:00,A,MIO_M3,PRECIP,PL_UCK,2021,7.90,
ESTAT:ENV_WATRES_RB(1.0),26/07/23 23:00:00,A,MIO_M3,PRECIP,PL_VIS,2017,145602.30,
ESTAT:ENV_WATRES_RB(1.0),26/07/23 23:00:00,A,MIO_M3,PRECIP,PL_VIS,2018,107328.60,
ESTAT:ENV_WATRES_RB(1.0),26/07/23 23:00:00,A,MIO_M3,PRECIP,PL_VIS,2019,108344.90,
ESTAT:ENV_WATRES_RB(1.0),26/07/23 23:00:00,A,MIO_M3,PRECIP,PL_VIS,2020,132945.60,
ESTAT:ENV_WATRES_RB(1.0),26/07/23 23:00:00,A,MIO_M3,PRECIP,PL_VIS,2021,125938.00,
ESTAT:ENV_WATRES_RB(1.0),26/07/23 23:00:00,A,MIO_M3,PRECIP,PT,2017,69352.96,
ESTAT:ENV_WATRES_RB(1.0),26/07/23 23:00:00,A,MIO_M3,PRECIP,PT,2018,53763.07,
ESTAT:ENV_WATRES_RB(1.0),26/07/23 23:00:00,A,MIO_M3,PRECIP,PT_ALG,2017,1369.62,
ESTAT:ENV_WATRES_RB(1.0),26/07/23 23:00:00,A,MIO_M3,PRECIP,PT_ALG,2018,2021.27,
ESTAT:ENV_WATRES_RB(1.0),26/07/23 23:00:00,A,MIO_M3,PRECIP,PT_ALG,2019,1110.10,
ESTAT:ENV_WATRES_RB(1.0),26/07/23 23:00:00,A,MIO_M3,PRECIP,PT_AZO,2017,3451.64,
ESTAT:ENV_WATRES_RB(1.0),26/07/23 23:00:00,A,MIO_M3,PRECIP,PT_AZO,2018,2816.81,
ESTAT:ENV_WATRES_RB(1.0),26/07/23 23:00:00,A,MIO_M3,PRECIP,PT_AZO,2019,4007.10,
ESTAT:ENV_WATRES_RB(1.0),26/07/23 23:00:00,A,MIO_M3,PRECIP,PT_CAV,2017,3803.62,
ESTAT:ENV_WATRES_RB(1.0),26/07/23 23:00:00,A,MIO_M3,PRECIP,PT_CAV,2018,5522.28,
ESTAT:ENV_WATRES_RB(1.0),26/07/23 23:00:00,A,MIO_M3,PRECIP,PT_CAV,2019,5494.87,
ESTAT:ENV_WATRES_RB(1.0),26/07/23 23:00:00,A,MIO_M3,PRECIP,PT_DRO,2017,10743.25,
ESTAT:ENV_WATRES_RB(1.0),26/07/23 23:00:00,A,MIO_M3,PRECIP,PT_DRO,2018,19281.25,
ESTAT:ENV_WATRES_RB(1.0),26/07/23 23:00:00,A,MIO_M3,PRECIP,PT_DRO,2019,16527.18,
ESTAT:ENV_WATRES_RB(1.0),26/07/23 23:00:00,A,MIO_M3,PRECIP,PT_GUD,2017,3876.98,
ESTAT:ENV_WATRES_RB(1.0),26/07/23 23:00:00,A,MIO_M3,PRECIP,PT_GUD,2018,7094.76,
ESTAT:ENV_WATRES_RB(1.0),26/07/23 23:00:00,A,MIO_M3,PRECIP,PT_GUD,2019,4148.99,
ESTAT:ENV_WATRES_RB(1.0),26/07/23 23:00:00,A,MIO_M3,PRECIP,PT_MAD,2017,736.72,
ESTAT:ENV_WATRES_RB(1.0),26/07/23 23:00:00,A,MIO_M3,PRECIP,PT_MAD,2018,1122.52,
ESTAT:ENV_WATRES_RB(1.0),26/07/23 23:00:00,A,MIO_M3,PRECIP,PT_MAD,2019,527.62,
ESTAT:ENV_WATRES_RB(1.0),26/07/23 23:00:00,A,MIO_M3,PRECIP,PT_MIH,2017,2859.13,
ESTAT:ENV_WATRES_RB(1.0),26/07/23 23:00:00,A,MIO_M3,PRECIP,PT_MIH,2018,4336.49,
ESTAT:ENV_WATRES_RB(1.0),26/07/23 23:00:00,A,MIO_M3,PRECIP,PT_MIH,2019,3971.89,
ESTAT:ENV_WATRES_RB(1.0),26/07/23 23:00:00,A,MIO_M3,PRECIP,PT_RIB_SB,2017,23220.542,
ESTAT:ENV_WATRES_RB(1.0),26/07/23 23:00:00,A,MIO_M3,PRECIP,PT_SAD,2017,3491.60,
ESTAT:ENV_WATRES_RB(1.0),26/07/23 23:00:00,A,MIO_M3,PRECIP,PT_SAD,2018,5689.82,
ESTAT:ENV_WATRES_RB(1.0),26/07/23 23:00:00,A,MIO_M3,PRECIP,PT_SAD,2019,3788.08,
ESTAT:ENV_WATRES_RB(1.0),26/07/23 23:00:00,A,MIO_M3,PRECIP,PT_TAG,2017,12923.57,
ESTAT:ENV_WATRES_RB(1.0),26/07/23 23:00:00,A,MIO_M3,PRECIP,PT_TAG,2018,22890.48,
ESTAT:ENV_WATRES_RB(1.0),26/07/23 23:00:00,A,MIO_M3,PRECIP,PT_TAG,2019,18080.26,
ESTAT:ENV_WATRES_RB(1.0),26/07/23 23:00:00,A,MIO_M3,PRECIP,PT_VOU,2017,7702.15,
ESTAT:ENV_WATRES_RB(1.0),26/07/23 23:00:00,A,MIO_M3,PRECIP,PT_VOU,2018,13934.19,
ESTAT:ENV_WATRES_RB(1.0),26/07/23 23:00:00,A,MIO_M3,PRECIP,PT_VOU,2019,12288.97,
ESTAT:ENV_WATRES_RB(1.0),26/07/23 23:00:00,A,MIO_M3,PRECIP,PT_VOU_SB,2017,10604.184,
ESTAT:ENV_WATRES_RB(1.0),26/07/23 23:00:00,A,MIO_M3,PRECIP,RO,2017,157892.30,
ESTAT:ENV_WATRES_RB(1.0),26/07/23 23:00:00,A,MIO_M3,PRECIP,RO,2018,166543.20,
ESTAT:ENV_WATRES_RB(1.0),26/07/23 23:00:00,A,MIO_M3,PRECIP,RO,2019,144154.20,
ESTAT:ENV_WATRES_RB(1.0),26/07/23 23:00:00,A,MIO_M3,PRECIP,RO,2020,155285.30,
ESTAT:ENV_WATRES_RB(1.0),26/07/23 23:00:00,A,MIO_M3,PRECIP,RO,2021,166419.00,
ESTAT:ENV_WATRES_RB(1.0),26/07/23 23:00:00,A,MIO_M3,PRECIP,RO_ARV,2017,17560.68,
ESTAT:ENV_WATRES_RB(1.0),26/07/23 23:00:00,A,MIO_M3,PRECIP,RO_ARV,2018,16152.05,
ESTAT:ENV_WATRES_RB(1.0),26/07/23 23:00:00,A,MIO_M3,PRECIP,RO_ARV,2019,13417.59,
ESTAT:ENV_WATRES_RB(1.0),26/07/23 23:00:00,A,MIO_M3,PRECIP,RO_ARV,2020,13241.95,
ESTAT:ENV_WATRES_RB(1.0),26/07/23 23:00:00,A,MIO_M3,PRECIP,RO_ARV,2021,15456.38,
ESTAT:ENV_WATRES_RB(1.0),26/07/23 23:00:00,A,MIO_M3,PRECIP,RO_BAN,2017,11140.65,
ESTAT:ENV_WATRES_RB(1.0),26/07/23 23:00:00,A,MIO_M3,PRECIP,RO_BAN,2018,14099.30,
ESTAT:ENV_WATRES_RB(1.0),26/07/23 23:00:00,A,MIO_M3,PRECIP,RO_BAN,2019,12202.65,
ESTAT:ENV_WATRES_RB(1.0),26/07/23 23:00:00,A,MIO_M3,PRECIP,RO_BAN,2020,14792.05,
ESTAT:ENV_WATRES_RB(1.0),26/07/23 23:00:00,A,MIO_M3,PRECIP,RO_BAN,2021,12643.77,
ESTAT:ENV_WATRES_RB(1.0),26/07/23 23:00:00,A,MIO_M3,PRECIP,RO_CRI,2017,11273.11,
ESTAT:ENV_WATRES_RB(1.0),26/07/23 23:00:00,A,MIO_M3,PRECIP,RO_CRI,2018,11198.32,
ESTAT:ENV_WATRES_RB(1.0),26/07/23 23:00:00,A,MIO_M3,PRECIP,RO_CRI,2019,9978.97,
ESTAT:ENV_WATRES_RB(1.0),26/07/23 23:00:00,A,MIO_M3,PRECIP,RO_CRI,2020,11020.58,
ESTAT:ENV_WATRES_RB(1.0),26/07/23 23:00:00,A,MIO_M3,PRECIP,RO_CRI,2021,11213.74,
ESTAT:ENV_WATRES_RB(1.0),26/07/23 23:00:00,A,MIO_M3,PRECIP,RO_DAN,2017,157892.30,
ESTAT:ENV_WATRES_RB(1.0),26/07/23 23:00:00,A,MIO_M3,PRECIP,RO_DAN,2018,166543.20,
ESTAT:ENV_WATRES_RB(1.0),26/07/23 23:00:00,A,MIO_M3,PRECIP,RO_DAN,2019,144154.20,
ESTAT:ENV_WATRES_RB(1.0),26/07/23 23:00:00,A,MIO_M3,PRECIP,RO_DAN,2020,155285.30,
ESTAT:ENV_WATRES_RB(1.0),26/07/23 23:00:00,A,MIO_M3,PRECIP,RO_DAN,2021,163390.50,
ESTAT:ENV_WATRES_RB(1.0),26/07/23 23:00:00,A,MIO_M3,PRECIP,RO_DAN_RBD,2017,157892.3,
ESTAT:ENV_WATRES_RB(1.0),26/07/23 23:00:00,A,MIO_M3,PRECIP,RO_DAN_RBD,2018,166543.2,
ESTAT:ENV_WATRES_RB(1.0),26/07/23 23:00:00,A,MIO_M3,PRECIP,RO_DOB,2017,9208.07,
ESTAT:ENV_WATRES_RB(1.0),26/07/23 23:00:00,A,MIO_M3,PRECIP,RO_DOB,2018,7602.30,
ESTAT:ENV_WATRES_RB(1.0),26/07/23 23:00:00,A,MIO_M3,PRECIP,RO_DOB,2019,5154.11,
ESTAT:ENV_WATRES_RB(1.0),26/07/23 23:00:00,A,MIO_M3,PRECIP,RO_DOB,2020,5832.18,
ESTAT:ENV_WATRES_RB(1.0),26/07/23 23:00:00,A,MIO_M3,PRECIP,RO_DOB,2021,9800.33,
ESTAT:ENV_WATRES_RB(1.0),26/07/23 23:00:00,A,MIO_M3,PRECIP,RO_IAL,2017,17957.40,
ESTAT:ENV_WATRES_RB(1.0),26/07/23 23:00:00,A,MIO_M3,PRECIP,RO_IAL,2018,14268.38,
ESTAT:ENV_WATRES_RB(1.0),26/07/23 23:00:00,A,MIO_M3,PRECIP,RO_IAL,2019,12576.42,
ESTAT:ENV_WATRES_RB(1.0),26/07/23 23:00:00,A,MIO_M3,PRECIP,RO_IAL,2020,13858.15,
ESTAT:ENV_WATRES_RB(1.0),26/07/23 23:00:00,A,MIO_M3,PRECIP,RO_IAL,2021,16785.80,
ESTAT:ENV_WATRES_RB(1.0),26/07/23 23:00:00,A,MIO_M3,PRECIP,RO_JIU,2017,9990.37,
ESTAT:ENV_WATRES_RB(1.0),26/07/23 23:00:00,A,MIO_M3,PRECIP,RO_JIU,2018,13564.86,
ESTAT:ENV_WATRES_RB(1.0),26/07/23 23:00:00,A,MIO_M3,PRECIP,RO_JIU,2019,11435.18,
ESTAT:ENV_WATRES_RB(1.0),26/07/23 23:00:00,A,MIO_M3,PRECIP,RO_JIU,2020,12056.87,
ESTAT:ENV_WATRES_RB(1.0),26/07/23 23:00:00,A,MIO_M3,PRECIP,RO_JIU,2021,11143.16,
ESTAT:ENV_WATRES_RB(1.0),26/07/23 23:00:00,A,MIO_M3,PRECIP,RO_MRS,2017,17701.36,
ESTAT:ENV_WATRES_RB(1.0),26/07/23 23:00:00,A,MIO_M3,PRECIP,RO_MRS,2018,21057.73,
ESTAT:ENV_WATRES_RB(1.0),26/07/23 23:00:00,A,MIO_M3,PRECIP,RO_MRS,2019,18368.89,
ESTAT:ENV_WATRES_RB(1.0),26/07/23 23:00:00,A,MIO_M3,PRECIP,RO_MRS,2020,21625.66,
ESTAT:ENV_WATRES_RB(1.0),26/07/23 23:00:00,A,MIO_M3,PRECIP,RO_MRS,2021,21069.33,
ESTAT:ENV_WATRES_RB(1.0),26/07/23 23:00:00,A,MIO_M3,PRECIP,RO_OLT,2017,18035.91,
ESTAT:ENV_WATRES_RB(1.0),26/07/23 23:00:00,A,MIO_M3,PRECIP,RO_OLT,2018,20633.99,
ESTAT:ENV_WATRES_RB(1.0),26/07/23 23:00:00,A,MIO_M3,PRECIP,RO_OLT,2019,16828.75,
ESTAT:ENV_WATRES_RB(1.0),26/07/23 23:00:00,A,MIO_M3,PRECIP,RO_OLT,2020,18603.28,
ESTAT:ENV_WATRES_RB(1.0),26/07/23 23:00:00,A,MIO_M3,PRECIP,RO_OLT,2021,18557.87,
ESTAT:ENV_WATRES_RB(1.0),26/07/23 23:00:00,A,MIO_M3,PRECIP,RO_PRU,2017,10320.44,
ESTAT:ENV_WATRES_RB(1.0),26/07/23 23:00:00,A,MIO_M3,PRECIP,RO_PRU,2018,10340.11,
ESTAT:ENV_WATRES_RB(1.0),26/07/23 23:00:00,A,MIO_M3,PRECIP,RO_PRU,2019,9878.35,
ESTAT:ENV_WATRES_RB(1.0),26/07/23 23:00:00,A,MIO_M3,PRECIP,RO_PRU,2020,9730.17,
ESTAT:ENV_WATRES_RB(1.0),26/07/23 23:00:00,A,MIO_M3,PRECIP,RO_PRU,2021,10849.98,
ESTAT:ENV_WATRES_RB(1.0),26/07/23 23:00:00,A,MIO_M3,PRECIP,RO_SIR,2017,17304.93,
ESTAT:ENV_WATRES_RB(1.0),26/07/23 23:00:00,A,MIO_M3,PRECIP,RO_SIR,2018,20187.25,
ESTAT:ENV_WATRES_RB(1.0),26/07/23 23:00:00,A,MIO_M3,PRECIP,RO_SIR,2019,19633.91,
ESTAT:ENV_WATRES_RB(1.0),26/07/23 23:00:00,A,MIO_M3,PRECIP,RO_SIR,2020,18142.99,
ESTAT:ENV_WATRES_RB(1.0),26/07/23 23:00:00,A,MIO_M3,PRECIP,RO_SIR,2021,19570.13,
ESTAT:ENV_WATRES_RB(1.0),26/07/23 23:00:00,A,MIO_M3,PRECIP,RO_SOM,2017,17399.37,
ESTAT:ENV_WATRES_RB(1.0),26/07/23 23:00:00,A,MIO_M3,PRECIP,RO_SOM,2018,17348.91,
ESTAT:ENV_WATRES_RB(1.0),26/07/23 23:00:00,A,MIO_M3,PRECIP,RO_SOM,2019,16217.64,
ESTAT:ENV_WATRES_RB(1.0),26/07/23 23:00:00,A,MIO_M3,PRECIP,RO_SOM,2020,18092.29,
ESTAT:ENV_WATRES_RB(1.0),26/07/23 23:00:00,A,MIO_M3,PRECIP,RO_SOM,2021,19328.46,
ESTAT:ENV_WATRES_RB(1.0),26/07/23 23:00:00,A,MIO_M3,PRECIP,RS,2017,47765.87,
ESTAT:ENV_WATRES_RB(1.0),26/07/23 23:00:00,A,MIO_M3,PRECIP,RS,2018,59466.443,
ESTAT:ENV_WATRES_RB(1.0),26/07/23 23:00:00,A,MIO_M3,PRECIP,SE,2017,359510.00,
ESTAT:ENV_WATRES_RB(1.0),26/07/23 23:00:00,A,MIO_M3,PRECIP,SE,2018,279373.00,
ESTAT:ENV_WATRES_RB(1.0),26/07/23 23:00:00,A,MIO_M3,PRECIP,SE,2019,367414.00,
ESTAT:ENV_WATRES_RB(1.0),26/07/23 23:00:00,A,MIO_M3,PRECIP,SE,2020,370646.00,
ESTAT:ENV_WATRES_RB(1.0),26/07/23 23:00:00,A,MIO_M3,PRECIP,SE,2021,355402.00,
ESTAT:ENV_WATRES_RB(1.0),26/07/23 23:00:00,A,MIO_M3,PRECIP,SE_BAL_N,2017,24782.86,
ESTAT:ENV_WATRES_RB(1.0),26/07/23 23:00:00,A,MIO_M3,PRECIP,SE_BAL_N,2018,19386.00,
ESTAT:ENV_WATRES_RB(1.0),26/07/23 23:00:00,A,MIO_M3,PRECIP,SE_BAL_N,2019,28499.00,
ESTAT:ENV_WATRES_RB(1.0),26/07/23 23:00:00,A,MIO_M3,PRECIP,SE_BAL_N,2020,23552.00,
ESTAT:ENV_WATRES_RB(1.0),26/07/23 23:00:00,A,MIO_M3,PRECIP,SE_BAL_N,2021,25141.00,
ESTAT:ENV_WATRES_RB(1.0),26/07/23 23:00:00,A,MIO_M3,PRECIP,SE_BAL_S,2017,41286.83,
ESTAT:ENV_WATRES_RB(1.0),26/07/23 23:00:00,A,MIO_M3,PRECIP,SE_BAL_S,2018,30028.00,
ESTAT:ENV_WATRES_RB(1.0),26/07/23 23:00:00,A,MIO_M3,PRECIP,SE_BAL_S,2019,39620.00,
ESTAT:ENV_WATRES_RB(1.0),26/07/23 23:00:00,A,MIO_M3,PRECIP,SE_BAL_S,2020,36788.00,
ESTAT:ENV_WATRES_RB(1.0),26/07/23 23:00:00,A,MIO_M3,PRECIP,SE_BAL_S,2021,40017.00,
ESTAT:ENV_WATRES_RB(1.0),26/07/23 23:00:00,A,MIO_M3,PRECIP,SE_BBY,2017,120620.00,
ESTAT:ENV_WATRES_RB(1.0),26/07/23 23:00:00,A,MIO_M3,PRECIP,SE_BBY,2018,89182.00,
ESTAT:ENV_WATRES_RB(1.0),26/07/23 23:00:00,A,MIO_M3,PRECIP,SE_BBY,2019,112194.00,
ESTAT:ENV_WATRES_RB(1.0),26/07/23 23:00:00,A,MIO_M3,PRECIP,SE_BBY,2020,125396.00,
ESTAT:ENV_WATRES_RB(1.0),26/07/23 23:00:00,A,MIO_M3,PRECIP,SE_BBY,2021,116787.00,
ESTAT:ENV_WATRES_RB(1.0),26/07/23 23:00:00,A,MIO_M3,PRECIP,SE_BBY_NL,2017,1605.52,
ESTAT:ENV_WATRES_RB(1.0),26/07/23 23:00:00,A,MIO_M3,PRECIP,SE_BBY_NL,2018,1360.00,
ESTAT:ENV_WATRES_RB(1.0),26/07/23 23:00:00,A,MIO_M3,PRECIP,SE_BBY_NL,2019,1461.00,
ESTAT:ENV_WATRES_RB(1.0),26/07/23 23:00:00,A,MIO_M3,PRECIP,SE_BBY_NL,2020,1718.00,
ESTAT:ENV_WATRES_RB(1.0),26/07/23 23:00:00,A,MIO_M3,PRECIP,SE_BBY_NL,2021,1438.00,
ESTAT:ENV_WATRES_RB(1.0),26/07/23 23:00:00,A,MIO_M3,PRECIP,SE_BBY_TR,2017,67.64,
ESTAT:ENV_WATRES_RB(1.0),26/07/23 23:00:00,A,MIO_M3,PRECIP,SE_BBY_TR,2018,54.00,
ESTAT:ENV_WATRES_RB(1.0),26/07/23 23:00:00,A,MIO_M3,PRECIP,SE_BBY_TR,2019,62.00,
ESTAT:ENV_WATRES_RB(1.0),26/07/23 23:00:00,A,MIO_M3,PRECIP,SE_BBY_TR,2020,63.00,
ESTAT:ENV_WATRES_RB(1.0),26/07/23 23:00:00,A,MIO_M3,PRECIP,SE_BBY_TR,2021,58.00,
ESTAT:ENV_WATRES_RB(1.0),26/07/23 23:00:00,A,MIO_M3,PRECIP,SE_BSE,2017,107417.66,
ESTAT:ENV_WATRES_RB(1.0),26/07/23 23:00:00,A,MIO_M3,PRECIP,SE_BSE,2018,92153.00,
ESTAT:ENV_WATRES_RB(1.0),26/07/23 23:00:00,A,MIO_M3,PRECIP,SE_BSE,2019,115090.00,
ESTAT:ENV_WATRES_RB(1.0),26/07/23 23:00:00,A,MIO_M3,PRECIP,SE_BSE,2020,114968.00,
ESTAT:ENV_WATRES_RB(1.0),26/07/23 23:00:00,A,MIO_M3,PRECIP,SE_BSE,2021,110734.00,
ESTAT:ENV_WATRES_RB(1.0),26/07/23 23:00:00,A,MIO_M3,PRECIP,SE_BSE_TD,2017,817.00,
ESTAT:ENV_WATRES_RB(1.0),26/07/23 23:00:00,A,MIO_M3,PRECIP,SE_BSE_TD,2018,577.00,
ESTAT:ENV_WATRES_RB(1.0),26/07/23 23:00:00,A,MIO_M3,PRECIP,SE_BSE_TD,2019,698.00,
ESTAT:ENV_WATRES_RB(1.0),26/07/23 23:00:00,A,MIO_M3,PRECIP,SE_BSE_TD,2020,737.00,
ESTAT:ENV_WATRES_RB(1.0),26/07/23 23:00:00,A,MIO_M3,PRECIP,SE_BSE_TD,2021,737.00,
ESTAT:ENV_WATRES_RB(1.0),26/07/23 23:00:00,A,MIO_M3,PRECIP,SE_SGL,2017,843.87,
ESTAT:ENV_WATRES_RB(1.0),26/07/23 23:00:00,A,MIO_M3,PRECIP,SE_SGL,2018,687.00,
ESTAT:ENV_WATRES_RB(1.0),26/07/23 23:00:00,A,MIO_M3,PRECIP,SE_SGL,2019,1009.00,
ESTAT:ENV_WATRES_RB(1.0),26/07/23 23:00:00,A,MIO_M3,PRECIP,SE_SGL,2020,1008.00,
ESTAT:ENV_WATRES_RB(1.0),26/07/23 23:00:00,A,MIO_M3,PRECIP,SE_SGL,2021,774.00,
ESTAT:ENV_WATRES_RB(1.0),26/07/23 23:00:00,A,MIO_M3,PRECIP,SE_SKK,2017,62068.04,
ESTAT:ENV_WATRES_RB(1.0),26/07/23 23:00:00,A,MIO_M3,PRECIP,SE_SKK,2018,45946.00,
ESTAT:ENV_WATRES_RB(1.0),26/07/23 23:00:00,A,MIO_M3,PRECIP,SE_SKK,2019,68781.00,
ESTAT:ENV_WATRES_RB(1.0),26/07/23 23:00:00,A,MIO_M3,PRECIP,SE_SKK,2020,66416.00,
ESTAT:ENV_WATRES_RB(1.0),26/07/23 23:00:00,A,MIO_M3,PRECIP,SE_SKK,2021,59716.00,
ESTAT:ENV_WATRES_RB(1.0),26/07/23 23:00:00,A,MIO_M3,PRECIP,SI,2017,31835.50,
ESTAT:ENV_WATRES_RB(1.0),26/07/23 23:00:00,A,MIO_M3,PRECIP,SI,2018,27857.60,
ESTAT:ENV_WATRES_RB(1.0),26/07/23 23:00:00,A,MIO_M3,PRECIP,SI,2019,32047.30,
ESTAT:ENV_WATRES_RB(1.0),26/07/23 23:00:00,A,MIO_M3,PRECIP,SI,2020,29574.70,
ESTAT:ENV_WATRES_RB(1.0),26/07/23 23:00:00,A,MIO_M3,PRECIP,SI_ADR,2017,8467.20,
ESTAT:ENV_WATRES_RB(1.0),26/07/23 23:00:00,A,MIO_M3,PRECIP,SI_ADR,2018,6763.10,
ESTAT:ENV_WATRES_RB(1.0),26/07/23 23:00:00,A,MIO_M3,PRECIP,SI_ADR,2019,8335.60,
ESTAT:ENV_WATRES_RB(1.0),26/07/23 23:00:00,A,MIO_M3,PRECIP,SI_ADR,2020,7801.60,
ESTAT:ENV_WATRES_RB(1.0),26/07/23 23:00:00,A,MIO_M3,PRECIP,SI_ADR_N,2017,4829.1,
ESTAT:ENV_WATRES_RB(1.0),26/07/23 23:00:00,A,MIO_M3,PRECIP,SI_ADR_N,2018,4674.2,
ESTAT:ENV_WATRES_RB(1.0),26/07/23 23:00:00,A,MIO_M3,PRECIP,SI_DAN,2017,23368.30,
ESTAT:ENV_WATRES_RB(1.0),26/07/23 23:00:00,A,MIO_M3,PRECIP,SI_DAN,2018,21094.50,
ESTAT:ENV_WATRES_RB(1.0),26/07/23 23:00:00,A,MIO_M3,PRECIP,SI_DAN,2019,23711.70,
ESTAT:ENV_WATRES_RB(1.0),26/07/23 23:00:00,A,MIO_M3,PRECIP,SI_DAN,2020,21773.10,
ESTAT:ENV_WATRES_RB(1.0),26/07/23 23:00:00,A,MIO_M3,PRECIP,SK,2017,40535.00,
ESTAT:ENV_WATRES_RB(1.0),26/07/23 23:00:00,A,MIO_M3,PRECIP,SK,2018,32982.00,
ESTAT:ENV_WATRES_RB(1.0),26/07/23 23:00:00,A,MIO_M3,PRECIP,SK,2019,41564.00,
ESTAT:ENV_WATRES_RB(1.0),26/07/23 23:00:00,A,MIO_M3,PRECIP,SK,2020,43425.00,
ESTAT:ENV_WATRES_RB(1.0),26/07/23 23:00:00,A,MIO_M3,PRECIP,SK,2021,37301.00,
ESTAT:ENV_WATRES_RB(1.0),26/07/23 23:00:00,A,MIO_M3,PRECIP,SK_BOD,2017,6277.00,
ESTAT:ENV_WATRES_RB(1.0),26/07/23 23:00:00,A,MIO_M3,PRECIP,SK_BOD,2018,5133.00,
ESTAT:ENV_WATRES_RB(1.0),26/07/23 23:00:00,A,MIO_M3,PRECIP,SK_BOD,2019,6345.00,
ESTAT:ENV_WATRES_RB(1.0),26/07/23 23:00:00,A,MIO_M3,PRECIP,SK_BOD,2020,6792.00,
ESTAT:ENV_WATRES_RB(1.0),26/07/23 23:00:00,A,MIO_M3,PRECIP,SK_BOD,2021,5537.00,
ESTAT:ENV_WATRES_RB(1.0),26/07/23 23:00:00,A,MIO_M3,PRECIP,SK_BOV,2017,634.00,
ESTAT:ENV_WATRES_RB(1.0),26/07/23 23:00:00,A,MIO_M3,PRECIP,SK_BOV,2018,538.00,
ESTAT:ENV_WATRES_RB(1.0),26/07/23 23:00:00,A,MIO_M3,PRECIP,SK_BOV,2019,666.00,
ESTAT:ENV_WATRES_RB(1.0),26/07/23 23:00:00,A,MIO_M3,PRECIP,SK_BOV,2020,753.00,
ESTAT:ENV_WATRES_RB(1.0),26/07/23 23:00:00,A,MIO_M3,PRECIP,SK_BOV,2021,588.00,
ESTAT:ENV_WATRES_RB(1.0),26/07/23 23:00:00,A,MIO_M3,PRECIP,SK_DAN,2018,589,
ESTAT:ENV_WATRES_RB(1.0),26/07/23 23:00:00,A,MIO_M3,PRECIP,SK_DAN_RBD,2017,38513.00,
ESTAT:ENV_WATRES_RB(1.0),26/07/23 23:00:00,A,MIO_M3,PRECIP,SK_DAN_RBD,2018,31369.00,
ESTAT:ENV_WATRES_RB(1.0),26/07/23 23:00:00,A,MIO_M3,PRECIP,SK_DAN_RBD,2019,39641.00,
ESTAT:ENV_WATRES_RB(1.0),26/07/23 23:00:00,A,MIO_M3,PRECIP,SK_DAN_RBD,2020,41331.00,
ESTAT:ENV_WATRES_RB(1.0),26/07/23 23:00:00,A,MIO_M3,PRECIP,SK_DAN_RBD,2021,35535.00,
ESTAT:ENV_WATRES_RB(1.0),26/07/23 23:00:00,A,MIO_M3,PRECIP,SK_DAN_SU,2017,701.00,
ESTAT:ENV_WATRES_RB(1.0),26/07/23 23:00:00,A,MIO_M3,PRECIP,SK_DAN_SU,2018,589.00,
ESTAT:ENV_WATRES_RB(1.0),26/07/23 23:00:00,A,MIO_M3,PRECIP,SK_DAN_SU,2019,780.00,
ESTAT:ENV_WATRES_RB(1.0),26/07/23 23:00:00,A,MIO_M3,PRECIP,SK_DAN_SU,2020,780.00,
ESTAT:ENV_WATRES_RB(1.0),26/07/23 23:00:00,A,MIO_M3,PRECIP,SK_DAN_SU,2021,690.00,
ESTAT:ENV_WATRES_RB(1.0),26/07/23 23:00:00,A,MIO_M3,PRECIP,SK_DUN,2017,2022.15,
ESTAT:ENV_WATRES_RB(1.0),26/07/23 23:00:00,A,MIO_M3,PRECIP,SK_DUN,2018,1613.00,
ESTAT:ENV_WATRES_RB(1.0),26/07/23 23:00:00,A,MIO_M3,PRECIP,SK_DUN,2019,1923.00,
ESTAT:ENV_WATRES_RB(1.0),26/07/23 23:00:00,A,MIO_M3,PRECIP,SK_DUN,2020,2094.00,
ESTAT:ENV_WATRES_RB(1.0),26/07/23 23:00:00,A,MIO_M3,PRECIP,SK_DUN,2021,1766.00,
ESTAT:ENV_WATRES_RB(1.0),26/07/23 23:00:00,A,MIO_M3,PRECIP,SK_HOR,2017,3546.00,
ESTAT:ENV_WATRES_RB(1.0),26/07/23 23:00:00,A,MIO_M3,PRECIP,SK_HOR,2018,2839.00,
ESTAT:ENV_WATRES_RB(1.0),26/07/23 23:00:00,A,MIO_M3,PRECIP,SK_HOR,2019,3410.00,
ESTAT:ENV_WATRES_RB(1.0),26/07/23 23:00:00,A,MIO_M3,PRECIP,SK_HOR,2020,3875.00,
ESTAT:ENV_WATRES_RB(1.0),26/07/23 23:00:00,A,MIO_M3,PRECIP,SK_HOR,2021,3203.00,
ESTAT:ENV_WATRES_RB(1.0),26/07/23 23:00:00,A,MIO_M3,PRECIP,SK_HRO,2017,4763.00,
ESTAT:ENV_WATRES_RB(1.0),26/07/23 23:00:00,A,MIO_M3,PRECIP,SK_HRO,2018,3925.00,
ESTAT:ENV_WATRES_RB(1.0),26/07/23 23:00:00,A,MIO_M3,PRECIP,SK_HRO,2019,4950.00,
ESTAT:ENV_WATRES_RB(1.0),26/07/23 23:00:00,A,MIO_M3,PRECIP,SK_HRO,2020,5164.00,
ESTAT:ENV_WATRES_RB(1.0),26/07/23 23:00:00,A,MIO_M3,PRECIP,SK_HRO,2021,4443.00,
ESTAT:ENV_WATRES_RB(1.0),26/07/23 23:00:00,A,MIO_M3,PRECIP,SK_IPE,2017,2429.00,
ESTAT:ENV_WATRES_RB(1.0),26/07/23 23:00:00,A,MIO_M3,PRECIP,SK_IPE,2018,2079.00,
ESTAT:ENV_WATRES_RB(1.0),26/07/23 23:00:00,A,MIO_M3,PRECIP,SK_IPE,2019,2659.00,
ESTAT:ENV_WATRES_RB(1.0),26/07/23 23:00:00,A,MIO_M3,PRECIP,SK_IPE,2020,2766.00,
ESTAT:ENV_WATRES_RB(1.0),26/07/23 23:00:00,A,MIO_M3,PRECIP,SK_IPE,2021,2399.00,
ESTAT:ENV_WATRES_RB(1.0),26/07/23 23:00:00,A,MIO_M3,PRECIP,SK_MOR,2017,1463.00,
ESTAT:ENV_WATRES_RB(1.0),26/07/23 23:00:00,A,MIO_M3,PRECIP,SK_MOR,2018,1208.00,
ESTAT:ENV_WATRES_RB(1.0),26/07/23 23:00:00,A,MIO_M3,PRECIP,SK_MOR,2019,1546.00,
ESTAT:ENV_WATRES_RB(1.0),26/07/23 23:00:00,A,MIO_M3,PRECIP,SK_MOR,2020,1517.00,
ESTAT:ENV_WATRES_RB(1.0),26/07/23 23:00:00,A,MIO_M3,PRECIP,SK_MOR,2021,1368.00,
ESTAT:ENV_WATRES_RB(1.0),26/07/23 23:00:00,A,MIO_M3,PRECIP,SK_SLA,2017,2359.00,
ESTAT:ENV_WATRES_RB(1.0),26/07/23 23:00:00,A,MIO_M3,PRECIP,SK_SLA,2018,1964.00,
ESTAT:ENV_WATRES_RB(1.0),26/07/23 23:00:00,A,MIO_M3,PRECIP,SK_SLA,2019,2436.00,
ESTAT:ENV_WATRES_RB(1.0),26/07/23 23:00:00,A,MIO_M3,PRECIP,SK_SLA,2020,2690.00,
ESTAT:ENV_WATRES_RB(1.0),26/07/23 23:00:00,A,MIO_M3,PRECIP,SK_SLA,2021,2255.00,
ESTAT:ENV_WATRES_RB(1.0),26/07/23 23:00:00,A,MIO_M3,PRECIP,SK_VAH,2017,16340.00,
ESTAT:ENV_WATRES_RB(1.0),26/07/23 23:00:00,A,MIO_M3,PRECIP,SK_VAH,2018,13094.00,
ESTAT:ENV_WATRES_RB(1.0),26/07/23 23:00:00,A,MIO_M3,PRECIP,SK_VAH,2019,16849.00,
ESTAT:ENV_WATRES_RB(1.0),26/07/23 23:00:00,A,MIO_M3,PRECIP,SK_VAH,2020,16994.00,
ESTAT:ENV_WATRES_RB(1.0),26/07/23 23:00:00,A,MIO_M3,PRECIP,SK_VAH,2021,15052.00,
ESTAT:ENV_WATRES_RB(1.0),26/07/23 23:00:00,A,MIO_M3,PRECIP,SK_VIS,2017,2022.15,
ESTAT:ENV_WATRES_RB(1.0),26/07/23 23:00:00,A,MIO_M3,PRECIP,SK_VIS,2018,1613.00,
ESTAT:ENV_WATRES_RB(1.0),26/07/23 23:00:00,A,MIO_M3,PRECIP,SK_VIS,2019,1923.00,
ESTAT:ENV_WATRES_RB(1.0),26/07/23 23:00:00,A,MIO_M3,PRECIP,SK_VIS,2020,2094.00,
ESTAT:ENV_WATRES_RB(1.0),26/07/23 23:00:00,A,MIO_M3,PRECIP,SK_VIS,2021,1766.00,
