DATAFLOW,LAST UPDATE,freq,deg_urb,age,sex,unit,geo,TIME_PERIOD,OBS_VALUE,OBS_FLAG
ESTAT:HLTH_SILC_19(1.0),11/07/23 23:00:00,A,DEG1,Y_GE16,T,PC,AL,2017,19.6,
ESTAT:HLTH_SILC_19(1.0),11/07/23 23:00:00,A,DEG1,Y_GE16,T,PC,AL,2018,22.0,
ESTAT:HLTH_SILC_19(1.0),11/07/23 23:00:00,A,DEG1,Y_GE16,T,PC,AL,2019,21.5,
ESTAT:HLTH_SILC_19(1.0),11/07/23 23:00:00,A,DEG1,Y_GE16,T,PC,AL,2020,20.8,
ESTAT:HLTH_SILC_19(1.0),11/07/23 23:00:00,A,DEG1,Y_GE16,T,PC,AT,2013,37.3,
ESTAT:HLTH_SILC_19(1.0),11/07/23 23:00:00,A,DEG1,Y_GE16,T,PC,AT,2014,37.5,
ESTAT:HLTH_SILC_19(1.0),11/07/23 23:00:00,A,DEG1,Y_GE16,T,PC,AT,2015,37.3,
ESTAT:HLTH_SILC_19(1.0),11/07/23 23:00:00,A,DEG1,Y_GE16,T,PC,AT,2016,38.8,
ESTAT:HLTH_SILC_19(1.0),11/07/23 23:00:00,A,DEG1,Y_GE16,T,PC,AT,2017,40.1,
ESTAT:HLTH_SILC_19(1.0),11/07/23 23:00:00,A,DEG1,Y_GE16,T,PC,AT,2018,38.1,
ESTAT:HLTH_SILC_19(1.0),11/07/23 23:00:00,A,DEG1,Y_GE16,T,PC,AT,2019,39.1,
ESTAT:HLTH_SILC_19(1.0),11/07/23 23:00:00,A,DEG1,Y_GE16,T,PC,AT,2020,35.4,
ESTAT:HLTH_SILC_19(1.0),11/07/23 23:00:00,A,DEG1,Y_GE16,T,PC,AT,2021,35.6,
ESTAT:HLTH_SILC_19(1.0),11/07/23 23:00:00,A,DEG1,Y_GE16,T,PC,AT,2022,38.2,
ESTAT:HLTH_SILC_19(1.0),11/07/23 23:00:00,A,DEG1,Y_GE16,T,PC,BE,2013,27.1,
ESTAT:HLTH_SILC_19(1.0),11/07/23 23:00:00,A,DEG1,Y_GE16,T,PC,BE,2014,26.2,
ESTAT:HLTH_SILC_19(1.0),11/07/23 23:00:00,A,DEG1,Y_GE16,T,PC,BE,2015,23.8,
ESTAT:HLTH_SILC_19(1.0),11/07/23 23:00:00,A,DEG1,Y_GE16,T,PC,BE,2016,24.3,
ESTAT:HLTH_SILC_19(1.0),11/07/23 23:00:00,A,DEG1,Y_GE16,T,PC,BE,2017,24.0,
ESTAT:HLTH_SILC_19(1.0),11/07/23 23:00:00,A,DEG1,Y_GE16,T,PC,BE,2018,24.6,
ESTAT:HLTH_SILC_19(1.0),11/07/23 23:00:00,A,DEG1,Y_GE16,T,PC,BE,2019,26.2,b
ESTAT:HLTH_SILC_19(1.0),11/07/23 23:00:00,A,DEG1,Y_GE16,T,PC,BE,2020,24.7,
ESTAT:HLTH_SILC_19(1.0),11/07/23 23:00:00,A,DEG1,Y_GE16,T,PC,BE,2021,25.0,
ESTAT:HLTH_SILC_19(1.0),11/07/23 23:00:00,A,DEG1,Y_GE16,T,PC,BE,2022,26.3,
ESTAT:HLTH_SILC_19(1.0),11/07/23 23:00:00,A,DEG1,Y_GE16,T,PC,BG,2013,17.2,
ESTAT:HLTH_SILC_19(1.0),11/07/23 23:00:00,A,DEG1,Y_GE16,T,PC,BG,2014,19.8,
ESTAT:HLTH_SILC_19(1.0),11/07/23 23:00:00,A,DEG1,Y_GE16,T,PC,BG,2015,19.9,
ESTAT:HLTH_SILC_19(1.0),11/07/23 23:00:00,A,DEG1,Y_GE16,T,PC,BG,2016,18.8,
ESTAT:HLTH_SILC_19(1.0),11/07/23 23:00:00,A,DEG1,Y_GE16,T,PC,BG,2017,23.2,
ESTAT:HLTH_SILC_19(1.0),11/07/23 23:00:00,A,DEG1,Y_GE16,T,PC,BG,2018,19.4,
ESTAT:HLTH_SILC_19(1.0),11/07/23 23:00:00,A,DEG1,Y_GE16,T,PC,BG,2019,17.2,
ESTAT:HLTH_SILC_19(1.0),11/07/23 23:00:00,A,DEG1,Y_GE16,T,PC,BG,2020,18.7,
ESTAT:HLTH_SILC_19(1.0),11/07/23 23:00:00,A,DEG1,Y_GE16,T,PC,BG,2021,19.1,
ESTAT:HLTH_SILC_19(1.0),11/07/23 23:00:00,A,DEG1,Y_GE16,T,PC,BG,2022,18.6,
ESTAT:HLTH_SILC_19(1.0),11/07/23 23:00:00,A,DEG1,Y_GE16,T,PC,CH,2013,34.0,
ESTAT:HLTH_SILC_19(1.0),11/07/23 23:00:00,A,DEG1,Y_GE16,T,PC,CH,2014,37.4,
ESTAT:HLTH_SILC_19(1.0),11/07/23 23:00:00,A,DEG1,Y_GE16,T,PC,CH,2015,35.5,
ESTAT:HLTH_SILC_19(1.0),11/07/23 23:00:00,A,DEG1,Y_GE16,T,PC,CH,2016,38.6,
ESTAT:HLTH_SILC_19(1.0),11/07/23 23:00:00,A,DEG1,Y_GE16,T,PC,CH,2017,37.1,
ESTAT:HLTH_SILC_19(1.0),11/07/23 23:00:00,A,DEG1,Y_GE16,T,PC,CH,2018,36.0,
ESTAT:HLTH_SILC_19(1.0),11/07/23 23:00:00,A,DEG1,Y_GE16,T,PC,CH,2019,37.1,
ESTAT:HLTH_SILC_19(1.0),11/07/23 23:00:00,A,DEG1,Y_GE16,T,PC,CH,2020,33.9,
ESTAT:HLTH_SILC_19(1.0),11/07/23 23:00:00,A,DEG1,Y_GE16,T,PC,CH,2021,36.7,
ESTAT:HLTH_SILC_19(1.0),11/07/23 23:00:00,A,DEG1,Y_GE16,T,PC,CY,2013,33.3,
ESTAT:HLTH_SILC_19(1.0),11/07/23 23:00:00,A,DEG1,Y_GE16,T,PC,CY,2014,34.1,
ESTAT:HLTH_SILC_19(1.0),11/07/23 23:00:00,A,DEG1,Y_GE16,T,PC,CY,2015,33.6,
ESTAT:HLTH_SILC_19(1.0),11/07/23 23:00:00,A,DEG1,Y_GE16,T,PC,CY,2016,34.1,
ESTAT:HLTH_SILC_19(1.0),11/07/23 23:00:00,A,DEG1,Y_GE16,T,PC,CY,2017,35.0,
ESTAT:HLTH_SILC_19(1.0),11/07/23 23:00:00,A,DEG1,Y_GE16,T,PC,CY,2018,38.0,
ESTAT:HLTH_SILC_19(1.0),11/07/23 23:00:00,A,DEG1,Y_GE16,T,PC,CY,2019,37.8,
ESTAT:HLTH_SILC_19(1.0),11/07/23 23:00:00,A,DEG1,Y_GE16,T,PC,CY,2020,39.3,
ESTAT:HLTH_SILC_19(1.0),11/07/23 23:00:00,A,DEG1,Y_GE16,T,PC,CY,2021,38.7,
ESTAT:HLTH_SILC_19(1.0),11/07/23 23:00:00,A,DEG1,Y_GE16,T,PC,CY,2022,38.1,
ESTAT:HLTH_SILC_19(1.0),11/07/23 23:00:00,A,DEG1,Y_GE16,T,PC,CZ,2013,28.1,u
ESTAT:HLTH_SILC_19(1.0),11/07/23 23:00:00,A,DEG1,Y_GE16,T,PC,CZ,2014,29.4,u
ESTAT:HLTH_SILC_19(1.0),11/07/23 23:00:00,A,DEG1,Y_GE16,T,PC,CZ,2015,31.3,u
ESTAT:HLTH_SILC_19(1.0),11/07/23 23:00:00,A,DEG1,Y_GE16,T,PC,CZ,2016,32.0,u
ESTAT:HLTH_SILC_19(1.0),11/07/23 23:00:00,A,DEG1,Y_GE16,T,PC,CZ,2017,32.5,u
ESTAT:HLTH_SILC_19(1.0),11/07/23 23:00:00,A,DEG1,Y_GE16,T,PC,CZ,2018,34.7,u
ESTAT:HLTH_SILC_19(1.0),11/07/23 23:00:00,A,DEG1,Y_GE16,T,PC,CZ,2019,34.7,u
ESTAT:HLTH_SILC_19(1.0),11/07/23 23:00:00,A,DEG1,Y_GE16,T,PC,CZ,2020,36.4,u
ESTAT:HLTH_SILC_19(1.0),11/07/23 23:00:00,A,DEG1,Y_GE16,T,PC,CZ,2021,32.2,
ESTAT:HLTH_SILC_19(1.0),11/07/23 23:00:00,A,DEG1,Y_GE16,T,PC,CZ,2022,33.3,
ESTAT:HLTH_SILC_19(1.0),11/07/23 23:00:00,A,DEG1,Y_GE16,T,PC,DE,2013,37.6,
ESTAT:HLTH_SILC_19(1.0),11/07/23 23:00:00,A,DEG1,Y_GE16,T,PC,DE,2014,39.1,
ESTAT:HLTH_SILC_19(1.0),11/07/23 23:00:00,A,DEG1,Y_GE16,T,PC,DE,2015,44.4,b
ESTAT:HLTH_SILC_19(1.0),11/07/23 23:00:00,A,DEG1,Y_GE16,T,PC,DE,2016,43.1,
ESTAT:HLTH_SILC_19(1.0),11/07/23 23:00:00,A,DEG1,Y_GE16,T,PC,DE,2017,44.5,
ESTAT:HLTH_SILC_19(1.0),11/07/23 23:00:00,A,DEG1,Y_GE16,T,PC,DE,2018,44.3,
ESTAT:HLTH_SILC_19(1.0),11/07/23 23:00:00,A,DEG1,Y_GE16,T,PC,DE,2019,42.9,
ESTAT:HLTH_SILC_19(1.0),11/07/23 23:00:00,A,DEG1,Y_GE16,T,PC,DE,2020,,u
ESTAT:HLTH_SILC_19(1.0),11/07/23 23:00:00,A,DEG1,Y_GE16,T,PC,DE,2021,,u
ESTAT:HLTH_SILC_19(1.0),11/07/23 23:00:00,A,DEG1,Y_GE16,T,PC,DE,2022,37.5,u
ESTAT:HLTH_SILC_19(1.0),11/07/23 23:00:00,A,DEG1,Y_GE16,T,PC,DK,2013,26.3,
ESTAT:HLTH_SILC_19(1.0),11/07/23 23:00:00,A,DEG1,Y_GE16,T,PC,DK,2014,26.8,
ESTAT:HLTH_SILC_19(1.0),11/07/23 23:00:00,A,DEG1,Y_GE16,T,PC,DK,2015,27.7,
ESTAT:HLTH_SILC_19(1.0),11/07/23 23:00:00,A,DEG1,Y_GE16,T,PC,DK,2016,27.0,
ESTAT:HLTH_SILC_19(1.0),11/07/23 23:00:00,A,DEG1,Y_GE16,T,PC,DK,2017,28.3,
ESTAT:HLTH_SILC_19(1.0),11/07/23 23:00:00,A,DEG1,Y_GE16,T,PC,DK,2018,28.0,
ESTAT:HLTH_SILC_19(1.0),11/07/23 23:00:00,A,DEG1,Y_GE16,T,PC,DK,2019,29.2,
ESTAT:HLTH_SILC_19(1.0),11/07/23 23:00:00,A,DEG1,Y_GE16,T,PC,DK,2020,33.4,
ESTAT:HLTH_SILC_19(1.0),11/07/23 23:00:00,A,DEG1,Y_GE16,T,PC,DK,2021,32.5,
ESTAT:HLTH_SILC_19(1.0),11/07/23 23:00:00,A,DEG1,Y_GE16,T,PC,DK,2022,33.2,
ESTAT:HLTH_SILC_19(1.0),11/07/23 23:00:00,A,DEG1,Y_GE16,T,PC,EA,2013,33.5,e
ESTAT:HLTH_SILC_19(1.0),11/07/23 23:00:00,A,DEG1,Y_GE16,T,PC,EA,2014,33.5,e
ESTAT:HLTH_SILC_19(1.0),11/07/23 23:00:00,A,DEG1,Y_GE16,T,PC,EA,2015,35.9,e
ESTAT:HLTH_SILC_19(1.0),11/07/23 23:00:00,A,DEG1,Y_GE16,T,PC,EA,2016,35.2,e
ESTAT:HLTH_SILC_19(1.0),11/07/23 23:00:00,A,DEG1,Y_GE16,T,PC,EA,2017,36.2,e
ESTAT:HLTH_SILC_19(1.0),11/07/23 23:00:00,A,DEG1,Y_GE16,T,PC,EA,2018,36.0,e
ESTAT:HLTH_SILC_19(1.0),11/07/23 23:00:00,A,DEG1,Y_GE16,T,PC,EA,2019,34.8,
ESTAT:HLTH_SILC_19(1.0),11/07/23 23:00:00,A,DEG1,Y_GE16,T,PC,EA,2020,34.2,u
ESTAT:HLTH_SILC_19(1.0),11/07/23 23:00:00,A,DEG1,Y_GE16,T,PC,EA,2021,35.1,u
ESTAT:HLTH_SILC_19(1.0),11/07/23 23:00:00,A,DEG1,Y_GE16,T,PC,EA18,2013,33.5,
ESTAT:HLTH_SILC_19(1.0),11/07/23 23:00:00,A,DEG1,Y_GE16,T,PC,EA18,2014,33.5,
ESTAT:HLTH_SILC_19(1.0),11/07/23 23:00:00,A,DEG1,Y_GE16,T,PC,EA18,2015,35.9,
ESTAT:HLTH_SILC_19(1.0),11/07/23 23:00:00,A,DEG1,Y_GE16,T,PC,EA18,2016,35.2,
ESTAT:HLTH_SILC_19(1.0),11/07/23 23:00:00,A,DEG1,Y_GE16,T,PC,EA18,2017,36.2,
ESTAT:HLTH_SILC_19(1.0),11/07/23 23:00:00,A,DEG1,Y_GE16,T,PC,EA18,2018,36.0,
ESTAT:HLTH_SILC_19(1.0),11/07/23 23:00:00,A,DEG1,Y_GE16,T,PC,EA18,2019,34.9,
ESTAT:HLTH_SILC_19(1.0),11/07/23 23:00:00,A,DEG1,Y_GE16,T,PC,EA18,2020,34.3,u
ESTAT:HLTH_SILC_19(1.0),11/07/23 23:00:00,A,DEG1,Y_GE16,T,PC,EA19,2013,33.5,
ESTAT:HLTH_SILC_19(1.0),11/07/23 23:00:00,A,DEG1,Y_GE16,T,PC,EA19,2014,33.4,
ESTAT:HLTH_SILC_19(1.0),11/07/23 23:00:00,A,DEG1,Y_GE16,T,PC,EA19,2015,35.9,
ESTAT:HLTH_SILC_19(1.0),11/07/23 23:00:00,A,DEG1,Y_GE16,T,PC,EA19,2016,35.2,
ESTAT:HLTH_SILC_19(1.0),11/07/23 23:00:00,A,DEG1,Y_GE16,T,PC,EA19,2017,36.2,
ESTAT:HLTH_SILC_19(1.0),11/07/23 23:00:00,A,DEG1,Y_GE16,T,PC,EA19,2018,36.0,
ESTAT:HLTH_SILC_19(1.0),11/07/23 23:00:00,A,DEG1,Y_GE16,T,PC,EA19,2019,34.8,
ESTAT:HLTH_SILC_19(1.0),11/07/23 23:00:00,A,DEG1,Y_GE16,T,PC,EA19,2020,34.2,u
ESTAT:HLTH_SILC_19(1.0),11/07/23 23:00:00,A,DEG1,Y_GE16,T,PC,EA19,2021,35.1,u
ESTAT:HLTH_SILC_19(1.0),11/07/23 23:00:00,A,DEG1,Y_GE16,T,PC,EA20,2014,33.4,
ESTAT:HLTH_SILC_19(1.0),11/07/23 23:00:00,A,DEG1,Y_GE16,T,PC,EA20,2015,35.9,
ESTAT:HLTH_SILC_19(1.0),11/07/23 23:00:00,A,DEG1,Y_GE16,T,PC,EA20,2016,35.2,
ESTAT:HLTH_SILC_19(1.0),11/07/23 23:00:00,A,DEG1,Y_GE16,T,PC,EA20,2017,36.2,
ESTAT:HLTH_SILC_19(1.0),11/07/23 23:00:00,A,DEG1,Y_GE16,T,PC,EA20,2018,35.9,
ESTAT:HLTH_SILC_19(1.0),11/07/23 23:00:00,A,DEG1,Y_GE16,T,PC,EA20,2019,34.9,
ESTAT:HLTH_SILC_19(1.0),11/07/23 23:00:00,A,DEG1,Y_GE16,T,PC,EA20,2020,34.2,u
ESTAT:HLTH_SILC_19(1.0),11/07/23 23:00:00,A,DEG1,Y_GE16,T,PC,EA20,2021,35.1,u
ESTAT:HLTH_SILC_19(1.0),11/07/23 23:00:00,A,DEG1,Y_GE16,T,PC,EA20,2022,36.0,e
ESTAT:HLTH_SILC_19(1.0),11/07/23 23:00:00,A,DEG1,Y_GE16,T,PC,EE,2013,44.1,
ESTAT:HLTH_SILC_19(1.0),11/07/23 23:00:00,A,DEG1,Y_GE16,T,PC,EE,2014,46.4,
ESTAT:HLTH_SILC_19(1.0),11/07/23 23:00:00,A,DEG1,Y_GE16,T,PC,EE,2015,45.8,
ESTAT:HLTH_SILC_19(1.0),11/07/23 23:00:00,A,DEG1,Y_GE16,T,PC,EE,2016,42.8,
ESTAT:HLTH_SILC_19(1.0),11/07/23 23:00:00,A,DEG1,Y_GE16,T,PC,EE,2017,42.8,
ESTAT:HLTH_SILC_19(1.0),11/07/23 23:00:00,A,DEG1,Y_GE16,T,PC,EE,2018,47.5,
ESTAT:HLTH_SILC_19(1.0),11/07/23 23:00:00,A,DEG1,Y_GE16,T,PC,EE,2019,43.6,
ESTAT:HLTH_SILC_19(1.0),11/07/23 23:00:00,A,DEG1,Y_GE16,T,PC,EE,2020,42.2,
ESTAT:HLTH_SILC_19(1.0),11/07/23 23:00:00,A,DEG1,Y_GE16,T,PC,EE,2021,45.2,
ESTAT:HLTH_SILC_19(1.0),11/07/23 23:00:00,A,DEG1,Y_GE16,T,PC,EE,2022,46.2,
ESTAT:HLTH_SILC_19(1.0),11/07/23 23:00:00,A,DEG1,Y_GE16,T,PC,EL,2013,21.0,
ESTAT:HLTH_SILC_19(1.0),11/07/23 23:00:00,A,DEG1,Y_GE16,T,PC,EL,2014,21.0,
ESTAT:HLTH_SILC_19(1.0),11/07/23 23:00:00,A,DEG1,Y_GE16,T,PC,EL,2015,22.1,
ESTAT:HLTH_SILC_19(1.0),11/07/23 23:00:00,A,DEG1,Y_GE16,T,PC,EL,2016,21.6,
ESTAT:HLTH_SILC_19(1.0),11/07/23 23:00:00,A,DEG1,Y_GE16,T,PC,EL,2017,21.4,
ESTAT:HLTH_SILC_19(1.0),11/07/23 23:00:00,A,DEG1,Y_GE16,T,PC,EL,2018,22.1,
ESTAT:HLTH_SILC_19(1.0),11/07/23 23:00:00,A,DEG1,Y_GE16,T,PC,EL,2019,24.0,
ESTAT:HLTH_SILC_19(1.0),11/07/23 23:00:00,A,DEG1,Y_GE16,T,PC,EL,2020,24.3,
ESTAT:HLTH_SILC_19(1.0),11/07/23 23:00:00,A,DEG1,Y_GE16,T,PC,EL,2021,23.5,
ESTAT:HLTH_SILC_19(1.0),11/07/23 23:00:00,A,DEG1,Y_GE16,T,PC,EL,2022,23.9,
ESTAT:HLTH_SILC_19(1.0),11/07/23 23:00:00,A,DEG1,Y_GE16,T,PC,ES,2013,31.5,
ESTAT:HLTH_SILC_19(1.0),11/07/23 23:00:00,A,DEG1,Y_GE16,T,PC,ES,2014,28.1,
ESTAT:HLTH_SILC_19(1.0),11/07/23 23:00:00,A,DEG1,Y_GE16,T,PC,ES,2015,30.9,
ESTAT:HLTH_SILC_19(1.0),11/07/23 23:00:00,A,DEG1,Y_GE16,T,PC,ES,2016,29.0,
ESTAT:HLTH_SILC_19(1.0),11/07/23 23:00:00,A,DEG1,Y_GE16,T,PC,ES,2017,28.2,
ESTAT:HLTH_SILC_19(1.0),11/07/23 23:00:00,A,DEG1,Y_GE16,T,PC,ES,2018,32.7,
ESTAT:HLTH_SILC_19(1.0),11/07/23 23:00:00,A,DEG1,Y_GE16,T,PC,ES,2019,29.1,
ESTAT:HLTH_SILC_19(1.0),11/07/23 23:00:00,A,DEG1,Y_GE16,T,PC,ES,2020,36.3,
ESTAT:HLTH_SILC_19(1.0),11/07/23 23:00:00,A,DEG1,Y_GE16,T,PC,ES,2021,38.4,
ESTAT:HLTH_SILC_19(1.0),11/07/23 23:00:00,A,DEG1,Y_GE16,T,PC,ES,2022,38.5,
ESTAT:HLTH_SILC_19(1.0),11/07/23 23:00:00,A,DEG1,Y_GE16,T,PC,EU,2013,32.9,e
ESTAT:HLTH_SILC_19(1.0),11/07/23 23:00:00,A,DEG1,Y_GE16,T,PC,EU,2014,33.1,e
ESTAT:HLTH_SILC_19(1.0),11/07/23 23:00:00,A,DEG1,Y_GE16,T,PC,EU,2015,35.0,e
ESTAT:HLTH_SILC_19(1.0),11/07/23 23:00:00,A,DEG1,Y_GE16,T,PC,EU,2016,34.7,e
ESTAT:HLTH_SILC_19(1.0),11/07/23 23:00:00,A,DEG1,Y_GE16,T,PC,EU,2017,36.6,e
ESTAT:HLTH_SILC_19(1.0),11/07/23 23:00:00,A,DEG1,Y_GE16,T,PC,EU,2018,36.5,e
ESTAT:HLTH_SILC_19(1.0),11/07/23 23:00:00,A,DEG1,Y_GE16,T,PC,EU,2019,36.0,e
ESTAT:HLTH_SILC_19(1.0),11/07/23 23:00:00,A,DEG1,Y_GE16,T,PC,EU27_2007,2013,32.9,e
ESTAT:HLTH_SILC_19(1.0),11/07/23 23:00:00,A,DEG1,Y_GE16,T,PC,EU27_2007,2014,33.2,e
ESTAT:HLTH_SILC_19(1.0),11/07/23 23:00:00,A,DEG1,Y_GE16,T,PC,EU27_2007,2015,35.0,e
ESTAT:HLTH_SILC_19(1.0),11/07/23 23:00:00,A,DEG1,Y_GE16,T,PC,EU27_2007,2016,34.7,e
ESTAT:HLTH_SILC_19(1.0),11/07/23 23:00:00,A,DEG1,Y_GE16,T,PC,EU27_2007,2017,36.6,e
ESTAT:HLTH_SILC_19(1.0),11/07/23 23:00:00,A,DEG1,Y_GE16,T,PC,EU27_2007,2018,36.5,e
ESTAT:HLTH_SILC_19(1.0),11/07/23 23:00:00,A,DEG1,Y_GE16,T,PC,EU27_2007,2019,36.0,e
ESTAT:HLTH_SILC_19(1.0),11/07/23 23:00:00,A,DEG1,Y_GE16,T,PC,EU27_2020,2013,33.3,e
ESTAT:HLTH_SILC_19(1.0),11/07/23 23:00:00,A,DEG1,Y_GE16,T,PC,EU27_2020,2014,33.2,e
ESTAT:HLTH_SILC_19(1.0),11/07/23 23:00:00,A,DEG1,Y_GE16,T,PC,EU27_2020,2015,35.4,e
ESTAT:HLTH_SILC_19(1.0),11/07/23 23:00:00,A,DEG1,Y_GE16,T,PC,EU27_2020,2016,34.9,e
ESTAT:HLTH_SILC_19(1.0),11/07/23 23:00:00,A,DEG1,Y_GE16,T,PC,EU27_2020,2017,35.9,e
ESTAT:HLTH_SILC_19(1.0),11/07/23 23:00:00,A,DEG1,Y_GE16,T,PC,EU27_2020,2018,35.7,e
ESTAT:HLTH_SILC_19(1.0),11/07/23 23:00:00,A,DEG1,Y_GE16,T,PC,EU27_2020,2019,34.9,e
ESTAT:HLTH_SILC_19(1.0),11/07/23 23:00:00,A,DEG1,Y_GE16,T,PC,EU27_2020,2020,34.5,u
ESTAT:HLTH_SILC_19(1.0),11/07/23 23:00:00,A,DEG1,Y_GE16,T,PC,EU27_2020,2021,34.8,u
ESTAT:HLTH_SILC_19(1.0),11/07/23 23:00:00,A,DEG1,Y_GE16,T,PC,EU27_2020,2022,35.8,
ESTAT:HLTH_SILC_19(1.0),11/07/23 23:00:00,A,DEG1,Y_GE16,T,PC,EU28,2013,32.9,e
ESTAT:HLTH_SILC_19(1.0),11/07/23 23:00:00,A,DEG1,Y_GE16,T,PC,EU28,2014,33.1,e
ESTAT:HLTH_SILC_19(1.0),11/07/23 23:00:00,A,DEG1,Y_GE16,T,PC,EU28,2015,35.0,e
ESTAT:HLTH_SILC_19(1.0),11/07/23 23:00:00,A,DEG1,Y_GE16,T,PC,EU28,2016,34.7,e
ESTAT:HLTH_SILC_19(1.0),11/07/23 23:00:00,A,DEG1,Y_GE16,T,PC,EU28,2017,36.6,e
ESTAT:HLTH_SILC_19(1.0),11/07/23 23:00:00,A,DEG1,Y_GE16,T,PC,EU28,2018,36.5,e
ESTAT:HLTH_SILC_19(1.0),11/07/23 23:00:00,A,DEG1,Y_GE16,T,PC,EU28,2019,36.0,e
ESTAT:HLTH_SILC_19(1.0),11/07/23 23:00:00,A,DEG1,Y_GE16,T,PC,FI,2013,42.8,
ESTAT:HLTH_SILC_19(1.0),11/07/23 23:00:00,A,DEG1,Y_GE16,T,PC,FI,2014,42.2,
ESTAT:HLTH_SILC_19(1.0),11/07/23 23:00:00,A,DEG1,Y_GE16,T,PC,FI,2015,42.0,
ESTAT:HLTH_SILC_19(1.0),11/07/23 23:00:00,A,DEG1,Y_GE16,T,PC,FI,2016,42.0,
ESTAT:HLTH_SILC_19(1.0),11/07/23 23:00:00,A,DEG1,Y_GE16,T,PC,FI,2017,44.5,
ESTAT:HLTH_SILC_19(1.0),11/07/23 23:00:00,A,DEG1,Y_GE16,T,PC,FI,2018,45.4,
ESTAT:HLTH_SILC_19(1.0),11/07/23 23:00:00,A,DEG1,Y_GE16,T,PC,FI,2019,46.6,
ESTAT:HLTH_SILC_19(1.0),11/07/23 23:00:00,A,DEG1,Y_GE16,T,PC,FI,2020,45.4,
ESTAT:HLTH_SILC_19(1.0),11/07/23 23:00:00,A,DEG1,Y_GE16,T,PC,FI,2021,46.9,
ESTAT:HLTH_SILC_19(1.0),11/07/23 23:00:00,A,DEG1,Y_GE16,T,PC,FI,2022,49.7,
ESTAT:HLTH_SILC_19(1.0),11/07/23 23:00:00,A,DEG1,Y_GE16,T,PC,FR,2013,35.2,
ESTAT:HLTH_SILC_19(1.0),11/07/23 23:00:00,A,DEG1,Y_GE16,T,PC,FR,2014,35.7,
ESTAT:HLTH_SILC_19(1.0),11/07/23 23:00:00,A,DEG1,Y_GE16,T,PC,FR,2015,35.1,
ESTAT:HLTH_SILC_19(1.0),11/07/23 23:00:00,A,DEG1,Y_GE16,T,PC,FR,2016,36.3,
ESTAT:HLTH_SILC_19(1.0),11/07/23 23:00:00,A,DEG1,Y_GE16,T,PC,FR,2017,37.3,
ESTAT:HLTH_SILC_19(1.0),11/07/23 23:00:00,A,DEG1,Y_GE16,T,PC,FR,2018,35.7,
ESTAT:HLTH_SILC_19(1.0),11/07/23 23:00:00,A,DEG1,Y_GE16,T,PC,FR,2019,34.3,
ESTAT:HLTH_SILC_19(1.0),11/07/23 23:00:00,A,DEG1,Y_GE16,T,PC,FR,2020,34.6,b
ESTAT:HLTH_SILC_19(1.0),11/07/23 23:00:00,A,DEG1,Y_GE16,T,PC,FR,2021,34.8,
ESTAT:HLTH_SILC_19(1.0),11/07/23 23:00:00,A,DEG1,Y_GE16,T,PC,FR,2022,37.6,p
ESTAT:HLTH_SILC_19(1.0),11/07/23 23:00:00,A,DEG1,Y_GE16,T,PC,HR,2013,30.7,
ESTAT:HLTH_SILC_19(1.0),11/07/23 23:00:00,A,DEG1,Y_GE16,T,PC,HR,2014,31.1,
ESTAT:HLTH_SILC_19(1.0),11/07/23 23:00:00,A,DEG1,Y_GE16,T,PC,HR,2015,35.1,
ESTAT:HLTH_SILC_19(1.0),11/07/23 23:00:00,A,DEG1,Y_GE16,T,PC,HR,2016,37.2,
ESTAT:HLTH_SILC_19(1.0),11/07/23 23:00:00,A,DEG1,Y_GE16,T,PC,HR,2017,37.0,
ESTAT:HLTH_SILC_19(1.0),11/07/23 23:00:00,A,DEG1,Y_GE16,T,PC,HR,2018,35.4,
ESTAT:HLTH_SILC_19(1.0),11/07/23 23:00:00,A,DEG1,Y_GE16,T,PC,HR,2019,37.0,
ESTAT:HLTH_SILC_19(1.0),11/07/23 23:00:00,A,DEG1,Y_GE16,T,PC,HR,2020,34.9,
ESTAT:HLTH_SILC_19(1.0),11/07/23 23:00:00,A,DEG1,Y_GE16,T,PC,HR,2021,31.9,
ESTAT:HLTH_SILC_19(1.0),11/07/23 23:00:00,A,DEG1,Y_GE16,T,PC,HR,2022,30.0,
ESTAT:HLTH_SILC_19(1.0),11/07/23 23:00:00,A,DEG1,Y_GE16,T,PC,HU,2013,37.3,
ESTAT:HLTH_SILC_19(1.0),11/07/23 23:00:00,A,DEG1,Y_GE16,T,PC,HU,2014,35.3,
ESTAT:HLTH_SILC_19(1.0),11/07/23 23:00:00,A,DEG1,Y_GE16,T,PC,HU,2015,37.0,
ESTAT:HLTH_SILC_19(1.0),11/07/23 23:00:00,A,DEG1,Y_GE16,T,PC,HU,2016,36.0,
ESTAT:HLTH_SILC_19(1.0),11/07/23 23:00:00,A,DEG1,Y_GE16,T,PC,HU,2017,38.0,
ESTAT:HLTH_SILC_19(1.0),11/07/23 23:00:00,A,DEG1,Y_GE16,T,PC,HU,2018,38.1,
ESTAT:HLTH_SILC_19(1.0),11/07/23 23:00:00,A,DEG1,Y_GE16,T,PC,HU,2019,39.5,
ESTAT:HLTH_SILC_19(1.0),11/07/23 23:00:00,A,DEG1,Y_GE16,T,PC,HU,2020,39.5,
ESTAT:HLTH_SILC_19(1.0),11/07/23 23:00:00,A,DEG1,Y_GE16,T,PC,HU,2021,37.4,
ESTAT:HLTH_SILC_19(1.0),11/07/23 23:00:00,A,DEG1,Y_GE16,T,PC,HU,2022,39.3,
ESTAT:HLTH_SILC_19(1.0),11/07/23 23:00:00,A,DEG1,Y_GE16,T,PC,IE,2013,28.7,
ESTAT:HLTH_SILC_19(1.0),11/07/23 23:00:00,A,DEG1,Y_GE16,T,PC,IE,2014,27.5,
ESTAT:HLTH_SILC_19(1.0),11/07/23 23:00:00,A,DEG1,Y_GE16,T,PC,IE,2015,27.0,
ESTAT:HLTH_SILC_19(1.0),11/07/23 23:00:00,A,DEG1,Y_GE16,T,PC,IE,2016,27.4,
ESTAT:HLTH_SILC_19(1.0),11/07/23 23:00:00,A,DEG1,Y_GE16,T,PC,IE,2017,28.6,
ESTAT:HLTH_SILC_19(1.0),11/07/23 23:00:00,A,DEG1,Y_GE16,T,PC,IE,2018,23.4,
ESTAT:HLTH_SILC_19(1.0),11/07/23 23:00:00,A,DEG1,Y_GE16,T,PC,IE,2019,28.0,
ESTAT:HLTH_SILC_19(1.0),11/07/23 23:00:00,A,DEG1,Y_GE16,T,PC,IE,2020,27.0,b
ESTAT:HLTH_SILC_19(1.0),11/07/23 23:00:00,A,DEG1,Y_GE16,T,PC,IE,2021,29.9,
ESTAT:HLTH_SILC_19(1.0),11/07/23 23:00:00,A,DEG1,Y_GE16,T,PC,IE,2022,30.2,
ESTAT:HLTH_SILC_19(1.0),11/07/23 23:00:00,A,DEG1,Y_GE16,T,PC,IS,2013,28.1,
ESTAT:HLTH_SILC_19(1.0),11/07/23 23:00:00,A,DEG1,Y_GE16,T,PC,IS,2014,30.4,
ESTAT:HLTH_SILC_19(1.0),11/07/23 23:00:00,A,DEG1,Y_GE16,T,PC,IS,2015,29.4,
ESTAT:HLTH_SILC_19(1.0),11/07/23 23:00:00,A,DEG1,Y_GE16,T,PC,IS,2016,32.0,
ESTAT:HLTH_SILC_19(1.0),11/07/23 23:00:00,A,DEG1,Y_GE16,T,PC,IS,2017,29.7,
ESTAT:HLTH_SILC_19(1.0),11/07/23 23:00:00,A,DEG1,Y_GE16,T,PC,IS,2018,31.8,
ESTAT:HLTH_SILC_19(1.0),11/07/23 23:00:00,A,DEG1,Y_GE16,T,PC,IT,2013,25.4,
ESTAT:HLTH_SILC_19(1.0),11/07/23 23:00:00,A,DEG1,Y_GE16,T,PC,IT,2014,23.8,
ESTAT:HLTH_SILC_19(1.0),11/07/23 23:00:00,A,DEG1,Y_GE16,T,PC,IT,2015,24.4,
ESTAT:HLTH_SILC_19(1.0),11/07/23 23:00:00,A,DEG1,Y_GE16,T,PC,IT,2016,15.0,
ESTAT:HLTH_SILC_19(1.0),11/07/23 23:00:00,A,DEG1,Y_GE16,T,PC,IT,2017,14.0,
ESTAT:HLTH_SILC_19(1.0),11/07/23 23:00:00,A,DEG1,Y_GE16,T,PC,IT,2018,15.3,
ESTAT:HLTH_SILC_19(1.0),11/07/23 23:00:00,A,DEG1,Y_GE16,T,PC,IT,2019,16.3,
ESTAT:HLTH_SILC_19(1.0),11/07/23 23:00:00,A,DEG1,Y_GE16,T,PC,IT,2020,19.2,
ESTAT:HLTH_SILC_19(1.0),11/07/23 23:00:00,A,DEG1,Y_GE16,T,PC,IT,2021,19.7,
ESTAT:HLTH_SILC_19(1.0),11/07/23 23:00:00,A,DEG1,Y_GE16,T,PC,IT,2022,17.3,
ESTAT:HLTH_SILC_19(1.0),11/07/23 23:00:00,A,DEG1,Y_GE16,T,PC,LT,2013,25.7,
ESTAT:HLTH_SILC_19(1.0),11/07/23 23:00:00,A,DEG1,Y_GE16,T,PC,LT,2014,28.8,
ESTAT:HLTH_SILC_19(1.0),11/07/23 23:00:00,A,DEG1,Y_GE16,T,PC,LT,2015,30.3,
ESTAT:HLTH_SILC_19(1.0),11/07/23 23:00:00,A,DEG1,Y_GE16,T,PC,LT,2016,30.0,
ESTAT:HLTH_SILC_19(1.0),11/07/23 23:00:00,A,DEG1,Y_GE16,T,PC,LT,2017,29.2,
ESTAT:HLTH_SILC_19(1.0),11/07/23 23:00:00,A,DEG1,Y_GE16,T,PC,LT,2018,31.4,
ESTAT:HLTH_SILC_19(1.0),11/07/23 23:00:00,A,DEG1,Y_GE16,T,PC,LT,2019,32.3,
ESTAT:HLTH_SILC_19(1.0),11/07/23 23:00:00,A,DEG1,Y_GE16,T,PC,LT,2020,32.4,
ESTAT:HLTH_SILC_19(1.0),11/07/23 23:00:00,A,DEG1,Y_GE16,T,PC,LT,2021,34.4,
ESTAT:HLTH_SILC_19(1.0),11/07/23 23:00:00,A,DEG1,Y_GE16,T,PC,LT,2022,33.1,
ESTAT:HLTH_SILC_19(1.0),11/07/23 23:00:00,A,DEG1,Y_GE16,T,PC,LU,2013,16.8,
ESTAT:HLTH_SILC_19(1.0),11/07/23 23:00:00,A,DEG1,Y_GE16,T,PC,LU,2014,18.5,
ESTAT:HLTH_SILC_19(1.0),11/07/23 23:00:00,A,DEG1,Y_GE16,T,PC,LU,2015,17.3,
ESTAT:HLTH_SILC_19(1.0),11/07/23 23:00:00,A,DEG1,Y_GE16,T,PC,LU,2016,18.3,b
ESTAT:HLTH_SILC_19(1.0),11/07/23 23:00:00,A,DEG1,Y_GE16,T,PC,LU,2017,19.9,
ESTAT:HLTH_SILC_19(1.0),11/07/23 23:00:00,A,DEG1,Y_GE16,T,PC,LU,2018,18.4,
ESTAT:HLTH_SILC_19(1.0),11/07/23 23:00:00,A,DEG1,Y_GE16,T,PC,LU,2019,17.0,
ESTAT:HLTH_SILC_19(1.0),11/07/23 23:00:00,A,DEG1,Y_GE16,T,PC,LU,2020,18.0,b
ESTAT:HLTH_SILC_19(1.0),11/07/23 23:00:00,A,DEG1,Y_GE16,T,PC,LU,2021,20.2,b
ESTAT:HLTH_SILC_19(1.0),11/07/23 23:00:00,A,DEG1,Y_GE16,T,PC,LU,2022,21.0,b
ESTAT:HLTH_SILC_19(1.0),11/07/23 23:00:00,A,DEG1,Y_GE16,T,PC,LV,2013,40.9,
ESTAT:HLTH_SILC_19(1.0),11/07/23 23:00:00,A,DEG1,Y_GE16,T,PC,LV,2014,40.6,
ESTAT:HLTH_SILC_19(1.0),11/07/23 23:00:00,A,DEG1,Y_GE16,T,PC,LV,2015,43.3,
ESTAT:HLTH_SILC_19(1.0),11/07/23 23:00:00,A,DEG1,Y_GE16,T,PC,LV,2016,40.5,
ESTAT:HLTH_SILC_19(1.0),11/07/23 23:00:00,A,DEG1,Y_GE16,T,PC,LV,2017,42.3,
ESTAT:HLTH_SILC_19(1.0),11/07/23 23:00:00,A,DEG1,Y_GE16,T,PC,LV,2018,37.1,
ESTAT:HLTH_SILC_19(1.0),11/07/23 23:00:00,A,DEG1,Y_GE16,T,PC,LV,2019,42.3,
ESTAT:HLTH_SILC_19(1.0),11/07/23 23:00:00,A,DEG1,Y_GE16,T,PC,LV,2020,41.7,
ESTAT:HLTH_SILC_19(1.0),11/07/23 23:00:00,A,DEG1,Y_GE16,T,PC,LV,2021,40.3,
ESTAT:HLTH_SILC_19(1.0),11/07/23 23:00:00,A,DEG1,Y_GE16,T,PC,LV,2022,43.4,
ESTAT:HLTH_SILC_19(1.0),11/07/23 23:00:00,A,DEG1,Y_GE16,T,PC,MK,2016,16.0,
ESTAT:HLTH_SILC_19(1.0),11/07/23 23:00:00,A,DEG1,Y_GE16,T,PC,MK,2017,17.4,
ESTAT:HLTH_SILC_19(1.0),11/07/23 23:00:00,A,DEG1,Y_GE16,T,PC,MK,2018,18.1,
ESTAT:HLTH_SILC_19(1.0),11/07/23 23:00:00,A,DEG1,Y_GE16,T,PC,MK,2019,19.2,
ESTAT:HLTH_SILC_19(1.0),11/07/23 23:00:00,A,DEG1,Y_GE16,T,PC,MK,2020,19.9,
ESTAT:HLTH_SILC_19(1.0),11/07/23 23:00:00,A,DEG1,Y_GE16,T,PC,MT,2013,28.9,
ESTAT:HLTH_SILC_19(1.0),11/07/23 23:00:00,A,DEG1,Y_GE16,T,PC,MT,2014,27.8,
ESTAT:HLTH_SILC_19(1.0),11/07/23 23:00:00,A,DEG1,Y_GE16,T,PC,MT,2015,28.5,
ESTAT:HLTH_SILC_19(1.0),11/07/23 23:00:00,A,DEG1,Y_GE16,T,PC,MT,2016,32.6,
ESTAT:HLTH_SILC_19(1.0),11/07/23 23:00:00,A,DEG1,Y_GE16,T,PC,MT,2017,31.9,
ESTAT:HLTH_SILC_19(1.0),11/07/23 23:00:00,A,DEG1,Y_GE16,T,PC,MT,2018,30.1,
ESTAT:HLTH_SILC_19(1.0),11/07/23 23:00:00,A,DEG1,Y_GE16,T,PC,MT,2019,30.9,
ESTAT:HLTH_SILC_19(1.0),11/07/23 23:00:00,A,DEG1,Y_GE16,T,PC,MT,2020,31.0,
ESTAT:HLTH_SILC_19(1.0),11/07/23 23:00:00,A,DEG1,Y_GE16,T,PC,MT,2021,33.8,
ESTAT:HLTH_SILC_19(1.0),11/07/23 23:00:00,A,DEG1,Y_GE16,T,PC,MT,2022,34.7,
ESTAT:HLTH_SILC_19(1.0),11/07/23 23:00:00,A,DEG1,Y_GE16,T,PC,NL,2013,36.5,
ESTAT:HLTH_SILC_19(1.0),11/07/23 23:00:00,A,DEG1,Y_GE16,T,PC,NL,2014,35.1,
ESTAT:HLTH_SILC_19(1.0),11/07/23 23:00:00,A,DEG1,Y_GE16,T,PC,NL,2015,36.5,
ESTAT:HLTH_SILC_19(1.0),11/07/23 23:00:00,A,DEG1,Y_GE16,T,PC,NL,2016,33.9,b
ESTAT:HLTH_SILC_19(1.0),11/07/23 23:00:00,A,DEG1,Y_GE16,T,PC,NL,2017,33.9,
ESTAT:HLTH_SILC_19(1.0),11/07/23 23:00:00,A,DEG1,Y_GE16,T,PC,NL,2018,32.4,
ESTAT:HLTH_SILC_19(1.0),11/07/23 23:00:00,A,DEG1,Y_GE16,T,PC,NL,2019,32.8,
ESTAT:HLTH_SILC_19(1.0),11/07/23 23:00:00,A,DEG1,Y_GE16,T,PC,NL,2020,32.1,
ESTAT:HLTH_SILC_19(1.0),11/07/23 23:00:00,A,DEG1,Y_GE16,T,PC,NL,2021,32.3,
ESTAT:HLTH_SILC_19(1.0),11/07/23 23:00:00,A,DEG1,Y_GE16,T,PC,NL,2022,36.6,
ESTAT:HLTH_SILC_19(1.0),11/07/23 23:00:00,A,DEG1,Y_GE16,T,PC,NO,2013,33.3,
ESTAT:HLTH_SILC_19(1.0),11/07/23 23:00:00,A,DEG1,Y_GE16,T,PC,NO,2014,35.2,
ESTAT:HLTH_SILC_19(1.0),11/07/23 23:00:00,A,DEG1,Y_GE16,T,PC,NO,2015,29.3,
ESTAT:HLTH_SILC_19(1.0),11/07/23 23:00:00,A,DEG1,Y_GE16,T,PC,NO,2016,32.2,
ESTAT:HLTH_SILC_19(1.0),11/07/23 23:00:00,A,DEG1,Y_GE16,T,PC,NO,2017,31.7,
ESTAT:HLTH_SILC_19(1.0),11/07/23 23:00:00,A,DEG1,Y_GE16,T,PC,NO,2018,34.2,
ESTAT:HLTH_SILC_19(1.0),11/07/23 23:00:00,A,DEG1,Y_GE16,T,PC,NO,2019,37.6,
ESTAT:HLTH_SILC_19(1.0),11/07/23 23:00:00,A,DEG1,Y_GE16,T,PC,NO,2020,39.6,
ESTAT:HLTH_SILC_19(1.0),11/07/23 23:00:00,A,DEG1,Y_GE16,T,PC,PL,2013,38.0,
ESTAT:HLTH_SILC_19(1.0),11/07/23 23:00:00,A,DEG1,Y_GE16,T,PC,PL,2014,37.8,
ESTAT:HLTH_SILC_19(1.0),11/07/23 23:00:00,A,DEG1,Y_GE16,T,PC,PL,2015,39.3,
ESTAT:HLTH_SILC_19(1.0),11/07/23 23:00:00,A,DEG1,Y_GE16,T,PC,PL,2016,38.9,
ESTAT:HLTH_SILC_19(1.0),11/07/23 23:00:00,A,DEG1,Y_GE16,T,PC,PL,2017,40.9,
ESTAT:HLTH_SILC_19(1.0),11/07/23 23:00:00,A,DEG1,Y_GE16,T,PC,PL,2018,40.6,
ESTAT:HLTH_SILC_19(1.0),11/07/23 23:00:00,A,DEG1,Y_GE16,T,PC,PL,2019,41.1,
ESTAT:HLTH_SILC_19(1.0),11/07/23 23:00:00,A,DEG1,Y_GE16,T,PC,PL,2020,41.1,
ESTAT:HLTH_SILC_19(1.0),11/07/23 23:00:00,A,DEG1,Y_GE16,T,PC,PL,2021,37.5,
ESTAT:HLTH_SILC_19(1.0),11/07/23 23:00:00,A,DEG1,Y_GE16,T,PC,PL,2022,40.3,
ESTAT:HLTH_SILC_19(1.0),11/07/23 23:00:00,A,DEG1,Y_GE16,T,PC,PT,2013,38.2,
ESTAT:HLTH_SILC_19(1.0),11/07/23 23:00:00,A,DEG1,Y_GE16,T,PC,PT,2014,39.7,
ESTAT:HLTH_SILC_19(1.0),11/07/23 23:00:00,A,DEG1,Y_GE16,T,PC,PT,2015,42.0,
ESTAT:HLTH_SILC_19(1.0),11/07/23 23:00:00,A,DEG1,Y_GE16,T,PC,PT,2016,41.4,
ESTAT:HLTH_SILC_19(1.0),11/07/23 23:00:00,A,DEG1,Y_GE16,T,PC,PT,2017,43.1,
ESTAT:HLTH_SILC_19(1.0),11/07/23 23:00:00,A,DEG1,Y_GE16,T,PC,PT,2018,41.0,
ESTAT:HLTH_SILC_19(1.0),11/07/23 23:00:00,A,DEG1,Y_GE16,T,PC,PT,2019,40.3,
ESTAT:HLTH_SILC_19(1.0),11/07/23 23:00:00,A,DEG1,Y_GE16,T,PC,PT,2020,41.2,
ESTAT:HLTH_SILC_19(1.0),11/07/23 23:00:00,A,DEG1,Y_GE16,T,PC,PT,2021,43.3,
ESTAT:HLTH_SILC_19(1.0),11/07/23 23:00:00,A,DEG1,Y_GE16,T,PC,PT,2022,43.5,
ESTAT:HLTH_SILC_19(1.0),11/07/23 23:00:00,A,DEG1,Y_GE16,T,PC,RO,2013,20.4,
ESTAT:HLTH_SILC_19(1.0),11/07/23 23:00:00,A,DEG1,Y_GE16,T,PC,RO,2014,18.7,
ESTAT:HLTH_SILC_19(1.0),11/07/23 23:00:00,A,DEG1,Y_GE16,T,PC,RO,2015,19.6,
ESTAT:HLTH_SILC_19(1.0),11/07/23 23:00:00,A,DEG1,Y_GE16,T,PC,RO,2016,20.2,
ESTAT:HLTH_SILC_19(1.0),11/07/23 23:00:00,A,DEG1,Y_GE16,T,PC,RO,2017,20.4,
ESTAT:HLTH_SILC_19(1.0),11/07/23 23:00:00,A,DEG1,Y_GE16,T,PC,RO,2018,19.1,
ESTAT:HLTH_SILC_19(1.0),11/07/23 23:00:00,A,DEG1,Y_GE16,T,PC,RO,2019,18.0,
ESTAT:HLTH_SILC_19(1.0),11/07/23 23:00:00,A,DEG1,Y_GE16,T,PC,RO,2020,19.3,
ESTAT:HLTH_SILC_19(1.0),11/07/23 23:00:00,A,DEG1,Y_GE16,T,PC,RO,2021,19.3,
ESTAT:HLTH_SILC_19(1.0),11/07/23 23:00:00,A,DEG1,Y_GE16,T,PC,RO,2022,19.7,
ESTAT:HLTH_SILC_19(1.0),11/07/23 23:00:00,A,DEG1,Y_GE16,T,PC,RS,2013,30.2,u
ESTAT:HLTH_SILC_19(1.0),11/07/23 23:00:00,A,DEG1,Y_GE16,T,PC,RS,2014,29.3,
ESTAT:HLTH_SILC_19(1.0),11/07/23 23:00:00,A,DEG1,Y_GE16,T,PC,RS,2015,30.2,
ESTAT:HLTH_SILC_19(1.0),11/07/23 23:00:00,A,DEG1,Y_GE16,T,PC,RS,2016,30.6,
ESTAT:HLTH_SILC_19(1.0),11/07/23 23:00:00,A,DEG1,Y_GE16,T,PC,RS,2017,34.1,
ESTAT:HLTH_SILC_19(1.0),11/07/23 23:00:00,A,DEG1,Y_GE16,T,PC,RS,2018,33.2,
ESTAT:HLTH_SILC_19(1.0),11/07/23 23:00:00,A,DEG1,Y_GE16,T,PC,RS,2019,31.9,
ESTAT:HLTH_SILC_19(1.0),11/07/23 23:00:00,A,DEG1,Y_GE16,T,PC,RS,2020,30.2,
ESTAT:HLTH_SILC_19(1.0),11/07/23 23:00:00,A,DEG1,Y_GE16,T,PC,RS,2021,32.9,
ESTAT:HLTH_SILC_19(1.0),11/07/23 23:00:00,A,DEG1,Y_GE16,T,PC,SE,2013,33.1,
ESTAT:HLTH_SILC_19(1.0),11/07/23 23:00:00,A,DEG1,Y_GE16,T,PC,SE,2014,33.3,
ESTAT:HLTH_SILC_19(1.0),11/07/23 23:00:00,A,DEG1,Y_GE16,T,PC,SE,2015,32.5,
ESTAT:HLTH_SILC_19(1.0),11/07/23 23:00:00,A,DEG1,Y_GE16,T,PC,SE,2016,36.9,
ESTAT:HLTH_SILC_19(1.0),11/07/23 23:00:00,A,DEG1,Y_GE16,T,PC,SE,2017,33.4,
ESTAT:HLTH_SILC_19(1.0),11/07/23 23:00:00,A,DEG1,Y_GE16,T,PC,SE,2018,32.3,
ESTAT:HLTH_SILC_19(1.0),11/07/23 23:00:00,A,DEG1,Y_GE16,T,PC,SE,2019,34.7,
ESTAT:HLTH_SILC_19(1.0),11/07/23 23:00:00,A,DEG1,Y_GE16,T,PC,SE,2020,34.2,
ESTAT:HLTH_SILC_19(1.0),11/07/23 23:00:00,A,DEG1,Y_GE16,T,PC,SE,2021,37.9,
ESTAT:HLTH_SILC_19(1.0),11/07/23 23:00:00,A,DEG1,Y_GE16,T,PC,SE,2022,38.8,
ESTAT:HLTH_SILC_19(1.0),11/07/23 23:00:00,A,DEG1,Y_GE16,T,PC,SI,2013,33.2,
ESTAT:HLTH_SILC_19(1.0),11/07/23 23:00:00,A,DEG1,Y_GE16,T,PC,SI,2014,31.6,
ESTAT:HLTH_SILC_19(1.0),11/07/23 23:00:00,A,DEG1,Y_GE16,T,PC,SI,2015,34.3,
ESTAT:HLTH_SILC_19(1.0),11/07/23 23:00:00,A,DEG1,Y_GE16,T,PC,SI,2016,37.0,
ESTAT:HLTH_SILC_19(1.0),11/07/23 23:00:00,A,DEG1,Y_GE16,T,PC,SI,2017,41.4,
ESTAT:HLTH_SILC_19(1.0),11/07/23 23:00:00,A,DEG1,Y_GE16,T,PC,SI,2018,39.3,
ESTAT:HLTH_SILC_19(1.0),11/07/23 23:00:00,A,DEG1,Y_GE16,T,PC,SI,2019,35.9,
ESTAT:HLTH_SILC_19(1.0),11/07/23 23:00:00,A,DEG1,Y_GE16,T,PC,SI,2020,34.2,
ESTAT:HLTH_SILC_19(1.0),11/07/23 23:00:00,A,DEG1,Y_GE16,T,PC,SI,2021,30.5,
ESTAT:HLTH_SILC_19(1.0),11/07/23 23:00:00,A,DEG1,Y_GE16,T,PC,SI,2022,37.4,
ESTAT:HLTH_SILC_19(1.0),11/07/23 23:00:00,A,DEG1,Y_GE16,T,PC,SK,2013,28.9,
ESTAT:HLTH_SILC_19(1.0),11/07/23 23:00:00,A,DEG1,Y_GE16,T,PC,SK,2014,28.5,
ESTAT:HLTH_SILC_19(1.0),11/07/23 23:00:00,A,DEG1,Y_GE16,T,PC,SK,2015,29.9,
ESTAT:HLTH_SILC_19(1.0),11/07/23 23:00:00,A,DEG1,Y_GE16,T,PC,SK,2016,27.5,
ESTAT:HLTH_SILC_19(1.0),11/07/23 23:00:00,A,DEG1,Y_GE16,T,PC,SK,2017,31.0,
ESTAT:HLTH_SILC_19(1.0),11/07/23 23:00:00,A,DEG1,Y_GE16,T,PC,SK,2018,28.6,
ESTAT:HLTH_SILC_19(1.0),11/07/23 23:00:00,A,DEG1,Y_GE16,T,PC,SK,2019,31.3,
ESTAT:HLTH_SILC_19(1.0),11/07/23 23:00:00,A,DEG1,Y_GE16,T,PC,SK,2020,32.4,
ESTAT:HLTH_SILC_19(1.0),11/07/23 23:00:00,A,DEG1,Y_GE16,T,PC,SK,2021,32.3,
ESTAT:HLTH_SILC_19(1.0),11/07/23 23:00:00,A,DEG1,Y_GE16,T,PC,SK,2022,34.5,
ESTAT:HLTH_SILC_19(1.0),11/07/23 23:00:00,A,DEG1,Y_GE16,T,PC,UK,2013,31.1,
ESTAT:HLTH_SILC_19(1.0),11/07/23 23:00:00,A,DEG1,Y_GE16,T,PC,UK,2014,33.0,
ESTAT:HLTH_SILC_19(1.0),11/07/23 23:00:00,A,DEG1,Y_GE16,T,PC,UK,2015,33.3,
ESTAT:HLTH_SILC_19(1.0),11/07/23 23:00:00,A,DEG1,Y_GE16,T,PC,UK,2016,34.0,
ESTAT:HLTH_SILC_19(1.0),11/07/23 23:00:00,A,DEG1,Y_GE16,T,PC,UK,2017,39.3,b
ESTAT:HLTH_SILC_19(1.0),11/07/23 23:00:00,A,DEG1,Y_GE16,T,PC,UK,2018,39.7,
