DATAFLOW,LAST UPDATE,freq,age,incgrp,sex,unit,geo,TIME_PERIOD,OBS_VALUE,OBS_FLAG
ESTAT:SDG_11_11(1.0),09/09/22 11:00:00,A,TOTAL,TOTAL,T,PC,AL,2017,22.4,
ESTAT:SDG_11_11(1.0),09/09/22 11:00:00,A,TOTAL,TOTAL,T,PC,AL,2018,24.0,
ESTAT:SDG_11_11(1.0),09/09/22 11:00:00,A,TOTAL,TOTAL,T,PC,AL,2019,21.0,
ESTAT:SDG_11_11(1.0),09/09/22 11:00:00,A,TOTAL,TOTAL,T,PC,AL,2020,15.3,
ESTAT:SDG_11_11(1.0),09/09/22 11:00:00,A,TOTAL,TOTAL,T,PC,AT,2003,1.6,
ESTAT:SDG_11_11(1.0),09/09/22 11:00:00,A,TOTAL,TOTAL,T,PC,AT,2004,3.8,
ESTAT:SDG_11_11(1.0),09/09/22 11:00:00,A,TOTAL,TOTAL,T,PC,AT,2005,3.7,
ESTAT:SDG_11_11(1.0),09/09/22 11:00:00,A,TOTAL,TOTAL,T,PC,AT,2006,3.9,
ESTAT:SDG_11_11(1.0),09/09/22 11:00:00,A,TOTAL,TOTAL,T,PC,AT,2007,3.8,
ESTAT:SDG_11_11(1.0),09/09/22 11:00:00,A,TOTAL,TOTAL,T,PC,AT,2008,4.6,b
ESTAT:SDG_11_11(1.0),09/09/22 11:00:00,A,TOTAL,TOTAL,T,PC,AT,2009,4.1,
ESTAT:SDG_11_11(1.0),09/09/22 11:00:00,A,TOTAL,TOTAL,T,PC,AT,2010,4.0,
ESTAT:SDG_11_11(1.0),09/09/22 11:00:00,A,TOTAL,TOTAL,T,PC,AT,2011,3.8,
ESTAT:SDG_11_11(1.0),09/09/22 11:00:00,A,TOTAL,TOTAL,T,PC,AT,2012,3.8,
ESTAT:SDG_11_11(1.0),09/09/22 11:00:00,A,TOTAL,TOTAL,T,PC,AT,2013,3.9,
ESTAT:SDG_11_11(1.0),09/09/22 11:00:00,A,TOTAL,TOTAL,T,PC,AT,2014,3.7,
ESTAT:SDG_11_11(1.0),09/09/22 11:00:00,A,TOTAL,TOTAL,T,PC,AT,2015,4.3,
ESTAT:SDG_11_11(1.0),09/09/22 11:00:00,A,TOTAL,TOTAL,T,PC,AT,2016,4.2,
ESTAT:SDG_11_11(1.0),09/09/22 11:00:00,A,TOTAL,TOTAL,T,PC,AT,2017,4.4,
ESTAT:SDG_11_11(1.0),09/09/22 11:00:00,A,TOTAL,TOTAL,T,PC,AT,2018,3.2,
ESTAT:SDG_11_11(1.0),09/09/22 11:00:00,A,TOTAL,TOTAL,T,PC,AT,2019,3.0,
ESTAT:SDG_11_11(1.0),09/09/22 11:00:00,A,TOTAL,TOTAL,T,PC,AT,2020,3.0,
ESTAT:SDG_11_11(1.0),09/09/22 11:00:00,A,TOTAL,TOTAL,T,PC,BE,2003,2.4,
ESTAT:SDG_11_11(1.0),09/09/22 11:00:00,A,TOTAL,TOTAL,T,PC,BE,2004,1.2,
ESTAT:SDG_11_11(1.0),09/09/22 11:00:00,A,TOTAL,TOTAL,T,PC,BE,2005,1.7,
ESTAT:SDG_11_11(1.0),09/09/22 11:00:00,A,TOTAL,TOTAL,T,PC,BE,2006,1.1,
ESTAT:SDG_11_11(1.0),09/09/22 11:00:00,A,TOTAL,TOTAL,T,PC,BE,2007,1.2,
ESTAT:SDG_11_11(1.0),09/09/22 11:00:00,A,TOTAL,TOTAL,T,PC,BE,2008,1.1,
ESTAT:SDG_11_11(1.0),09/09/22 11:00:00,A,TOTAL,TOTAL,T,PC,BE,2009,1.3,
ESTAT:SDG_11_11(1.0),09/09/22 11:00:00,A,TOTAL,TOTAL,T,PC,BE,2010,1.9,
ESTAT:SDG_11_11(1.0),09/09/22 11:00:00,A,TOTAL,TOTAL,T,PC,BE,2011,1.0,
ESTAT:SDG_11_11(1.0),09/09/22 11:00:00,A,TOTAL,TOTAL,T,PC,BE,2012,0.6,
ESTAT:SDG_11_11(1.0),09/09/22 11:00:00,A,TOTAL,TOTAL,T,PC,BE,2013,0.9,
ESTAT:SDG_11_11(1.0),09/09/22 11:00:00,A,TOTAL,TOTAL,T,PC,BE,2014,0.9,
ESTAT:SDG_11_11(1.0),09/09/22 11:00:00,A,TOTAL,TOTAL,T,PC,BE,2015,0.9,
ESTAT:SDG_11_11(1.0),09/09/22 11:00:00,A,TOTAL,TOTAL,T,PC,BE,2016,1.7,b
ESTAT:SDG_11_11(1.0),09/09/22 11:00:00,A,TOTAL,TOTAL,T,PC,BE,2017,2.3,
ESTAT:SDG_11_11(1.0),09/09/22 11:00:00,A,TOTAL,TOTAL,T,PC,BE,2018,2.2,
ESTAT:SDG_11_11(1.0),09/09/22 11:00:00,A,TOTAL,TOTAL,T,PC,BE,2019,1.9,b
ESTAT:SDG_11_11(1.0),09/09/22 11:00:00,A,TOTAL,TOTAL,T,PC,BE,2020,2.3,
ESTAT:SDG_11_11(1.0),09/09/22 11:00:00,A,TOTAL,TOTAL,T,PC,BG,2006,22.8,
ESTAT:SDG_11_11(1.0),09/09/22 11:00:00,A,TOTAL,TOTAL,T,PC,BG,2007,18.2,
ESTAT:SDG_11_11(1.0),09/09/22 11:00:00,A,TOTAL,TOTAL,T,PC,BG,2008,23.5,b
ESTAT:SDG_11_11(1.0),09/09/22 11:00:00,A,TOTAL,TOTAL,T,PC,BG,2009,18.8,
ESTAT:SDG_11_11(1.0),09/09/22 11:00:00,A,TOTAL,TOTAL,T,PC,BG,2010,14.7,
ESTAT:SDG_11_11(1.0),09/09/22 11:00:00,A,TOTAL,TOTAL,T,PC,BG,2011,14.3,
ESTAT:SDG_11_11(1.0),09/09/22 11:00:00,A,TOTAL,TOTAL,T,PC,BG,2012,12.9,
ESTAT:SDG_11_11(1.0),09/09/22 11:00:00,A,TOTAL,TOTAL,T,PC,BG,2013,13.0,
ESTAT:SDG_11_11(1.0),09/09/22 11:00:00,A,TOTAL,TOTAL,T,PC,BG,2014,12.9,b
ESTAT:SDG_11_11(1.0),09/09/22 11:00:00,A,TOTAL,TOTAL,T,PC,BG,2015,11.4,
ESTAT:SDG_11_11(1.0),09/09/22 11:00:00,A,TOTAL,TOTAL,T,PC,BG,2016,11.6,b
ESTAT:SDG_11_11(1.0),09/09/22 11:00:00,A,TOTAL,TOTAL,T,PC,BG,2017,10.6,
ESTAT:SDG_11_11(1.0),09/09/22 11:00:00,A,TOTAL,TOTAL,T,PC,BG,2018,10.1,
ESTAT:SDG_11_11(1.0),09/09/22 11:00:00,A,TOTAL,TOTAL,T,PC,BG,2019,8.9,
ESTAT:SDG_11_11(1.0),09/09/22 11:00:00,A,TOTAL,TOTAL,T,PC,BG,2020,8.6,
ESTAT:SDG_11_11(1.0),09/09/22 11:00:00,A,TOTAL,TOTAL,T,PC,CH,2007,2.2,
ESTAT:SDG_11_11(1.0),09/09/22 11:00:00,A,TOTAL,TOTAL,T,PC,CH,2008,1.1,
ESTAT:SDG_11_11(1.0),09/09/22 11:00:00,A,TOTAL,TOTAL,T,PC,CH,2009,1.5,
ESTAT:SDG_11_11(1.0),09/09/22 11:00:00,A,TOTAL,TOTAL,T,PC,CH,2010,1.2,
ESTAT:SDG_11_11(1.0),09/09/22 11:00:00,A,TOTAL,TOTAL,T,PC,CH,2011,1.4,
ESTAT:SDG_11_11(1.0),09/09/22 11:00:00,A,TOTAL,TOTAL,T,PC,CH,2012,1.8,
ESTAT:SDG_11_11(1.0),09/09/22 11:00:00,A,TOTAL,TOTAL,T,PC,CH,2013,2.0,
ESTAT:SDG_11_11(1.0),09/09/22 11:00:00,A,TOTAL,TOTAL,T,PC,CH,2014,1.4,b
ESTAT:SDG_11_11(1.0),09/09/22 11:00:00,A,TOTAL,TOTAL,T,PC,CH,2015,1.7,
ESTAT:SDG_11_11(1.0),09/09/22 11:00:00,A,TOTAL,TOTAL,T,PC,CH,2016,2.3,
ESTAT:SDG_11_11(1.0),09/09/22 11:00:00,A,TOTAL,TOTAL,T,PC,CH,2017,2.2,
ESTAT:SDG_11_11(1.0),09/09/22 11:00:00,A,TOTAL,TOTAL,T,PC,CH,2018,2.3,
ESTAT:SDG_11_11(1.0),09/09/22 11:00:00,A,TOTAL,TOTAL,T,PC,CH,2019,1.6,
ESTAT:SDG_11_11(1.0),09/09/22 11:00:00,A,TOTAL,TOTAL,T,PC,CH,2020,1.8,
ESTAT:SDG_11_11(1.0),09/09/22 11:00:00,A,TOTAL,TOTAL,T,PC,CY,2005,1.6,
ESTAT:SDG_11_11(1.0),09/09/22 11:00:00,A,TOTAL,TOTAL,T,PC,CY,2006,1.3,
ESTAT:SDG_11_11(1.0),09/09/22 11:00:00,A,TOTAL,TOTAL,T,PC,CY,2007,0.8,
ESTAT:SDG_11_11(1.0),09/09/22 11:00:00,A,TOTAL,TOTAL,T,PC,CY,2008,1.6,b
ESTAT:SDG_11_11(1.0),09/09/22 11:00:00,A,TOTAL,TOTAL,T,PC,CY,2009,1.1,
ESTAT:SDG_11_11(1.0),09/09/22 11:00:00,A,TOTAL,TOTAL,T,PC,CY,2010,1.6,
ESTAT:SDG_11_11(1.0),09/09/22 11:00:00,A,TOTAL,TOTAL,T,PC,CY,2011,1.6,
ESTAT:SDG_11_11(1.0),09/09/22 11:00:00,A,TOTAL,TOTAL,T,PC,CY,2012,1.2,
ESTAT:SDG_11_11(1.0),09/09/22 11:00:00,A,TOTAL,TOTAL,T,PC,CY,2013,1.4,
ESTAT:SDG_11_11(1.0),09/09/22 11:00:00,A,TOTAL,TOTAL,T,PC,CY,2014,1.5,
ESTAT:SDG_11_11(1.0),09/09/22 11:00:00,A,TOTAL,TOTAL,T,PC,CY,2015,0.5,
ESTAT:SDG_11_11(1.0),09/09/22 11:00:00,A,TOTAL,TOTAL,T,PC,CY,2016,1.3,
ESTAT:SDG_11_11(1.0),09/09/22 11:00:00,A,TOTAL,TOTAL,T,PC,CY,2017,0.9,
ESTAT:SDG_11_11(1.0),09/09/22 11:00:00,A,TOTAL,TOTAL,T,PC,CY,2018,1.1,
ESTAT:SDG_11_11(1.0),09/09/22 11:00:00,A,TOTAL,TOTAL,T,PC,CY,2019,1.3,
ESTAT:SDG_11_11(1.0),09/09/22 11:00:00,A,TOTAL,TOTAL,T,PC,CY,2020,1.6,
ESTAT:SDG_11_11(1.0),09/09/22 11:00:00,A,TOTAL,TOTAL,T,PC,CZ,2005,9.8,
ESTAT:SDG_11_11(1.0),09/09/22 11:00:00,A,TOTAL,TOTAL,T,PC,CZ,2006,10.7,
ESTAT:SDG_11_11(1.0),09/09/22 11:00:00,A,TOTAL,TOTAL,T,PC,CZ,2007,8.1,
ESTAT:SDG_11_11(1.0),09/09/22 11:00:00,A,TOTAL,TOTAL,T,PC,CZ,2008,6.5,
ESTAT:SDG_11_11(1.0),09/09/22 11:00:00,A,TOTAL,TOTAL,T,PC,CZ,2009,6.2,
ESTAT:SDG_11_11(1.0),09/09/22 11:00:00,A,TOTAL,TOTAL,T,PC,CZ,2010,4.5,
ESTAT:SDG_11_11(1.0),09/09/22 11:00:00,A,TOTAL,TOTAL,T,PC,CZ,2011,4.8,
ESTAT:SDG_11_11(1.0),09/09/22 11:00:00,A,TOTAL,TOTAL,T,PC,CZ,2012,3.9,
ESTAT:SDG_11_11(1.0),09/09/22 11:00:00,A,TOTAL,TOTAL,T,PC,CZ,2013,4.0,
ESTAT:SDG_11_11(1.0),09/09/22 11:00:00,A,TOTAL,TOTAL,T,PC,CZ,2014,3.5,
ESTAT:SDG_11_11(1.0),09/09/22 11:00:00,A,TOTAL,TOTAL,T,PC,CZ,2015,3.3,
ESTAT:SDG_11_11(1.0),09/09/22 11:00:00,A,TOTAL,TOTAL,T,PC,CZ,2016,3.0,
ESTAT:SDG_11_11(1.0),09/09/22 11:00:00,A,TOTAL,TOTAL,T,PC,CZ,2017,2.1,
ESTAT:SDG_11_11(1.0),09/09/22 11:00:00,A,TOTAL,TOTAL,T,PC,CZ,2018,2.3,
ESTAT:SDG_11_11(1.0),09/09/22 11:00:00,A,TOTAL,TOTAL,T,PC,CZ,2019,1.9,
ESTAT:SDG_11_11(1.0),09/09/22 11:00:00,A,TOTAL,TOTAL,T,PC,CZ,2020,2.0,
ESTAT:SDG_11_11(1.0),09/09/22 11:00:00,A,TOTAL,TOTAL,T,PC,DE,2005,1.8,
ESTAT:SDG_11_11(1.0),09/09/22 11:00:00,A,TOTAL,TOTAL,T,PC,DE,2006,2.5,
ESTAT:SDG_11_11(1.0),09/09/22 11:00:00,A,TOTAL,TOTAL,T,PC,DE,2007,1.8,
ESTAT:SDG_11_11(1.0),09/09/22 11:00:00,A,TOTAL,TOTAL,T,PC,DE,2008,2.0,
ESTAT:SDG_11_11(1.0),09/09/22 11:00:00,A,TOTAL,TOTAL,T,PC,DE,2009,2.1,
ESTAT:SDG_11_11(1.0),09/09/22 11:00:00,A,TOTAL,TOTAL,T,PC,DE,2010,2.1,
ESTAT:SDG_11_11(1.0),09/09/22 11:00:00,A,TOTAL,TOTAL,T,PC,DE,2011,2.1,
ESTAT:SDG_11_11(1.0),09/09/22 11:00:00,A,TOTAL,TOTAL,T,PC,DE,2012,1.9,
ESTAT:SDG_11_11(1.0),09/09/22 11:00:00,A,TOTAL,TOTAL,T,PC,DE,2013,1.6,
ESTAT:SDG_11_11(1.0),09/09/22 11:00:00,A,TOTAL,TOTAL,T,PC,DE,2014,1.9,
ESTAT:SDG_11_11(1.0),09/09/22 11:00:00,A,TOTAL,TOTAL,T,PC,DE,2015,1.8,
ESTAT:SDG_11_11(1.0),09/09/22 11:00:00,A,TOTAL,TOTAL,T,PC,DE,2016,1.9,
ESTAT:SDG_11_11(1.0),09/09/22 11:00:00,A,TOTAL,TOTAL,T,PC,DE,2017,1.8,
ESTAT:SDG_11_11(1.0),09/09/22 11:00:00,A,TOTAL,TOTAL,T,PC,DE,2018,2.3,
ESTAT:SDG_11_11(1.0),09/09/22 11:00:00,A,TOTAL,TOTAL,T,PC,DE,2019,2.1,
ESTAT:SDG_11_11(1.0),09/09/22 11:00:00,A,TOTAL,TOTAL,T,PC,DE,2020,1.2,b
ESTAT:SDG_11_11(1.0),09/09/22 11:00:00,A,TOTAL,TOTAL,T,PC,DK,2003,2.4,
ESTAT:SDG_11_11(1.0),09/09/22 11:00:00,A,TOTAL,TOTAL,T,PC,DK,2004,1.8,
ESTAT:SDG_11_11(1.0),09/09/22 11:00:00,A,TOTAL,TOTAL,T,PC,DK,2005,1.2,
ESTAT:SDG_11_11(1.0),09/09/22 11:00:00,A,TOTAL,TOTAL,T,PC,DK,2006,1.3,
ESTAT:SDG_11_11(1.0),09/09/22 11:00:00,A,TOTAL,TOTAL,T,PC,DK,2007,1.7,
ESTAT:SDG_11_11(1.0),09/09/22 11:00:00,A,TOTAL,TOTAL,T,PC,DK,2008,1.1,
ESTAT:SDG_11_11(1.0),09/09/22 11:00:00,A,TOTAL,TOTAL,T,PC,DK,2009,1.3,
ESTAT:SDG_11_11(1.0),09/09/22 11:00:00,A,TOTAL,TOTAL,T,PC,DK,2010,1.3,
ESTAT:SDG_11_11(1.0),09/09/22 11:00:00,A,TOTAL,TOTAL,T,PC,DK,2011,2.6,b
ESTAT:SDG_11_11(1.0),09/09/22 11:00:00,A,TOTAL,TOTAL,T,PC,DK,2012,2.3,
ESTAT:SDG_11_11(1.0),09/09/22 11:00:00,A,TOTAL,TOTAL,T,PC,DK,2013,2.3,
ESTAT:SDG_11_11(1.0),09/09/22 11:00:00,A,TOTAL,TOTAL,T,PC,DK,2014,2.3,
ESTAT:SDG_11_11(1.0),09/09/22 11:00:00,A,TOTAL,TOTAL,T,PC,DK,2015,2.8,
ESTAT:SDG_11_11(1.0),09/09/22 11:00:00,A,TOTAL,TOTAL,T,PC,DK,2016,1.7,
ESTAT:SDG_11_11(1.0),09/09/22 11:00:00,A,TOTAL,TOTAL,T,PC,DK,2017,2.7,
ESTAT:SDG_11_11(1.0),09/09/22 11:00:00,A,TOTAL,TOTAL,T,PC,DK,2018,3.2,
ESTAT:SDG_11_11(1.0),09/09/22 11:00:00,A,TOTAL,TOTAL,T,PC,DK,2019,2.8,
ESTAT:SDG_11_11(1.0),09/09/22 11:00:00,A,TOTAL,TOTAL,T,PC,DK,2020,2.8,
ESTAT:SDG_11_11(1.0),09/09/22 11:00:00,A,TOTAL,TOTAL,T,PC,EA18,2005,4.1,
ESTAT:SDG_11_11(1.0),09/09/22 11:00:00,A,TOTAL,TOTAL,T,PC,EA18,2006,4.1,
ESTAT:SDG_11_11(1.0),09/09/22 11:00:00,A,TOTAL,TOTAL,T,PC,EA18,2007,3.9,
ESTAT:SDG_11_11(1.0),09/09/22 11:00:00,A,TOTAL,TOTAL,T,PC,EA18,2008,3.8,
ESTAT:SDG_11_11(1.0),09/09/22 11:00:00,A,TOTAL,TOTAL,T,PC,EA18,2009,3.6,
ESTAT:SDG_11_11(1.0),09/09/22 11:00:00,A,TOTAL,TOTAL,T,PC,EA18,2010,3.6,
ESTAT:SDG_11_11(1.0),09/09/22 11:00:00,A,TOTAL,TOTAL,T,PC,EA18,2011,3.6,
ESTAT:SDG_11_11(1.0),09/09/22 11:00:00,A,TOTAL,TOTAL,T,PC,EA18,2012,3.5,
ESTAT:SDG_11_11(1.0),09/09/22 11:00:00,A,TOTAL,TOTAL,T,PC,EA18,2013,3.5,
ESTAT:SDG_11_11(1.0),09/09/22 11:00:00,A,TOTAL,TOTAL,T,PC,EA18,2014,3.7,
ESTAT:SDG_11_11(1.0),09/09/22 11:00:00,A,TOTAL,TOTAL,T,PC,EA18,2015,3.7,
ESTAT:SDG_11_11(1.0),09/09/22 11:00:00,A,TOTAL,TOTAL,T,PC,EA18,2016,3.4,
ESTAT:SDG_11_11(1.0),09/09/22 11:00:00,A,TOTAL,TOTAL,T,PC,EA18,2017,2.8,
ESTAT:SDG_11_11(1.0),09/09/22 11:00:00,A,TOTAL,TOTAL,T,PC,EA18,2018,3.0,
ESTAT:SDG_11_11(1.0),09/09/22 11:00:00,A,TOTAL,TOTAL,T,PC,EA18,2019,2.8,
ESTAT:SDG_11_11(1.0),09/09/22 11:00:00,A,TOTAL,TOTAL,T,PC,EA18,2020,3.3,
ESTAT:SDG_11_11(1.0),09/09/22 11:00:00,A,TOTAL,TOTAL,T,PC,EA19,2005,4.4,
ESTAT:SDG_11_11(1.0),09/09/22 11:00:00,A,TOTAL,TOTAL,T,PC,EA19,2006,4.4,
ESTAT:SDG_11_11(1.0),09/09/22 11:00:00,A,TOTAL,TOTAL,T,PC,EA19,2007,4.1,
ESTAT:SDG_11_11(1.0),09/09/22 11:00:00,A,TOTAL,TOTAL,T,PC,EA19,2008,3.9,
ESTAT:SDG_11_11(1.0),09/09/22 11:00:00,A,TOTAL,TOTAL,T,PC,EA19,2009,3.7,
ESTAT:SDG_11_11(1.0),09/09/22 11:00:00,A,TOTAL,TOTAL,T,PC,EA19,2010,3.7,
ESTAT:SDG_11_11(1.0),09/09/22 11:00:00,A,TOTAL,TOTAL,T,PC,EA19,2011,3.7,
ESTAT:SDG_11_11(1.0),09/09/22 11:00:00,A,TOTAL,TOTAL,T,PC,EA19,2012,3.5,
ESTAT:SDG_11_11(1.0),09/09/22 11:00:00,A,TOTAL,TOTAL,T,PC,EA19,2013,3.6,
ESTAT:SDG_11_11(1.0),09/09/22 11:00:00,A,TOTAL,TOTAL,T,PC,EA19,2014,3.7,
ESTAT:SDG_11_11(1.0),09/09/22 11:00:00,A,TOTAL,TOTAL,T,PC,EA19,2015,3.7,
ESTAT:SDG_11_11(1.0),09/09/22 11:00:00,A,TOTAL,TOTAL,T,PC,EA19,2016,3.5,
ESTAT:SDG_11_11(1.0),09/09/22 11:00:00,A,TOTAL,TOTAL,T,PC,EA19,2017,2.8,
ESTAT:SDG_11_11(1.0),09/09/22 11:00:00,A,TOTAL,TOTAL,T,PC,EA19,2018,3.0,
ESTAT:SDG_11_11(1.0),09/09/22 11:00:00,A,TOTAL,TOTAL,T,PC,EA19,2019,2.9,
ESTAT:SDG_11_11(1.0),09/09/22 11:00:00,A,TOTAL,TOTAL,T,PC,EA19,2020,3.3,
ESTAT:SDG_11_11(1.0),09/09/22 11:00:00,A,TOTAL,TOTAL,T,PC,EE,2004,21.3,
ESTAT:SDG_11_11(1.0),09/09/22 11:00:00,A,TOTAL,TOTAL,T,PC,EE,2005,17.5,
ESTAT:SDG_11_11(1.0),09/09/22 11:00:00,A,TOTAL,TOTAL,T,PC,EE,2006,15.3,
ESTAT:SDG_11_11(1.0),09/09/22 11:00:00,A,TOTAL,TOTAL,T,PC,EE,2007,14.6,
ESTAT:SDG_11_11(1.0),09/09/22 11:00:00,A,TOTAL,TOTAL,T,PC,EE,2008,10.4,
ESTAT:SDG_11_11(1.0),09/09/22 11:00:00,A,TOTAL,TOTAL,T,PC,EE,2009,12.2,
ESTAT:SDG_11_11(1.0),09/09/22 11:00:00,A,TOTAL,TOTAL,T,PC,EE,2010,11.4,
ESTAT:SDG_11_11(1.0),09/09/22 11:00:00,A,TOTAL,TOTAL,T,PC,EE,2011,4.9,
ESTAT:SDG_11_11(1.0),09/09/22 11:00:00,A,TOTAL,TOTAL,T,PC,EE,2012,4.7,
ESTAT:SDG_11_11(1.0),09/09/22 11:00:00,A,TOTAL,TOTAL,T,PC,EE,2013,5.8,
ESTAT:SDG_11_11(1.0),09/09/22 11:00:00,A,TOTAL,TOTAL,T,PC,EE,2014,3.9,b
ESTAT:SDG_11_11(1.0),09/09/22 11:00:00,A,TOTAL,TOTAL,T,PC,EE,2015,2.8,
ESTAT:SDG_11_11(1.0),09/09/22 11:00:00,A,TOTAL,TOTAL,T,PC,EE,2016,3.3,
ESTAT:SDG_11_11(1.0),09/09/22 11:00:00,A,TOTAL,TOTAL,T,PC,EE,2017,3.3,
ESTAT:SDG_11_11(1.0),09/09/22 11:00:00,A,TOTAL,TOTAL,T,PC,EE,2018,2.9,
ESTAT:SDG_11_11(1.0),09/09/22 11:00:00,A,TOTAL,TOTAL,T,PC,EE,2019,2.7,
ESTAT:SDG_11_11(1.0),09/09/22 11:00:00,A,TOTAL,TOTAL,T,PC,EE,2020,2.1,
ESTAT:SDG_11_11(1.0),09/09/22 11:00:00,A,TOTAL,TOTAL,T,PC,EL,2003,9.6,
ESTAT:SDG_11_11(1.0),09/09/22 11:00:00,A,TOTAL,TOTAL,T,PC,EL,2004,8.2,
ESTAT:SDG_11_11(1.0),09/09/22 11:00:00,A,TOTAL,TOTAL,T,PC,EL,2005,9.1,
ESTAT:SDG_11_11(1.0),09/09/22 11:00:00,A,TOTAL,TOTAL,T,PC,EL,2006,9.1,
ESTAT:SDG_11_11(1.0),09/09/22 11:00:00,A,TOTAL,TOTAL,T,PC,EL,2007,8.5,
ESTAT:SDG_11_11(1.0),09/09/22 11:00:00,A,TOTAL,TOTAL,T,PC,EL,2008,8.1,
ESTAT:SDG_11_11(1.0),09/09/22 11:00:00,A,TOTAL,TOTAL,T,PC,EL,2009,7.6,
ESTAT:SDG_11_11(1.0),09/09/22 11:00:00,A,TOTAL,TOTAL,T,PC,EL,2010,7.6,
ESTAT:SDG_11_11(1.0),09/09/22 11:00:00,A,TOTAL,TOTAL,T,PC,EL,2011,7.2,
ESTAT:SDG_11_11(1.0),09/09/22 11:00:00,A,TOTAL,TOTAL,T,PC,EL,2012,7.0,
ESTAT:SDG_11_11(1.0),09/09/22 11:00:00,A,TOTAL,TOTAL,T,PC,EL,2013,7.0,
ESTAT:SDG_11_11(1.0),09/09/22 11:00:00,A,TOTAL,TOTAL,T,PC,EL,2014,6.0,
ESTAT:SDG_11_11(1.0),09/09/22 11:00:00,A,TOTAL,TOTAL,T,PC,EL,2015,6.7,
ESTAT:SDG_11_11(1.0),09/09/22 11:00:00,A,TOTAL,TOTAL,T,PC,EL,2016,6.3,
ESTAT:SDG_11_11(1.0),09/09/22 11:00:00,A,TOTAL,TOTAL,T,PC,EL,2017,6.0,
ESTAT:SDG_11_11(1.0),09/09/22 11:00:00,A,TOTAL,TOTAL,T,PC,EL,2018,5.9,
ESTAT:SDG_11_11(1.0),09/09/22 11:00:00,A,TOTAL,TOTAL,T,PC,EL,2019,6.0,
ESTAT:SDG_11_11(1.0),09/09/22 11:00:00,A,TOTAL,TOTAL,T,PC,EL,2020,5.8,
ESTAT:SDG_11_11(1.0),09/09/22 11:00:00,A,TOTAL,TOTAL,T,PC,ES,2004,4.8,
ESTAT:SDG_11_11(1.0),09/09/22 11:00:00,A,TOTAL,TOTAL,T,PC,ES,2005,2.9,
ESTAT:SDG_11_11(1.0),09/09/22 11:00:00,A,TOTAL,TOTAL,T,PC,ES,2006,2.6,
ESTAT:SDG_11_11(1.0),09/09/22 11:00:00,A,TOTAL,TOTAL,T,PC,ES,2007,2.6,
ESTAT:SDG_11_11(1.0),09/09/22 11:00:00,A,TOTAL,TOTAL,T,PC,ES,2008,1.6,b
ESTAT:SDG_11_11(1.0),09/09/22 11:00:00,A,TOTAL,TOTAL,T,PC,ES,2009,1.8,
ESTAT:SDG_11_11(1.0),09/09/22 11:00:00,A,TOTAL,TOTAL,T,PC,ES,2010,1.8,
ESTAT:SDG_11_11(1.0),09/09/22 11:00:00,A,TOTAL,TOTAL,T,PC,ES,2011,2.1,b
ESTAT:SDG_11_11(1.0),09/09/22 11:00:00,A,TOTAL,TOTAL,T,PC,ES,2012,1.3,
ESTAT:SDG_11_11(1.0),09/09/22 11:00:00,A,TOTAL,TOTAL,T,PC,ES,2013,1.8,
ESTAT:SDG_11_11(1.0),09/09/22 11:00:00,A,TOTAL,TOTAL,T,PC,ES,2014,1.7,
ESTAT:SDG_11_11(1.0),09/09/22 11:00:00,A,TOTAL,TOTAL,T,PC,ES,2015,1.5,
ESTAT:SDG_11_11(1.0),09/09/22 11:00:00,A,TOTAL,TOTAL,T,PC,ES,2016,1.7,
ESTAT:SDG_11_11(1.0),09/09/22 11:00:00,A,TOTAL,TOTAL,T,PC,ES,2017,1.0,
ESTAT:SDG_11_11(1.0),09/09/22 11:00:00,A,TOTAL,TOTAL,T,PC,ES,2018,1.5,
ESTAT:SDG_11_11(1.0),09/09/22 11:00:00,A,TOTAL,TOTAL,T,PC,ES,2019,1.7,
ESTAT:SDG_11_11(1.0),09/09/22 11:00:00,A,TOTAL,TOTAL,T,PC,ES,2020,3.4,
ESTAT:SDG_11_11(1.0),09/09/22 11:00:00,A,TOTAL,TOTAL,T,PC,EU,2008,6.5,e
ESTAT:SDG_11_11(1.0),09/09/22 11:00:00,A,TOTAL,TOTAL,T,PC,EU,2009,5.9,e
ESTAT:SDG_11_11(1.0),09/09/22 11:00:00,A,TOTAL,TOTAL,T,PC,EU,2010,5.7,e
ESTAT:SDG_11_11(1.0),09/09/22 11:00:00,A,TOTAL,TOTAL,T,PC,EU,2011,5.4,e
ESTAT:SDG_11_11(1.0),09/09/22 11:00:00,A,TOTAL,TOTAL,T,PC,EU,2012,5.0,e
ESTAT:SDG_11_11(1.0),09/09/22 11:00:00,A,TOTAL,TOTAL,T,PC,EU,2013,5.1,e
ESTAT:SDG_11_11(1.0),09/09/22 11:00:00,A,TOTAL,TOTAL,T,PC,EU,2014,5.0,e
ESTAT:SDG_11_11(1.0),09/09/22 11:00:00,A,TOTAL,TOTAL,T,PC,EU,2015,4.9,e
ESTAT:SDG_11_11(1.0),09/09/22 11:00:00,A,TOTAL,TOTAL,T,PC,EU,2016,4.8,e
ESTAT:SDG_11_11(1.0),09/09/22 11:00:00,A,TOTAL,TOTAL,T,PC,EU,2017,4.0,e
ESTAT:SDG_11_11(1.0),09/09/22 11:00:00,A,TOTAL,TOTAL,T,PC,EU,2018,4.0,e
ESTAT:SDG_11_11(1.0),09/09/22 11:00:00,A,TOTAL,TOTAL,T,PC,EU,2019,3.7,e
ESTAT:SDG_11_11(1.0),09/09/22 11:00:00,A,TOTAL,TOTAL,T,PC,EU27_2007,2005,8.2,e
ESTAT:SDG_11_11(1.0),09/09/22 11:00:00,A,TOTAL,TOTAL,T,PC,EU27_2007,2006,7.8,e
ESTAT:SDG_11_11(1.0),09/09/22 11:00:00,A,TOTAL,TOTAL,T,PC,EU27_2007,2007,7.2,
ESTAT:SDG_11_11(1.0),09/09/22 11:00:00,A,TOTAL,TOTAL,T,PC,EU27_2007,2008,6.5,
ESTAT:SDG_11_11(1.0),09/09/22 11:00:00,A,TOTAL,TOTAL,T,PC,EU27_2007,2009,5.9,
ESTAT:SDG_11_11(1.0),09/09/22 11:00:00,A,TOTAL,TOTAL,T,PC,EU27_2007,2010,5.6,
ESTAT:SDG_11_11(1.0),09/09/22 11:00:00,A,TOTAL,TOTAL,T,PC,EU27_2007,2011,5.3,
ESTAT:SDG_11_11(1.0),09/09/22 11:00:00,A,TOTAL,TOTAL,T,PC,EU27_2007,2012,5.0,
ESTAT:SDG_11_11(1.0),09/09/22 11:00:00,A,TOTAL,TOTAL,T,PC,EU27_2007,2013,5.1,
ESTAT:SDG_11_11(1.0),09/09/22 11:00:00,A,TOTAL,TOTAL,T,PC,EU27_2007,2014,5.0,
ESTAT:SDG_11_11(1.0),09/09/22 11:00:00,A,TOTAL,TOTAL,T,PC,EU27_2007,2015,4.9,
ESTAT:SDG_11_11(1.0),09/09/22 11:00:00,A,TOTAL,TOTAL,T,PC,EU27_2007,2016,4.7,
ESTAT:SDG_11_11(1.0),09/09/22 11:00:00,A,TOTAL,TOTAL,T,PC,EU27_2007,2017,4.0,
ESTAT:SDG_11_11(1.0),09/09/22 11:00:00,A,TOTAL,TOTAL,T,PC,EU27_2007,2018,4.0,
ESTAT:SDG_11_11(1.0),09/09/22 11:00:00,A,TOTAL,TOTAL,T,PC,EU27_2007,2019,3.7,e
ESTAT:SDG_11_11(1.0),09/09/22 11:00:00,A,TOTAL,TOTAL,T,PC,EU27_2020,2010,6.1,e
ESTAT:SDG_11_11(1.0),09/09/22 11:00:00,A,TOTAL,TOTAL,T,PC,EU27_2020,2011,5.8,e
ESTAT:SDG_11_11(1.0),09/09/22 11:00:00,A,TOTAL,TOTAL,T,PC,EU27_2020,2012,5.5,e
ESTAT:SDG_11_11(1.0),09/09/22 11:00:00,A,TOTAL,TOTAL,T,PC,EU27_2020,2013,5.5,e
ESTAT:SDG_11_11(1.0),09/09/22 11:00:00,A,TOTAL,TOTAL,T,PC,EU27_2020,2014,5.4,e
ESTAT:SDG_11_11(1.0),09/09/22 11:00:00,A,TOTAL,TOTAL,T,PC,EU27_2020,2015,5.3,e
ESTAT:SDG_11_11(1.0),09/09/22 11:00:00,A,TOTAL,TOTAL,T,PC,EU27_2020,2016,5.1,e
ESTAT:SDG_11_11(1.0),09/09/22 11:00:00,A,TOTAL,TOTAL,T,PC,EU27_2020,2017,4.5,e
ESTAT:SDG_11_11(1.0),09/09/22 11:00:00,A,TOTAL,TOTAL,T,PC,EU27_2020,2018,4.3,e
ESTAT:SDG_11_11(1.0),09/09/22 11:00:00,A,TOTAL,TOTAL,T,PC,EU27_2020,2019,4.0,e
ESTAT:SDG_11_11(1.0),09/09/22 11:00:00,A,TOTAL,TOTAL,T,PC,EU27_2020,2020,4.3,e
ESTAT:SDG_11_11(1.0),09/09/22 11:00:00,A,TOTAL,TOTAL,T,PC,EU28,2010,5.7,
ESTAT:SDG_11_11(1.0),09/09/22 11:00:00,A,TOTAL,TOTAL,T,PC,EU28,2011,5.4,
ESTAT:SDG_11_11(1.0),09/09/22 11:00:00,A,TOTAL,TOTAL,T,PC,EU28,2012,5.0,
ESTAT:SDG_11_11(1.0),09/09/22 11:00:00,A,TOTAL,TOTAL,T,PC,EU28,2013,5.1,
ESTAT:SDG_11_11(1.0),09/09/22 11:00:00,A,TOTAL,TOTAL,T,PC,EU28,2014,5.0,
ESTAT:SDG_11_11(1.0),09/09/22 11:00:00,A,TOTAL,TOTAL,T,PC,EU28,2015,4.9,
ESTAT:SDG_11_11(1.0),09/09/22 11:00:00,A,TOTAL,TOTAL,T,PC,EU28,2016,4.8,
ESTAT:SDG_11_11(1.0),09/09/22 11:00:00,A,TOTAL,TOTAL,T,PC,EU28,2017,4.0,
ESTAT:SDG_11_11(1.0),09/09/22 11:00:00,A,TOTAL,TOTAL,T,PC,EU28,2018,4.0,
ESTAT:SDG_11_11(1.0),09/09/22 11:00:00,A,TOTAL,TOTAL,T,PC,EU28,2019,3.7,e
ESTAT:SDG_11_11(1.0),09/09/22 11:00:00,A,TOTAL,TOTAL,T,PC,FI,2004,0.9,
ESTAT:SDG_11_11(1.0),09/09/22 11:00:00,A,TOTAL,TOTAL,T,PC,FI,2005,1.0,
ESTAT:SDG_11_11(1.0),09/09/22 11:00:00,A,TOTAL,TOTAL,T,PC,FI,2006,0.8,
ESTAT:SDG_11_11(1.0),09/09/22 11:00:00,A,TOTAL,TOTAL,T,PC,FI,2007,0.7,
ESTAT:SDG_11_11(1.0),09/09/22 11:00:00,A,TOTAL,TOTAL,T,PC,FI,2008,0.7,
ESTAT:SDG_11_11(1.0),09/09/22 11:00:00,A,TOTAL,TOTAL,T,PC,FI,2009,0.7,
ESTAT:SDG_11_11(1.0),09/09/22 11:00:00,A,TOTAL,TOTAL,T,PC,FI,2010,0.9,
ESTAT:SDG_11_11(1.0),09/09/22 11:00:00,A,TOTAL,TOTAL,T,PC,FI,2011,0.7,
ESTAT:SDG_11_11(1.0),09/09/22 11:00:00,A,TOTAL,TOTAL,T,PC,FI,2012,0.8,
ESTAT:SDG_11_11(1.0),09/09/22 11:00:00,A,TOTAL,TOTAL,T,PC,FI,2013,0.7,
ESTAT:SDG_11_11(1.0),09/09/22 11:00:00,A,TOTAL,TOTAL,T,PC,FI,2014,0.7,
ESTAT:SDG_11_11(1.0),09/09/22 11:00:00,A,TOTAL,TOTAL,T,PC,FI,2015,0.7,
ESTAT:SDG_11_11(1.0),09/09/22 11:00:00,A,TOTAL,TOTAL,T,PC,FI,2016,0.7,
ESTAT:SDG_11_11(1.0),09/09/22 11:00:00,A,TOTAL,TOTAL,T,PC,FI,2017,0.7,
ESTAT:SDG_11_11(1.0),09/09/22 11:00:00,A,TOTAL,TOTAL,T,PC,FI,2018,0.9,
ESTAT:SDG_11_11(1.0),09/09/22 11:00:00,A,TOTAL,TOTAL,T,PC,FI,2019,0.9,
ESTAT:SDG_11_11(1.0),09/09/22 11:00:00,A,TOTAL,TOTAL,T,PC,FI,2020,1.0,
ESTAT:SDG_11_11(1.0),09/09/22 11:00:00,A,TOTAL,TOTAL,T,PC,FR,2004,3.4,
ESTAT:SDG_11_11(1.0),09/09/22 11:00:00,A,TOTAL,TOTAL,T,PC,FR,2005,3.0,
ESTAT:SDG_11_11(1.0),09/09/22 11:00:00,A,TOTAL,TOTAL,T,PC,FR,2006,2.7,
ESTAT:SDG_11_11(1.0),09/09/22 11:00:00,A,TOTAL,TOTAL,T,PC,FR,2007,3.3,
ESTAT:SDG_11_11(1.0),09/09/22 11:00:00,A,TOTAL,TOTAL,T,PC,FR,2008,3.4,
ESTAT:SDG_11_11(1.0),09/09/22 11:00:00,A,TOTAL,TOTAL,T,PC,FR,2009,3.0,
ESTAT:SDG_11_11(1.0),09/09/22 11:00:00,A,TOTAL,TOTAL,T,PC,FR,2010,3.0,
ESTAT:SDG_11_11(1.0),09/09/22 11:00:00,A,TOTAL,TOTAL,T,PC,FR,2011,2.5,
ESTAT:SDG_11_11(1.0),09/09/22 11:00:00,A,TOTAL,TOTAL,T,PC,FR,2012,2.6,
ESTAT:SDG_11_11(1.0),09/09/22 11:00:00,A,TOTAL,TOTAL,T,PC,FR,2013,2.1,
ESTAT:SDG_11_11(1.0),09/09/22 11:00:00,A,TOTAL,TOTAL,T,PC,FR,2014,2.3,
ESTAT:SDG_11_11(1.0),09/09/22 11:00:00,A,TOTAL,TOTAL,T,PC,FR,2015,2.3,
ESTAT:SDG_11_11(1.0),09/09/22 11:00:00,A,TOTAL,TOTAL,T,PC,FR,2016,2.7,
ESTAT:SDG_11_11(1.0),09/09/22 11:00:00,A,TOTAL,TOTAL,T,PC,FR,2017,2.1,
ESTAT:SDG_11_11(1.0),09/09/22 11:00:00,A,TOTAL,TOTAL,T,PC,FR,2018,2.7,
ESTAT:SDG_11_11(1.0),09/09/22 11:00:00,A,TOTAL,TOTAL,T,PC,FR,2019,2.3,
ESTAT:SDG_11_11(1.0),09/09/22 11:00:00,A,TOTAL,TOTAL,T,PC,FR,2020,3.8,b
ESTAT:SDG_11_11(1.0),09/09/22 11:00:00,A,TOTAL,TOTAL,T,PC,HR,2010,12.3,
ESTAT:SDG_11_11(1.0),09/09/22 11:00:00,A,TOTAL,TOTAL,T,PC,HR,2011,9.9,
ESTAT:SDG_11_11(1.0),09/09/22 11:00:00,A,TOTAL,TOTAL,T,PC,HR,2012,9.6,b
ESTAT:SDG_11_11(1.0),09/09/22 11:00:00,A,TOTAL,TOTAL,T,PC,HR,2013,9.0,
ESTAT:SDG_11_11(1.0),09/09/22 11:00:00,A,TOTAL,TOTAL,T,PC,HR,2014,7.8,
ESTAT:SDG_11_11(1.0),09/09/22 11:00:00,A,TOTAL,TOTAL,T,PC,HR,2015,7.3,
ESTAT:SDG_11_11(1.0),09/09/22 11:00:00,A,TOTAL,TOTAL,T,PC,HR,2016,7.1,
ESTAT:SDG_11_11(1.0),09/09/22 11:00:00,A,TOTAL,TOTAL,T,PC,HR,2017,6.5,
ESTAT:SDG_11_11(1.0),09/09/22 11:00:00,A,TOTAL,TOTAL,T,PC,HR,2018,6.2,
ESTAT:SDG_11_11(1.0),09/09/22 11:00:00,A,TOTAL,TOTAL,T,PC,HR,2019,5.9,
ESTAT:SDG_11_11(1.0),09/09/22 11:00:00,A,TOTAL,TOTAL,T,PC,HR,2020,5.1,
ESTAT:SDG_11_11(1.0),09/09/22 11:00:00,A,TOTAL,TOTAL,T,PC,HU,2005,22.6,
ESTAT:SDG_11_11(1.0),09/09/22 11:00:00,A,TOTAL,TOTAL,T,PC,HU,2006,19.0,
ESTAT:SDG_11_11(1.0),09/09/22 11:00:00,A,TOTAL,TOTAL,T,PC,HU,2007,14.4,
ESTAT:SDG_11_11(1.0),09/09/22 11:00:00,A,TOTAL,TOTAL,T,PC,HU,2008,20.6,
ESTAT:SDG_11_11(1.0),09/09/22 11:00:00,A,TOTAL,TOTAL,T,PC,HU,2009,11.6,
ESTAT:SDG_11_11(1.0),09/09/22 11:00:00,A,TOTAL,TOTAL,T,PC,HU,2010,17.7,
ESTAT:SDG_11_11(1.0),09/09/22 11:00:00,A,TOTAL,TOTAL,T,PC,HU,2011,15.8,
ESTAT:SDG_11_11(1.0),09/09/22 11:00:00,A,TOTAL,TOTAL,T,PC,HU,2012,16.9,
ESTAT:SDG_11_11(1.0),09/09/22 11:00:00,A,TOTAL,TOTAL,T,PC,HU,2013,17.3,
ESTAT:SDG_11_11(1.0),09/09/22 11:00:00,A,TOTAL,TOTAL,T,PC,HU,2014,17.3,
ESTAT:SDG_11_11(1.0),09/09/22 11:00:00,A,TOTAL,TOTAL,T,PC,HU,2015,15.5,
ESTAT:SDG_11_11(1.0),09/09/22 11:00:00,A,TOTAL,TOTAL,T,PC,HU,2016,16.9,
ESTAT:SDG_11_11(1.0),09/09/22 11:00:00,A,TOTAL,TOTAL,T,PC,HU,2017,15.9,
ESTAT:SDG_11_11(1.0),09/09/22 11:00:00,A,TOTAL,TOTAL,T,PC,HU,2018,7.5,
ESTAT:SDG_11_11(1.0),09/09/22 11:00:00,A,TOTAL,TOTAL,T,PC,HU,2019,7.8,
ESTAT:SDG_11_11(1.0),09/09/22 11:00:00,A,TOTAL,TOTAL,T,PC,HU,2020,7.6,
ESTAT:SDG_11_11(1.0),09/09/22 11:00:00,A,TOTAL,TOTAL,T,PC,IE,2003,1.6,
ESTAT:SDG_11_11(1.0),09/09/22 11:00:00,A,TOTAL,TOTAL,T,PC,IE,2004,2.0,
ESTAT:SDG_11_11(1.0),09/09/22 11:00:00,A,TOTAL,TOTAL,T,PC,IE,2005,1.6,
ESTAT:SDG_11_11(1.0),09/09/22 11:00:00,A,TOTAL,TOTAL,T,PC,IE,2006,2.4,
ESTAT:SDG_11_11(1.0),09/09/22 11:00:00,A,TOTAL,TOTAL,T,PC,IE,2007,1.7,
ESTAT:SDG_11_11(1.0),09/09/22 11:00:00,A,TOTAL,TOTAL,T,PC,IE,2008,0.8,
ESTAT:SDG_11_11(1.0),09/09/22 11:00:00,A,TOTAL,TOTAL,T,PC,IE,2009,1.0,
ESTAT:SDG_11_11(1.0),09/09/22 11:00:00,A,TOTAL,TOTAL,T,PC,IE,2010,0.5,
ESTAT:SDG_11_11(1.0),09/09/22 11:00:00,A,TOTAL,TOTAL,T,PC,IE,2011,0.7,
ESTAT:SDG_11_11(1.0),09/09/22 11:00:00,A,TOTAL,TOTAL,T,PC,IE,2012,0.6,
ESTAT:SDG_11_11(1.0),09/09/22 11:00:00,A,TOTAL,TOTAL,T,PC,IE,2013,1.4,
ESTAT:SDG_11_11(1.0),09/09/22 11:00:00,A,TOTAL,TOTAL,T,PC,IE,2014,1.3,
ESTAT:SDG_11_11(1.0),09/09/22 11:00:00,A,TOTAL,TOTAL,T,PC,IE,2015,1.2,
ESTAT:SDG_11_11(1.0),09/09/22 11:00:00,A,TOTAL,TOTAL,T,PC,IE,2016,1.0,
ESTAT:SDG_11_11(1.0),09/09/22 11:00:00,A,TOTAL,TOTAL,T,PC,IE,2017,0.7,
ESTAT:SDG_11_11(1.0),09/09/22 11:00:00,A,TOTAL,TOTAL,T,PC,IE,2018,0.8,
ESTAT:SDG_11_11(1.0),09/09/22 11:00:00,A,TOTAL,TOTAL,T,PC,IE,2019,1.1,
ESTAT:SDG_11_11(1.0),09/09/22 11:00:00,A,TOTAL,TOTAL,T,PC,IE,2020,1.4,b
ESTAT:SDG_11_11(1.0),09/09/22 11:00:00,A,TOTAL,TOTAL,T,PC,IS,2004,2.1,
ESTAT:SDG_11_11(1.0),09/09/22 11:00:00,A,TOTAL,TOTAL,T,PC,IS,2005,1.5,
ESTAT:SDG_11_11(1.0),09/09/22 11:00:00,A,TOTAL,TOTAL,T,PC,IS,2006,1.4,
ESTAT:SDG_11_11(1.0),09/09/22 11:00:00,A,TOTAL,TOTAL,T,PC,IS,2007,1.6,
ESTAT:SDG_11_11(1.0),09/09/22 11:00:00,A,TOTAL,TOTAL,T,PC,IS,2008,1.2,
ESTAT:SDG_11_11(1.0),09/09/22 11:00:00,A,TOTAL,TOTAL,T,PC,IS,2009,1.7,
ESTAT:SDG_11_11(1.0),09/09/22 11:00:00,A,TOTAL,TOTAL,T,PC,IS,2010,1.6,
ESTAT:SDG_11_11(1.0),09/09/22 11:00:00,A,TOTAL,TOTAL,T,PC,IS,2011,2.0,
ESTAT:SDG_11_11(1.0),09/09/22 11:00:00,A,TOTAL,TOTAL,T,PC,IS,2012,2.4,
ESTAT:SDG_11_11(1.0),09/09/22 11:00:00,A,TOTAL,TOTAL,T,PC,IS,2013,2.8,
ESTAT:SDG_11_11(1.0),09/09/22 11:00:00,A,TOTAL,TOTAL,T,PC,IS,2014,2.2,
ESTAT:SDG_11_11(1.0),09/09/22 11:00:00,A,TOTAL,TOTAL,T,PC,IS,2015,2.5,
ESTAT:SDG_11_11(1.0),09/09/22 11:00:00,A,TOTAL,TOTAL,T,PC,IS,2016,1.5,
ESTAT:SDG_11_11(1.0),09/09/22 11:00:00,A,TOTAL,TOTAL,T,PC,IS,2017,1.6,
ESTAT:SDG_11_11(1.0),09/09/22 11:00:00,A,TOTAL,TOTAL,T,PC,IS,2018,1.6,
ESTAT:SDG_11_11(1.0),09/09/22 11:00:00,A,TOTAL,TOTAL,T,PC,IT,2004,9.0,
ESTAT:SDG_11_11(1.0),09/09/22 11:00:00,A,TOTAL,TOTAL,T,PC,IT,2005,8.0,
ESTAT:SDG_11_11(1.0),09/09/22 11:00:00,A,TOTAL,TOTAL,T,PC,IT,2006,8.1,
ESTAT:SDG_11_11(1.0),09/09/22 11:00:00,A,TOTAL,TOTAL,T,PC,IT,2007,7.5,
ESTAT:SDG_11_11(1.0),09/09/22 11:00:00,A,TOTAL,TOTAL,T,PC,IT,2008,7.3,
ESTAT:SDG_11_11(1.0),09/09/22 11:00:00,A,TOTAL,TOTAL,T,PC,IT,2009,7.5,
ESTAT:SDG_11_11(1.0),09/09/22 11:00:00,A,TOTAL,TOTAL,T,PC,IT,2010,7.0,
ESTAT:SDG_11_11(1.0),09/09/22 11:00:00,A,TOTAL,TOTAL,T,PC,IT,2011,8.7,
ESTAT:SDG_11_11(1.0),09/09/22 11:00:00,A,TOTAL,TOTAL,T,PC,IT,2012,8.4,
ESTAT:SDG_11_11(1.0),09/09/22 11:00:00,A,TOTAL,TOTAL,T,PC,IT,2013,8.8,
ESTAT:SDG_11_11(1.0),09/09/22 11:00:00,A,TOTAL,TOTAL,T,PC,IT,2014,9.5,
ESTAT:SDG_11_11(1.0),09/09/22 11:00:00,A,TOTAL,TOTAL,T,PC,IT,2015,9.6,
ESTAT:SDG_11_11(1.0),09/09/22 11:00:00,A,TOTAL,TOTAL,T,PC,IT,2016,7.6,
ESTAT:SDG_11_11(1.0),09/09/22 11:00:00,A,TOTAL,TOTAL,T,PC,IT,2017,5.5,
ESTAT:SDG_11_11(1.0),09/09/22 11:00:00,A,TOTAL,TOTAL,T,PC,IT,2018,5.0,
ESTAT:SDG_11_11(1.0),09/09/22 11:00:00,A,TOTAL,TOTAL,T,PC,IT,2019,5.0,
ESTAT:SDG_11_11(1.0),09/09/22 11:00:00,A,TOTAL,TOTAL,T,PC,IT,2020,6.1,
ESTAT:SDG_11_11(1.0),09/09/22 11:00:00,A,TOTAL,TOTAL,T,PC,LT,2005,28.3,
ESTAT:SDG_11_11(1.0),09/09/22 11:00:00,A,TOTAL,TOTAL,T,PC,LT,2006,26.0,
ESTAT:SDG_11_11(1.0),09/09/22 11:00:00,A,TOTAL,TOTAL,T,PC,LT,2007,21.9,
ESTAT:SDG_11_11(1.0),09/09/22 11:00:00,A,TOTAL,TOTAL,T,PC,LT,2008,18.8,
ESTAT:SDG_11_11(1.0),09/09/22 11:00:00,A,TOTAL,TOTAL,T,PC,LT,2009,16.4,
ESTAT:SDG_11_11(1.0),09/09/22 11:00:00,A,TOTAL,TOTAL,T,PC,LT,2010,13.5,
ESTAT:SDG_11_11(1.0),09/09/22 11:00:00,A,TOTAL,TOTAL,T,PC,LT,2011,7.6,b
ESTAT:SDG_11_11(1.0),09/09/22 11:00:00,A,TOTAL,TOTAL,T,PC,LT,2012,7.1,
ESTAT:SDG_11_11(1.0),09/09/22 11:00:00,A,TOTAL,TOTAL,T,PC,LT,2013,9.1,
ESTAT:SDG_11_11(1.0),09/09/22 11:00:00,A,TOTAL,TOTAL,T,PC,LT,2014,10.1,
ESTAT:SDG_11_11(1.0),09/09/22 11:00:00,A,TOTAL,TOTAL,T,PC,LT,2015,8.9,
ESTAT:SDG_11_11(1.0),09/09/22 11:00:00,A,TOTAL,TOTAL,T,PC,LT,2016,8.6,
ESTAT:SDG_11_11(1.0),09/09/22 11:00:00,A,TOTAL,TOTAL,T,PC,LT,2017,8.1,
ESTAT:SDG_11_11(1.0),09/09/22 11:00:00,A,TOTAL,TOTAL,T,PC,LT,2018,6.9,
ESTAT:SDG_11_11(1.0),09/09/22 11:00:00,A,TOTAL,TOTAL,T,PC,LT,2019,7.8,
ESTAT:SDG_11_11(1.0),09/09/22 11:00:00,A,TOTAL,TOTAL,T,PC,LT,2020,5.4,
ESTAT:SDG_11_11(1.0),09/09/22 11:00:00,A,TOTAL,TOTAL,T,PC,LU,2003,2.7,
ESTAT:SDG_11_11(1.0),09/09/22 11:00:00,A,TOTAL,TOTAL,T,PC,LU,2004,2.5,
ESTAT:SDG_11_11(1.0),09/09/22 11:00:00,A,TOTAL,TOTAL,T,PC,LU,2005,2.2,
ESTAT:SDG_11_11(1.0),09/09/22 11:00:00,A,TOTAL,TOTAL,T,PC,LU,2006,1.8,
ESTAT:SDG_11_11(1.0),09/09/22 11:00:00,A,TOTAL,TOTAL,T,PC,LU,2007,2.1,
ESTAT:SDG_11_11(1.0),09/09/22 11:00:00,A,TOTAL,TOTAL,T,PC,LU,2008,2.4,
ESTAT:SDG_11_11(1.0),09/09/22 11:00:00,A,TOTAL,TOTAL,T,PC,LU,2009,1.7,
ESTAT:SDG_11_11(1.0),09/09/22 11:00:00,A,TOTAL,TOTAL,T,PC,LU,2010,2.3,
ESTAT:SDG_11_11(1.0),09/09/22 11:00:00,A,TOTAL,TOTAL,T,PC,LU,2011,1.9,
ESTAT:SDG_11_11(1.0),09/09/22 11:00:00,A,TOTAL,TOTAL,T,PC,LU,2012,2.4,
ESTAT:SDG_11_11(1.0),09/09/22 11:00:00,A,TOTAL,TOTAL,T,PC,LU,2013,1.8,
ESTAT:SDG_11_11(1.0),09/09/22 11:00:00,A,TOTAL,TOTAL,T,PC,LU,2014,1.6,
ESTAT:SDG_11_11(1.0),09/09/22 11:00:00,A,TOTAL,TOTAL,T,PC,LU,2015,1.7,
ESTAT:SDG_11_11(1.0),09/09/22 11:00:00,A,TOTAL,TOTAL,T,PC,LU,2016,2.1,b
ESTAT:SDG_11_11(1.0),09/09/22 11:00:00,A,TOTAL,TOTAL,T,PC,LU,2017,2.3,
ESTAT:SDG_11_11(1.0),09/09/22 11:00:00,A,TOTAL,TOTAL,T,PC,LU,2018,2.2,
ESTAT:SDG_11_11(1.0),09/09/22 11:00:00,A,TOTAL,TOTAL,T,PC,LU,2019,2.0,
ESTAT:SDG_11_11(1.0),09/09/22 11:00:00,A,TOTAL,TOTAL,T,PC,LU,2020,1.6,b
ESTAT:SDG_11_11(1.0),09/09/22 11:00:00,A,TOTAL,TOTAL,T,PC,LV,2005,31.6,
ESTAT:SDG_11_11(1.0),09/09/22 11:00:00,A,TOTAL,TOTAL,T,PC,LV,2006,26.9,
ESTAT:SDG_11_11(1.0),09/09/22 11:00:00,A,TOTAL,TOTAL,T,PC,LV,2007,25.2,
ESTAT:SDG_11_11(1.0),09/09/22 11:00:00,A,TOTAL,TOTAL,T,PC,LV,2008,22.3,b
ESTAT:SDG_11_11(1.0),09/09/22 11:00:00,A,TOTAL,TOTAL,T,PC,LV,2009,22.3,
ESTAT:SDG_11_11(1.0),09/09/22 11:00:00,A,TOTAL,TOTAL,T,PC,LV,2010,21.9,
ESTAT:SDG_11_11(1.0),09/09/22 11:00:00,A,TOTAL,TOTAL,T,PC,LV,2011,17.5,
ESTAT:SDG_11_11(1.0),09/09/22 11:00:00,A,TOTAL,TOTAL,T,PC,LV,2012,16.4,
ESTAT:SDG_11_11(1.0),09/09/22 11:00:00,A,TOTAL,TOTAL,T,PC,LV,2013,16.3,
ESTAT:SDG_11_11(1.0),09/09/22 11:00:00,A,TOTAL,TOTAL,T,PC,LV,2014,16.6,
ESTAT:SDG_11_11(1.0),09/09/22 11:00:00,A,TOTAL,TOTAL,T,PC,LV,2015,15.5,
ESTAT:SDG_11_11(1.0),09/09/22 11:00:00,A,TOTAL,TOTAL,T,PC,LV,2016,14.6,
ESTAT:SDG_11_11(1.0),09/09/22 11:00:00,A,TOTAL,TOTAL,T,PC,LV,2017,15.2,
ESTAT:SDG_11_11(1.0),09/09/22 11:00:00,A,TOTAL,TOTAL,T,PC,LV,2018,14.9,
ESTAT:SDG_11_11(1.0),09/09/22 11:00:00,A,TOTAL,TOTAL,T,PC,LV,2019,12.7,
ESTAT:SDG_11_11(1.0),09/09/22 11:00:00,A,TOTAL,TOTAL,T,PC,LV,2020,11.5,
ESTAT:SDG_11_11(1.0),09/09/22 11:00:00,A,TOTAL,TOTAL,T,PC,ME,2013,23.3,
ESTAT:SDG_11_11(1.0),09/09/22 11:00:00,A,TOTAL,TOTAL,T,PC,ME,2014,21.2,
ESTAT:SDG_11_11(1.0),09/09/22 11:00:00,A,TOTAL,TOTAL,T,PC,ME,2015,24.2,
ESTAT:SDG_11_11(1.0),09/09/22 11:00:00,A,TOTAL,TOTAL,T,PC,ME,2016,18.3,
ESTAT:SDG_11_11(1.0),09/09/22 11:00:00,A,TOTAL,TOTAL,T,PC,ME,2017,16.6,
ESTAT:SDG_11_11(1.0),09/09/22 11:00:00,A,TOTAL,TOTAL,T,PC,ME,2018,18.3,
ESTAT:SDG_11_11(1.0),09/09/22 11:00:00,A,TOTAL,TOTAL,T,PC,ME,2019,19.0,
ESTAT:SDG_11_11(1.0),09/09/22 11:00:00,A,TOTAL,TOTAL,T,PC,ME,2020,18.2,
ESTAT:SDG_11_11(1.0),09/09/22 11:00:00,A,TOTAL,TOTAL,T,PC,MK,2011,13.8,
ESTAT:SDG_11_11(1.0),09/09/22 11:00:00,A,TOTAL,TOTAL,T,PC,MK,2012,12.3,
ESTAT:SDG_11_11(1.0),09/09/22 11:00:00,A,TOTAL,TOTAL,T,PC,MK,2013,11.6,
ESTAT:SDG_11_11(1.0),09/09/22 11:00:00,A,TOTAL,TOTAL,T,PC,MK,2014,11.8,b
ESTAT:SDG_11_11(1.0),09/09/22 11:00:00,A,TOTAL,TOTAL,T,PC,MK,2015,9.8,
ESTAT:SDG_11_11(1.0),09/09/22 11:00:00,A,TOTAL,TOTAL,T,PC,MK,2016,12.2,
ESTAT:SDG_11_11(1.0),09/09/22 11:00:00,A,TOTAL,TOTAL,T,PC,MK,2017,10.1,
ESTAT:SDG_11_11(1.0),09/09/22 11:00:00,A,TOTAL,TOTAL,T,PC,MK,2018,11.1,
ESTAT:SDG_11_11(1.0),09/09/22 11:00:00,A,TOTAL,TOTAL,T,PC,MK,2019,9.7,
ESTAT:SDG_11_11(1.0),09/09/22 11:00:00,A,TOTAL,TOTAL,T,PC,MK,2020,9.9,
ESTAT:SDG_11_11(1.0),09/09/22 11:00:00,A,TOTAL,TOTAL,T,PC,MT,2005,1.0,
ESTAT:SDG_11_11(1.0),09/09/22 11:00:00,A,TOTAL,TOTAL,T,PC,MT,2006,0.8,
ESTAT:SDG_11_11(1.0),09/09/22 11:00:00,A,TOTAL,TOTAL,T,PC,MT,2007,0.9,
ESTAT:SDG_11_11(1.0),09/09/22 11:00:00,A,TOTAL,TOTAL,T,PC,MT,2008,1.0,
ESTAT:SDG_11_11(1.0),09/09/22 11:00:00,A,TOTAL,TOTAL,T,PC,MT,2009,1.3,
ESTAT:SDG_11_11(1.0),09/09/22 11:00:00,A,TOTAL,TOTAL,T,PC,MT,2010,1.4,
ESTAT:SDG_11_11(1.0),09/09/22 11:00:00,A,TOTAL,TOTAL,T,PC,MT,2011,1.6,
ESTAT:SDG_11_11(1.0),09/09/22 11:00:00,A,TOTAL,TOTAL,T,PC,MT,2012,1.0,
ESTAT:SDG_11_11(1.0),09/09/22 11:00:00,A,TOTAL,TOTAL,T,PC,MT,2013,1.3,
ESTAT:SDG_11_11(1.0),09/09/22 11:00:00,A,TOTAL,TOTAL,T,PC,MT,2014,1.3,
ESTAT:SDG_11_11(1.0),09/09/22 11:00:00,A,TOTAL,TOTAL,T,PC,MT,2015,1.3,
ESTAT:SDG_11_11(1.0),09/09/22 11:00:00,A,TOTAL,TOTAL,T,PC,MT,2016,1.6,
ESTAT:SDG_11_11(1.0),09/09/22 11:00:00,A,TOTAL,TOTAL,T,PC,MT,2017,1.4,
ESTAT:SDG_11_11(1.0),09/09/22 11:00:00,A,TOTAL,TOTAL,T,PC,MT,2018,1.2,
ESTAT:SDG_11_11(1.0),09/09/22 11:00:00,A,TOTAL,TOTAL,T,PC,MT,2019,1.3,
ESTAT:SDG_11_11(1.0),09/09/22 11:00:00,A,TOTAL,TOTAL,T,PC,MT,2020,1.0,
ESTAT:SDG_11_11(1.0),09/09/22 11:00:00,A,TOTAL,TOTAL,T,PC,NL,2005,0.5,
ESTAT:SDG_11_11(1.0),09/09/22 11:00:00,A,TOTAL,TOTAL,T,PC,NL,2006,0.5,
ESTAT:SDG_11_11(1.0),09/09/22 11:00:00,A,TOTAL,TOTAL,T,PC,NL,2007,0.8,
ESTAT:SDG_11_11(1.0),09/09/22 11:00:00,A,TOTAL,TOTAL,T,PC,NL,2008,0.6,
ESTAT:SDG_11_11(1.0),09/09/22 11:00:00,A,TOTAL,TOTAL,T,PC,NL,2009,0.5,
ESTAT:SDG_11_11(1.0),09/09/22 11:00:00,A,TOTAL,TOTAL,T,PC,NL,2010,0.5,
ESTAT:SDG_11_11(1.0),09/09/22 11:00:00,A,TOTAL,TOTAL,T,PC,NL,2011,0.5,
ESTAT:SDG_11_11(1.0),09/09/22 11:00:00,A,TOTAL,TOTAL,T,PC,NL,2012,0.9,
ESTAT:SDG_11_11(1.0),09/09/22 11:00:00,A,TOTAL,TOTAL,T,PC,NL,2013,0.8,
ESTAT:SDG_11_11(1.0),09/09/22 11:00:00,A,TOTAL,TOTAL,T,PC,NL,2014,0.6,
ESTAT:SDG_11_11(1.0),09/09/22 11:00:00,A,TOTAL,TOTAL,T,PC,NL,2015,1.0,
ESTAT:SDG_11_11(1.0),09/09/22 11:00:00,A,TOTAL,TOTAL,T,PC,NL,2016,1.4,b
ESTAT:SDG_11_11(1.0),09/09/22 11:00:00,A,TOTAL,TOTAL,T,PC,NL,2017,1.0,
ESTAT:SDG_11_11(1.0),09/09/22 11:00:00,A,TOTAL,TOTAL,T,PC,NL,2018,1.3,
ESTAT:SDG_11_11(1.0),09/09/22 11:00:00,A,TOTAL,TOTAL,T,PC,NL,2019,1.5,
ESTAT:SDG_11_11(1.0),09/09/22 11:00:00,A,TOTAL,TOTAL,T,PC,NL,2020,1.5,
ESTAT:SDG_11_11(1.0),09/09/22 11:00:00,A,TOTAL,TOTAL,T,PC,NO,2003,1.2,
ESTAT:SDG_11_11(1.0),09/09/22 11:00:00,A,TOTAL,TOTAL,T,PC,NO,2004,1.3,
ESTAT:SDG_11_11(1.0),09/09/22 11:00:00,A,TOTAL,TOTAL,T,PC,NO,2005,1.4,
ESTAT:SDG_11_11(1.0),09/09/22 11:00:00,A,TOTAL,TOTAL,T,PC,NO,2006,1.3,
ESTAT:SDG_11_11(1.0),09/09/22 11:00:00,A,TOTAL,TOTAL,T,PC,NO,2007,1.2,
ESTAT:SDG_11_11(1.0),09/09/22 11:00:00,A,TOTAL,TOTAL,T,PC,NO,2008,1.3,
ESTAT:SDG_11_11(1.0),09/09/22 11:00:00,A,TOTAL,TOTAL,T,PC,NO,2009,1.0,
ESTAT:SDG_11_11(1.0),09/09/22 11:00:00,A,TOTAL,TOTAL,T,PC,NO,2010,1.3,
ESTAT:SDG_11_11(1.0),09/09/22 11:00:00,A,TOTAL,TOTAL,T,PC,NO,2011,1.3,
ESTAT:SDG_11_11(1.0),09/09/22 11:00:00,A,TOTAL,TOTAL,T,PC,NO,2012,1.2,
ESTAT:SDG_11_11(1.0),09/09/22 11:00:00,A,TOTAL,TOTAL,T,PC,NO,2013,1.3,
ESTAT:SDG_11_11(1.0),09/09/22 11:00:00,A,TOTAL,TOTAL,T,PC,NO,2014,0.7,
ESTAT:SDG_11_11(1.0),09/09/22 11:00:00,A,TOTAL,TOTAL,T,PC,NO,2015,0.7,
ESTAT:SDG_11_11(1.0),09/09/22 11:00:00,A,TOTAL,TOTAL,T,PC,NO,2016,1.0,
ESTAT:SDG_11_11(1.0),09/09/22 11:00:00,A,TOTAL,TOTAL,T,PC,NO,2017,0.8,
ESTAT:SDG_11_11(1.0),09/09/22 11:00:00,A,TOTAL,TOTAL,T,PC,NO,2018,0.9,
ESTAT:SDG_11_11(1.0),09/09/22 11:00:00,A,TOTAL,TOTAL,T,PC,NO,2019,1.0,
ESTAT:SDG_11_11(1.0),09/09/22 11:00:00,A,TOTAL,TOTAL,T,PC,NO,2020,1.0,
ESTAT:SDG_11_11(1.0),09/09/22 11:00:00,A,TOTAL,TOTAL,T,PC,PL,2005,29.7,
ESTAT:SDG_11_11(1.0),09/09/22 11:00:00,A,TOTAL,TOTAL,T,PC,PL,2006,28.6,
ESTAT:SDG_11_11(1.0),09/09/22 11:00:00,A,TOTAL,TOTAL,T,PC,PL,2007,25.9,
ESTAT:SDG_11_11(1.0),09/09/22 11:00:00,A,TOTAL,TOTAL,T,PC,PL,2008,18.1,
ESTAT:SDG_11_11(1.0),09/09/22 11:00:00,A,TOTAL,TOTAL,T,PC,PL,2009,15.2,
ESTAT:SDG_11_11(1.0),09/09/22 11:00:00,A,TOTAL,TOTAL,T,PC,PL,2010,13.3,
ESTAT:SDG_11_11(1.0),09/09/22 11:00:00,A,TOTAL,TOTAL,T,PC,PL,2011,11.4,
ESTAT:SDG_11_11(1.0),09/09/22 11:00:00,A,TOTAL,TOTAL,T,PC,PL,2012,10.5,
ESTAT:SDG_11_11(1.0),09/09/22 11:00:00,A,TOTAL,TOTAL,T,PC,PL,2013,10.1,
ESTAT:SDG_11_11(1.0),09/09/22 11:00:00,A,TOTAL,TOTAL,T,PC,PL,2014,9.1,
ESTAT:SDG_11_11(1.0),09/09/22 11:00:00,A,TOTAL,TOTAL,T,PC,PL,2015,9.8,
ESTAT:SDG_11_11(1.0),09/09/22 11:00:00,A,TOTAL,TOTAL,T,PC,PL,2016,9.4,
ESTAT:SDG_11_11(1.0),09/09/22 11:00:00,A,TOTAL,TOTAL,T,PC,PL,2017,9.8,
ESTAT:SDG_11_11(1.0),09/09/22 11:00:00,A,TOTAL,TOTAL,T,PC,PL,2018,8.6,
ESTAT:SDG_11_11(1.0),09/09/22 11:00:00,A,TOTAL,TOTAL,T,PC,PL,2019,7.9,
ESTAT:SDG_11_11(1.0),09/09/22 11:00:00,A,TOTAL,TOTAL,T,PC,PT,2004,7.1,
ESTAT:SDG_11_11(1.0),09/09/22 11:00:00,A,TOTAL,TOTAL,T,PC,PT,2005,7.7,
ESTAT:SDG_11_11(1.0),09/09/22 11:00:00,A,TOTAL,TOTAL,T,PC,PT,2006,7.5,
ESTAT:SDG_11_11(1.0),09/09/22 11:00:00,A,TOTAL,TOTAL,T,PC,PT,2007,7.6,
ESTAT:SDG_11_11(1.0),09/09/22 11:00:00,A,TOTAL,TOTAL,T,PC,PT,2008,6.9,
ESTAT:SDG_11_11(1.0),09/09/22 11:00:00,A,TOTAL,TOTAL,T,PC,PT,2009,4.7,
ESTAT:SDG_11_11(1.0),09/09/22 11:00:00,A,TOTAL,TOTAL,T,PC,PT,2010,5.6,
ESTAT:SDG_11_11(1.0),09/09/22 11:00:00,A,TOTAL,TOTAL,T,PC,PT,2011,4.0,
ESTAT:SDG_11_11(1.0),09/09/22 11:00:00,A,TOTAL,TOTAL,T,PC,PT,2012,4.3,
ESTAT:SDG_11_11(1.0),09/09/22 11:00:00,A,TOTAL,TOTAL,T,PC,PT,2013,5.6,
ESTAT:SDG_11_11(1.0),09/09/22 11:00:00,A,TOTAL,TOTAL,T,PC,PT,2014,5.5,
ESTAT:SDG_11_11(1.0),09/09/22 11:00:00,A,TOTAL,TOTAL,T,PC,PT,2015,4.7,
ESTAT:SDG_11_11(1.0),09/09/22 11:00:00,A,TOTAL,TOTAL,T,PC,PT,2016,4.9,
ESTAT:SDG_11_11(1.0),09/09/22 11:00:00,A,TOTAL,TOTAL,T,PC,PT,2017,4.0,
ESTAT:SDG_11_11(1.0),09/09/22 11:00:00,A,TOTAL,TOTAL,T,PC,PT,2018,4.1,
ESTAT:SDG_11_11(1.0),09/09/22 11:00:00,A,TOTAL,TOTAL,T,PC,PT,2019,4.1,
ESTAT:SDG_11_11(1.0),09/09/22 11:00:00,A,TOTAL,TOTAL,T,PC,PT,2020,3.9,
ESTAT:SDG_11_11(1.0),09/09/22 11:00:00,A,TOTAL,TOTAL,T,PC,RO,2007,32.0,
ESTAT:SDG_11_11(1.0),09/09/22 11:00:00,A,TOTAL,TOTAL,T,PC,RO,2008,29.1,
ESTAT:SDG_11_11(1.0),09/09/22 11:00:00,A,TOTAL,TOTAL,T,PC,RO,2009,27.2,
ESTAT:SDG_11_11(1.0),09/09/22 11:00:00,A,TOTAL,TOTAL,T,PC,RO,2010,25.3,
ESTAT:SDG_11_11(1.0),09/09/22 11:00:00,A,TOTAL,TOTAL,T,PC,RO,2011,24.0,
ESTAT:SDG_11_11(1.0),09/09/22 11:00:00,A,TOTAL,TOTAL,T,PC,RO,2012,22.8,
ESTAT:SDG_11_11(1.0),09/09/22 11:00:00,A,TOTAL,TOTAL,T,PC,RO,2013,22.8,
ESTAT:SDG_11_11(1.0),09/09/22 11:00:00,A,TOTAL,TOTAL,T,PC,RO,2014,20.6,
ESTAT:SDG_11_11(1.0),09/09/22 11:00:00,A,TOTAL,TOTAL,T,PC,RO,2015,19.8,
ESTAT:SDG_11_11(1.0),09/09/22 11:00:00,A,TOTAL,TOTAL,T,PC,RO,2016,19.8,
ESTAT:SDG_11_11(1.0),09/09/22 11:00:00,A,TOTAL,TOTAL,T,PC,RO,2017,17.2,
ESTAT:SDG_11_11(1.0),09/09/22 11:00:00,A,TOTAL,TOTAL,T,PC,RO,2018,16.1,
ESTAT:SDG_11_11(1.0),09/09/22 11:00:00,A,TOTAL,TOTAL,T,PC,RO,2019,14.2,
ESTAT:SDG_11_11(1.0),09/09/22 11:00:00,A,TOTAL,TOTAL,T,PC,RO,2020,14.3,
ESTAT:SDG_11_11(1.0),09/09/22 11:00:00,A,TOTAL,TOTAL,T,PC,RS,2013,16.4,
ESTAT:SDG_11_11(1.0),09/09/22 11:00:00,A,TOTAL,TOTAL,T,PC,RS,2014,17.5,
ESTAT:SDG_11_11(1.0),09/09/22 11:00:00,A,TOTAL,TOTAL,T,PC,RS,2015,16.6,
ESTAT:SDG_11_11(1.0),09/09/22 11:00:00,A,TOTAL,TOTAL,T,PC,RS,2016,15.7,
ESTAT:SDG_11_11(1.0),09/09/22 11:00:00,A,TOTAL,TOTAL,T,PC,RS,2017,15.2,
ESTAT:SDG_11_11(1.0),09/09/22 11:00:00,A,TOTAL,TOTAL,T,PC,RS,2018,11.8,
ESTAT:SDG_11_11(1.0),09/09/22 11:00:00,A,TOTAL,TOTAL,T,PC,RS,2019,13.9,
ESTAT:SDG_11_11(1.0),09/09/22 11:00:00,A,TOTAL,TOTAL,T,PC,RS,2020,8.8,
ESTAT:SDG_11_11(1.0),09/09/22 11:00:00,A,TOTAL,TOTAL,T,PC,SE,2004,1.4,
ESTAT:SDG_11_11(1.0),09/09/22 11:00:00,A,TOTAL,TOTAL,T,PC,SE,2005,1.0,
ESTAT:SDG_11_11(1.0),09/09/22 11:00:00,A,TOTAL,TOTAL,T,PC,SE,2006,1.4,
ESTAT:SDG_11_11(1.0),09/09/22 11:00:00,A,TOTAL,TOTAL,T,PC,SE,2007,1.2,
ESTAT:SDG_11_11(1.0),09/09/22 11:00:00,A,TOTAL,TOTAL,T,PC,SE,2008,1.6,b
ESTAT:SDG_11_11(1.0),09/09/22 11:00:00,A,TOTAL,TOTAL,T,PC,SE,2009,1.5,
ESTAT:SDG_11_11(1.0),09/09/22 11:00:00,A,TOTAL,TOTAL,T,PC,SE,2010,2.0,
ESTAT:SDG_11_11(1.0),09/09/22 11:00:00,A,TOTAL,TOTAL,T,PC,SE,2011,2.1,
ESTAT:SDG_11_11(1.0),09/09/22 11:00:00,A,TOTAL,TOTAL,T,PC,SE,2012,1.7,
ESTAT:SDG_11_11(1.0),09/09/22 11:00:00,A,TOTAL,TOTAL,T,PC,SE,2013,1.8,
ESTAT:SDG_11_11(1.0),09/09/22 11:00:00,A,TOTAL,TOTAL,T,PC,SE,2014,2.1,
ESTAT:SDG_11_11(1.0),09/09/22 11:00:00,A,TOTAL,TOTAL,T,PC,SE,2015,2.6,
ESTAT:SDG_11_11(1.0),09/09/22 11:00:00,A,TOTAL,TOTAL,T,PC,SE,2016,2.7,
ESTAT:SDG_11_11(1.0),09/09/22 11:00:00,A,TOTAL,TOTAL,T,PC,SE,2017,2.5,
ESTAT:SDG_11_11(1.0),09/09/22 11:00:00,A,TOTAL,TOTAL,T,PC,SE,2018,2.9,
ESTAT:SDG_11_11(1.0),09/09/22 11:00:00,A,TOTAL,TOTAL,T,PC,SE,2019,2.6,
ESTAT:SDG_11_11(1.0),09/09/22 11:00:00,A,TOTAL,TOTAL,T,PC,SE,2020,2.5,
ESTAT:SDG_11_11(1.0),09/09/22 11:00:00,A,TOTAL,TOTAL,T,PC,SI,2005,12.3,
ESTAT:SDG_11_11(1.0),09/09/22 11:00:00,A,TOTAL,TOTAL,T,PC,SI,2006,13.1,
ESTAT:SDG_11_11(1.0),09/09/22 11:00:00,A,TOTAL,TOTAL,T,PC,SI,2007,12.3,
ESTAT:SDG_11_11(1.0),09/09/22 11:00:00,A,TOTAL,TOTAL,T,PC,SI,2008,16.6,
ESTAT:SDG_11_11(1.0),09/09/22 11:00:00,A,TOTAL,TOTAL,T,PC,SI,2009,17.5,
ESTAT:SDG_11_11(1.0),09/09/22 11:00:00,A,TOTAL,TOTAL,T,PC,SI,2010,15.4,
ESTAT:SDG_11_11(1.0),09/09/22 11:00:00,A,TOTAL,TOTAL,T,PC,SI,2011,8.7,b
ESTAT:SDG_11_11(1.0),09/09/22 11:00:00,A,TOTAL,TOTAL,T,PC,SI,2012,8.1,
ESTAT:SDG_11_11(1.0),09/09/22 11:00:00,A,TOTAL,TOTAL,T,PC,SI,2013,6.5,
ESTAT:SDG_11_11(1.0),09/09/22 11:00:00,A,TOTAL,TOTAL,T,PC,SI,2014,6.5,
ESTAT:SDG_11_11(1.0),09/09/22 11:00:00,A,TOTAL,TOTAL,T,PC,SI,2015,5.6,
ESTAT:SDG_11_11(1.0),09/09/22 11:00:00,A,TOTAL,TOTAL,T,PC,SI,2016,4.5,
ESTAT:SDG_11_11(1.0),09/09/22 11:00:00,A,TOTAL,TOTAL,T,PC,SI,2017,4.4,
ESTAT:SDG_11_11(1.0),09/09/22 11:00:00,A,TOTAL,TOTAL,T,PC,SI,2018,4.8,
ESTAT:SDG_11_11(1.0),09/09/22 11:00:00,A,TOTAL,TOTAL,T,PC,SI,2019,3.9,
ESTAT:SDG_11_11(1.0),09/09/22 11:00:00,A,TOTAL,TOTAL,T,PC,SI,2020,3.1,
ESTAT:SDG_11_11(1.0),09/09/22 11:00:00,A,TOTAL,TOTAL,T,PC,SK,2005,6.3,
ESTAT:SDG_11_11(1.0),09/09/22 11:00:00,A,TOTAL,TOTAL,T,PC,SK,2006,5.4,
ESTAT:SDG_11_11(1.0),09/09/22 11:00:00,A,TOTAL,TOTAL,T,PC,SK,2007,4.5,
ESTAT:SDG_11_11(1.0),09/09/22 11:00:00,A,TOTAL,TOTAL,T,PC,SK,2008,5.5,b
ESTAT:SDG_11_11(1.0),09/09/22 11:00:00,A,TOTAL,TOTAL,T,PC,SK,2009,4.2,
ESTAT:SDG_11_11(1.0),09/09/22 11:00:00,A,TOTAL,TOTAL,T,PC,SK,2010,3.8,
ESTAT:SDG_11_11(1.0),09/09/22 11:00:00,A,TOTAL,TOTAL,T,PC,SK,2011,4.8,
ESTAT:SDG_11_11(1.0),09/09/22 11:00:00,A,TOTAL,TOTAL,T,PC,SK,2012,5.1,
ESTAT:SDG_11_11(1.0),09/09/22 11:00:00,A,TOTAL,TOTAL,T,PC,SK,2013,4.5,
ESTAT:SDG_11_11(1.0),09/09/22 11:00:00,A,TOTAL,TOTAL,T,PC,SK,2014,4.3,
ESTAT:SDG_11_11(1.0),09/09/22 11:00:00,A,TOTAL,TOTAL,T,PC,SK,2015,4.2,
ESTAT:SDG_11_11(1.0),09/09/22 11:00:00,A,TOTAL,TOTAL,T,PC,SK,2016,4.3,
ESTAT:SDG_11_11(1.0),09/09/22 11:00:00,A,TOTAL,TOTAL,T,PC,SK,2017,5.2,
ESTAT:SDG_11_11(1.0),09/09/22 11:00:00,A,TOTAL,TOTAL,T,PC,SK,2018,3.7,
ESTAT:SDG_11_11(1.0),09/09/22 11:00:00,A,TOTAL,TOTAL,T,PC,SK,2019,3.6,
ESTAT:SDG_11_11(1.0),09/09/22 11:00:00,A,TOTAL,TOTAL,T,PC,SK,2020,3.2,
ESTAT:SDG_11_11(1.0),09/09/22 11:00:00,A,TOTAL,TOTAL,T,PC,TR,2006,32.2,
ESTAT:SDG_11_11(1.0),09/09/22 11:00:00,A,TOTAL,TOTAL,T,PC,TR,2007,29.2,
ESTAT:SDG_11_11(1.0),09/09/22 11:00:00,A,TOTAL,TOTAL,T,PC,TR,2008,28.0,
ESTAT:SDG_11_11(1.0),09/09/22 11:00:00,A,TOTAL,TOTAL,T,PC,TR,2009,30.9,
ESTAT:SDG_11_11(1.0),09/09/22 11:00:00,A,TOTAL,TOTAL,T,PC,TR,2010,30.5,
ESTAT:SDG_11_11(1.0),09/09/22 11:00:00,A,TOTAL,TOTAL,T,PC,TR,2011,28.9,
ESTAT:SDG_11_11(1.0),09/09/22 11:00:00,A,TOTAL,TOTAL,T,PC,TR,2012,29.1,
ESTAT:SDG_11_11(1.0),09/09/22 11:00:00,A,TOTAL,TOTAL,T,PC,TR,2013,27.4,
ESTAT:SDG_11_11(1.0),09/09/22 11:00:00,A,TOTAL,TOTAL,T,PC,TR,2014,27.0,
ESTAT:SDG_11_11(1.0),09/09/22 11:00:00,A,TOTAL,TOTAL,T,PC,TR,2015,26.4,
ESTAT:SDG_11_11(1.0),09/09/22 11:00:00,A,TOTAL,TOTAL,T,PC,TR,2016,26.1,
ESTAT:SDG_11_11(1.0),09/09/22 11:00:00,A,TOTAL,TOTAL,T,PC,TR,2017,25.1,
ESTAT:SDG_11_11(1.0),09/09/22 11:00:00,A,TOTAL,TOTAL,T,PC,TR,2018,23.9,
ESTAT:SDG_11_11(1.0),09/09/22 11:00:00,A,TOTAL,TOTAL,T,PC,TR,2019,23.4,
ESTAT:SDG_11_11(1.0),09/09/22 11:00:00,A,TOTAL,TOTAL,T,PC,TR,2020,21.9,
ESTAT:SDG_11_11(1.0),09/09/22 11:00:00,A,TOTAL,TOTAL,T,PC,UK,2005,2.3,
ESTAT:SDG_11_11(1.0),09/09/22 11:00:00,A,TOTAL,TOTAL,T,PC,UK,2006,2.1,
ESTAT:SDG_11_11(1.0),09/09/22 11:00:00,A,TOTAL,TOTAL,T,PC,UK,2007,2.2,
ESTAT:SDG_11_11(1.0),09/09/22 11:00:00,A,TOTAL,TOTAL,T,PC,UK,2008,2.3,
ESTAT:SDG_11_11(1.0),09/09/22 11:00:00,A,TOTAL,TOTAL,T,PC,UK,2009,2.9,
ESTAT:SDG_11_11(1.0),09/09/22 11:00:00,A,TOTAL,TOTAL,T,PC,UK,2010,2.8,
ESTAT:SDG_11_11(1.0),09/09/22 11:00:00,A,TOTAL,TOTAL,T,PC,UK,2011,2.6,
ESTAT:SDG_11_11(1.0),09/09/22 11:00:00,A,TOTAL,TOTAL,T,PC,UK,2012,2.0,b
ESTAT:SDG_11_11(1.0),09/09/22 11:00:00,A,TOTAL,TOTAL,T,PC,UK,2013,2.5,
ESTAT:SDG_11_11(1.0),09/09/22 11:00:00,A,TOTAL,TOTAL,T,PC,UK,2014,2.4,
ESTAT:SDG_11_11(1.0),09/09/22 11:00:00,A,TOTAL,TOTAL,T,PC,UK,2015,2.2,
ESTAT:SDG_11_11(1.0),09/09/22 11:00:00,A,TOTAL,TOTAL,T,PC,UK,2016,2.2,
ESTAT:SDG_11_11(1.0),09/09/22 11:00:00,A,TOTAL,TOTAL,T,PC,UK,2017,1.0,b
ESTAT:SDG_11_11(1.0),09/09/22 11:00:00,A,TOTAL,TOTAL,T,PC,UK,2018,1.9,
ESTAT:SDG_11_11(1.0),09/09/22 11:00:00,A,TOTAL,TOTAL,T,PC,XK,2018,20.3,
