DATAFLOW,LAST UPDATE,freq,unit,quantile,reason,age,sex,geo,TIME_PERIOD,OBS_VALUE,OBS_FLAG
ESTAT:TESPM110(1.0),11/07/23 23:00:00,A,PC,TOTAL,TOOEFW,Y_GE16,T,AL,2017,13.1,
ESTAT:TESPM110(1.0),11/07/23 23:00:00,A,PC,TOTAL,TOOEFW,Y_GE16,T,AL,2018,14.8,
ESTAT:TESPM110(1.0),11/07/23 23:00:00,A,PC,TOTAL,TOOEFW,Y_GE16,T,AL,2019,14.6,
ESTAT:TESPM110(1.0),11/07/23 23:00:00,A,PC,TOTAL,TOOEFW,Y_GE16,T,AL,2020,10.6,
ESTAT:TESPM110(1.0),11/07/23 23:00:00,A,PC,TOTAL,TOOEFW,Y_GE16,T,AT,2008,0.7,
ESTAT:TESPM110(1.0),11/07/23 23:00:00,A,PC,TOTAL,TOOEFW,Y_GE16,T,AT,2009,0.5,
ESTAT:TESPM110(1.0),11/07/23 23:00:00,A,PC,TOTAL,TOOEFW,Y_GE16,T,AT,2010,0.6,
ESTAT:TESPM110(1.0),11/07/23 23:00:00,A,PC,TOTAL,TOOEFW,Y_GE16,T,AT,2011,0.4,
ESTAT:TESPM110(1.0),11/07/23 23:00:00,A,PC,TOTAL,TOOEFW,Y_GE16,T,AT,2012,0.3,
ESTAT:TESPM110(1.0),11/07/23 23:00:00,A,PC,TOTAL,TOOEFW,Y_GE16,T,AT,2013,0.4,
ESTAT:TESPM110(1.0),11/07/23 23:00:00,A,PC,TOTAL,TOOEFW,Y_GE16,T,AT,2014,0.1,
ESTAT:TESPM110(1.0),11/07/23 23:00:00,A,PC,TOTAL,TOOEFW,Y_GE16,T,AT,2015,0.1,
ESTAT:TESPM110(1.0),11/07/23 23:00:00,A,PC,TOTAL,TOOEFW,Y_GE16,T,AT,2016,0.2,
ESTAT:TESPM110(1.0),11/07/23 23:00:00,A,PC,TOTAL,TOOEFW,Y_GE16,T,AT,2017,0.2,
ESTAT:TESPM110(1.0),11/07/23 23:00:00,A,PC,TOTAL,TOOEFW,Y_GE16,T,AT,2018,0.1,
ESTAT:TESPM110(1.0),11/07/23 23:00:00,A,PC,TOTAL,TOOEFW,Y_GE16,T,AT,2019,0.3,
ESTAT:TESPM110(1.0),11/07/23 23:00:00,A,PC,TOTAL,TOOEFW,Y_GE16,T,AT,2020,0.1,
ESTAT:TESPM110(1.0),11/07/23 23:00:00,A,PC,TOTAL,TOOEFW,Y_GE16,T,AT,2021,0.3,
ESTAT:TESPM110(1.0),11/07/23 23:00:00,A,PC,TOTAL,TOOEFW,Y_GE16,T,AT,2022,0.5,
ESTAT:TESPM110(1.0),11/07/23 23:00:00,A,PC,TOTAL,TOOEFW,Y_GE16,T,BE,2008,0.5,
ESTAT:TESPM110(1.0),11/07/23 23:00:00,A,PC,TOTAL,TOOEFW,Y_GE16,T,BE,2009,0.6,
ESTAT:TESPM110(1.0),11/07/23 23:00:00,A,PC,TOTAL,TOOEFW,Y_GE16,T,BE,2010,0.4,
ESTAT:TESPM110(1.0),11/07/23 23:00:00,A,PC,TOTAL,TOOEFW,Y_GE16,T,BE,2011,1.5,b
ESTAT:TESPM110(1.0),11/07/23 23:00:00,A,PC,TOTAL,TOOEFW,Y_GE16,T,BE,2012,1.7,
ESTAT:TESPM110(1.0),11/07/23 23:00:00,A,PC,TOTAL,TOOEFW,Y_GE16,T,BE,2013,1.9,
ESTAT:TESPM110(1.0),11/07/23 23:00:00,A,PC,TOTAL,TOOEFW,Y_GE16,T,BE,2014,2.5,
ESTAT:TESPM110(1.0),11/07/23 23:00:00,A,PC,TOTAL,TOOEFW,Y_GE16,T,BE,2015,2.4,
ESTAT:TESPM110(1.0),11/07/23 23:00:00,A,PC,TOTAL,TOOEFW,Y_GE16,T,BE,2016,2.5,
ESTAT:TESPM110(1.0),11/07/23 23:00:00,A,PC,TOTAL,TOOEFW,Y_GE16,T,BE,2017,2.2,
ESTAT:TESPM110(1.0),11/07/23 23:00:00,A,PC,TOTAL,TOOEFW,Y_GE16,T,BE,2018,1.8,
ESTAT:TESPM110(1.0),11/07/23 23:00:00,A,PC,TOTAL,TOOEFW,Y_GE16,T,BE,2019,1.8,b
ESTAT:TESPM110(1.0),11/07/23 23:00:00,A,PC,TOTAL,TOOEFW,Y_GE16,T,BE,2020,1.5,
ESTAT:TESPM110(1.0),11/07/23 23:00:00,A,PC,TOTAL,TOOEFW,Y_GE16,T,BE,2021,1.7,
ESTAT:TESPM110(1.0),11/07/23 23:00:00,A,PC,TOTAL,TOOEFW,Y_GE16,T,BE,2022,1.0,
ESTAT:TESPM110(1.0),11/07/23 23:00:00,A,PC,TOTAL,TOOEFW,Y_GE16,T,BG,2008,15.3,
ESTAT:TESPM110(1.0),11/07/23 23:00:00,A,PC,TOTAL,TOOEFW,Y_GE16,T,BG,2009,10.3,
ESTAT:TESPM110(1.0),11/07/23 23:00:00,A,PC,TOTAL,TOOEFW,Y_GE16,T,BG,2010,10.5,
ESTAT:TESPM110(1.0),11/07/23 23:00:00,A,PC,TOTAL,TOOEFW,Y_GE16,T,BG,2011,9.8,
ESTAT:TESPM110(1.0),11/07/23 23:00:00,A,PC,TOTAL,TOOEFW,Y_GE16,T,BG,2012,8.3,
ESTAT:TESPM110(1.0),11/07/23 23:00:00,A,PC,TOTAL,TOOEFW,Y_GE16,T,BG,2013,8.9,
ESTAT:TESPM110(1.0),11/07/23 23:00:00,A,PC,TOTAL,TOOEFW,Y_GE16,T,BG,2014,5.6,
ESTAT:TESPM110(1.0),11/07/23 23:00:00,A,PC,TOTAL,TOOEFW,Y_GE16,T,BG,2015,4.7,
ESTAT:TESPM110(1.0),11/07/23 23:00:00,A,PC,TOTAL,TOOEFW,Y_GE16,T,BG,2016,2.8,
ESTAT:TESPM110(1.0),11/07/23 23:00:00,A,PC,TOTAL,TOOEFW,Y_GE16,T,BG,2017,2.1,
ESTAT:TESPM110(1.0),11/07/23 23:00:00,A,PC,TOTAL,TOOEFW,Y_GE16,T,BG,2018,1.9,
ESTAT:TESPM110(1.0),11/07/23 23:00:00,A,PC,TOTAL,TOOEFW,Y_GE16,T,BG,2019,1.4,
ESTAT:TESPM110(1.0),11/07/23 23:00:00,A,PC,TOTAL,TOOEFW,Y_GE16,T,BG,2020,1.4,
ESTAT:TESPM110(1.0),11/07/23 23:00:00,A,PC,TOTAL,TOOEFW,Y_GE16,T,BG,2021,1.0,
ESTAT:TESPM110(1.0),11/07/23 23:00:00,A,PC,TOTAL,TOOEFW,Y_GE16,T,BG,2022,1.0,
ESTAT:TESPM110(1.0),11/07/23 23:00:00,A,PC,TOTAL,TOOEFW,Y_GE16,T,CH,2008,1.0,
ESTAT:TESPM110(1.0),11/07/23 23:00:00,A,PC,TOTAL,TOOEFW,Y_GE16,T,CH,2009,1.0,
ESTAT:TESPM110(1.0),11/07/23 23:00:00,A,PC,TOTAL,TOOEFW,Y_GE16,T,CH,2010,1.1,
ESTAT:TESPM110(1.0),11/07/23 23:00:00,A,PC,TOTAL,TOOEFW,Y_GE16,T,CH,2011,0.8,
ESTAT:TESPM110(1.0),11/07/23 23:00:00,A,PC,TOTAL,TOOEFW,Y_GE16,T,CH,2012,1.0,
ESTAT:TESPM110(1.0),11/07/23 23:00:00,A,PC,TOTAL,TOOEFW,Y_GE16,T,CH,2013,1.2,
ESTAT:TESPM110(1.0),11/07/23 23:00:00,A,PC,TOTAL,TOOEFW,Y_GE16,T,CH,2014,1.3,
ESTAT:TESPM110(1.0),11/07/23 23:00:00,A,PC,TOTAL,TOOEFW,Y_GE16,T,CH,2015,0.5,
ESTAT:TESPM110(1.0),11/07/23 23:00:00,A,PC,TOTAL,TOOEFW,Y_GE16,T,CH,2016,0.5,
ESTAT:TESPM110(1.0),11/07/23 23:00:00,A,PC,TOTAL,TOOEFW,Y_GE16,T,CH,2017,0.4,
ESTAT:TESPM110(1.0),11/07/23 23:00:00,A,PC,TOTAL,TOOEFW,Y_GE16,T,CH,2018,0.7,
ESTAT:TESPM110(1.0),11/07/23 23:00:00,A,PC,TOTAL,TOOEFW,Y_GE16,T,CH,2019,0.7,
ESTAT:TESPM110(1.0),11/07/23 23:00:00,A,PC,TOTAL,TOOEFW,Y_GE16,T,CH,2020,0.5,
ESTAT:TESPM110(1.0),11/07/23 23:00:00,A,PC,TOTAL,TOOEFW,Y_GE16,T,CH,2021,0.5,
ESTAT:TESPM110(1.0),11/07/23 23:00:00,A,PC,TOTAL,TOOEFW,Y_GE16,T,CY,2008,2.8,
ESTAT:TESPM110(1.0),11/07/23 23:00:00,A,PC,TOTAL,TOOEFW,Y_GE16,T,CY,2009,3.4,
ESTAT:TESPM110(1.0),11/07/23 23:00:00,A,PC,TOTAL,TOOEFW,Y_GE16,T,CY,2010,4.1,
ESTAT:TESPM110(1.0),11/07/23 23:00:00,A,PC,TOTAL,TOOEFW,Y_GE16,T,CY,2011,4.4,
ESTAT:TESPM110(1.0),11/07/23 23:00:00,A,PC,TOTAL,TOOEFW,Y_GE16,T,CY,2012,3.5,
ESTAT:TESPM110(1.0),11/07/23 23:00:00,A,PC,TOTAL,TOOEFW,Y_GE16,T,CY,2013,4.4,
ESTAT:TESPM110(1.0),11/07/23 23:00:00,A,PC,TOTAL,TOOEFW,Y_GE16,T,CY,2014,4.7,
ESTAT:TESPM110(1.0),11/07/23 23:00:00,A,PC,TOTAL,TOOEFW,Y_GE16,T,CY,2015,1.5,
ESTAT:TESPM110(1.0),11/07/23 23:00:00,A,PC,TOTAL,TOOEFW,Y_GE16,T,CY,2016,0.6,
ESTAT:TESPM110(1.0),11/07/23 23:00:00,A,PC,TOTAL,TOOEFW,Y_GE16,T,CY,2017,1.5,
ESTAT:TESPM110(1.0),11/07/23 23:00:00,A,PC,TOTAL,TOOEFW,Y_GE16,T,CY,2018,1.4,
ESTAT:TESPM110(1.0),11/07/23 23:00:00,A,PC,TOTAL,TOOEFW,Y_GE16,T,CY,2019,1.0,
ESTAT:TESPM110(1.0),11/07/23 23:00:00,A,PC,TOTAL,TOOEFW,Y_GE16,T,CY,2020,0.4,
ESTAT:TESPM110(1.0),11/07/23 23:00:00,A,PC,TOTAL,TOOEFW,Y_GE16,T,CY,2021,0.1,
ESTAT:TESPM110(1.0),11/07/23 23:00:00,A,PC,TOTAL,TOOEFW,Y_GE16,T,CY,2022,0.1,
ESTAT:TESPM110(1.0),11/07/23 23:00:00,A,PC,TOTAL,TOOEFW,Y_GE16,T,CZ,2008,0.7,
ESTAT:TESPM110(1.0),11/07/23 23:00:00,A,PC,TOTAL,TOOEFW,Y_GE16,T,CZ,2009,0.6,
ESTAT:TESPM110(1.0),11/07/23 23:00:00,A,PC,TOTAL,TOOEFW,Y_GE16,T,CZ,2010,1.0,
ESTAT:TESPM110(1.0),11/07/23 23:00:00,A,PC,TOTAL,TOOEFW,Y_GE16,T,CZ,2011,1.1,
ESTAT:TESPM110(1.0),11/07/23 23:00:00,A,PC,TOTAL,TOOEFW,Y_GE16,T,CZ,2012,1.0,
ESTAT:TESPM110(1.0),11/07/23 23:00:00,A,PC,TOTAL,TOOEFW,Y_GE16,T,CZ,2013,1.0,
ESTAT:TESPM110(1.0),11/07/23 23:00:00,A,PC,TOTAL,TOOEFW,Y_GE16,T,CZ,2014,1.1,
ESTAT:TESPM110(1.0),11/07/23 23:00:00,A,PC,TOTAL,TOOEFW,Y_GE16,T,CZ,2015,0.8,
ESTAT:TESPM110(1.0),11/07/23 23:00:00,A,PC,TOTAL,TOOEFW,Y_GE16,T,CZ,2016,0.7,
ESTAT:TESPM110(1.0),11/07/23 23:00:00,A,PC,TOTAL,TOOEFW,Y_GE16,T,CZ,2017,0.5,
ESTAT:TESPM110(1.0),11/07/23 23:00:00,A,PC,TOTAL,TOOEFW,Y_GE16,T,CZ,2018,0.3,
ESTAT:TESPM110(1.0),11/07/23 23:00:00,A,PC,TOTAL,TOOEFW,Y_GE16,T,CZ,2019,0.5,
ESTAT:TESPM110(1.0),11/07/23 23:00:00,A,PC,TOTAL,TOOEFW,Y_GE16,T,CZ,2020,0.4,
ESTAT:TESPM110(1.0),11/07/23 23:00:00,A,PC,TOTAL,TOOEFW,Y_GE16,T,CZ,2021,0.3,
ESTAT:TESPM110(1.0),11/07/23 23:00:00,A,PC,TOTAL,TOOEFW,Y_GE16,T,CZ,2022,0.2,
ESTAT:TESPM110(1.0),11/07/23 23:00:00,A,PC,TOTAL,TOOEFW,Y_GE16,T,DE,2008,2.2,
ESTAT:TESPM110(1.0),11/07/23 23:00:00,A,PC,TOTAL,TOOEFW,Y_GE16,T,DE,2009,2.1,
ESTAT:TESPM110(1.0),11/07/23 23:00:00,A,PC,TOTAL,TOOEFW,Y_GE16,T,DE,2010,1.8,
ESTAT:TESPM110(1.0),11/07/23 23:00:00,A,PC,TOTAL,TOOEFW,Y_GE16,T,DE,2011,1.7,
ESTAT:TESPM110(1.0),11/07/23 23:00:00,A,PC,TOTAL,TOOEFW,Y_GE16,T,DE,2012,1.6,
ESTAT:TESPM110(1.0),11/07/23 23:00:00,A,PC,TOTAL,TOOEFW,Y_GE16,T,DE,2013,1.6,
ESTAT:TESPM110(1.0),11/07/23 23:00:00,A,PC,TOTAL,TOOEFW,Y_GE16,T,DE,2014,1.6,
ESTAT:TESPM110(1.0),11/07/23 23:00:00,A,PC,TOTAL,TOOEFW,Y_GE16,T,DE,2015,0.5,
ESTAT:TESPM110(1.0),11/07/23 23:00:00,A,PC,TOTAL,TOOEFW,Y_GE16,T,DE,2016,0.3,
ESTAT:TESPM110(1.0),11/07/23 23:00:00,A,PC,TOTAL,TOOEFW,Y_GE16,T,DE,2017,0.3,
ESTAT:TESPM110(1.0),11/07/23 23:00:00,A,PC,TOTAL,TOOEFW,Y_GE16,T,DE,2018,0.2,
ESTAT:TESPM110(1.0),11/07/23 23:00:00,A,PC,TOTAL,TOOEFW,Y_GE16,T,DE,2019,0.3,
ESTAT:TESPM110(1.0),11/07/23 23:00:00,A,PC,TOTAL,TOOEFW,Y_GE16,T,DE,2020,0.1,b
ESTAT:TESPM110(1.0),11/07/23 23:00:00,A,PC,TOTAL,TOOEFW,Y_GE16,T,DE,2021,0.1,
ESTAT:TESPM110(1.0),11/07/23 23:00:00,A,PC,TOTAL,TOOEFW,Y_GE16,T,DE,2022,0.3,
ESTAT:TESPM110(1.0),11/07/23 23:00:00,A,PC,TOTAL,TOOEFW,Y_GE16,T,DK,2008,0.6,
ESTAT:TESPM110(1.0),11/07/23 23:00:00,A,PC,TOTAL,TOOEFW,Y_GE16,T,DK,2009,1.5,
ESTAT:TESPM110(1.0),11/07/23 23:00:00,A,PC,TOTAL,TOOEFW,Y_GE16,T,DK,2010,1.1,
ESTAT:TESPM110(1.0),11/07/23 23:00:00,A,PC,TOTAL,TOOEFW,Y_GE16,T,DK,2011,0.9,
ESTAT:TESPM110(1.0),11/07/23 23:00:00,A,PC,TOTAL,TOOEFW,Y_GE16,T,DK,2012,1.3,
ESTAT:TESPM110(1.0),11/07/23 23:00:00,A,PC,TOTAL,TOOEFW,Y_GE16,T,DK,2013,1.3,
ESTAT:TESPM110(1.0),11/07/23 23:00:00,A,PC,TOTAL,TOOEFW,Y_GE16,T,DK,2014,1.4,
ESTAT:TESPM110(1.0),11/07/23 23:00:00,A,PC,TOTAL,TOOEFW,Y_GE16,T,DK,2015,1.3,
ESTAT:TESPM110(1.0),11/07/23 23:00:00,A,PC,TOTAL,TOOEFW,Y_GE16,T,DK,2016,1.3,
ESTAT:TESPM110(1.0),11/07/23 23:00:00,A,PC,TOTAL,TOOEFW,Y_GE16,T,DK,2017,1.0,
ESTAT:TESPM110(1.0),11/07/23 23:00:00,A,PC,TOTAL,TOOEFW,Y_GE16,T,DK,2018,1.3,
ESTAT:TESPM110(1.0),11/07/23 23:00:00,A,PC,TOTAL,TOOEFW,Y_GE16,T,DK,2019,1.8,
ESTAT:TESPM110(1.0),11/07/23 23:00:00,A,PC,TOTAL,TOOEFW,Y_GE16,T,DK,2020,1.7,
ESTAT:TESPM110(1.0),11/07/23 23:00:00,A,PC,TOTAL,TOOEFW,Y_GE16,T,DK,2021,1.3,
ESTAT:TESPM110(1.0),11/07/23 23:00:00,A,PC,TOTAL,TOOEFW,Y_GE16,T,DK,2022,2.1,
ESTAT:TESPM110(1.0),11/07/23 23:00:00,A,PC,TOTAL,TOOEFW,Y_GE16,T,EA19,2008,2.4,
ESTAT:TESPM110(1.0),11/07/23 23:00:00,A,PC,TOTAL,TOOEFW,Y_GE16,T,EA19,2009,2.5,
ESTAT:TESPM110(1.0),11/07/23 23:00:00,A,PC,TOTAL,TOOEFW,Y_GE16,T,EA19,2010,2.4,
ESTAT:TESPM110(1.0),11/07/23 23:00:00,A,PC,TOTAL,TOOEFW,Y_GE16,T,EA19,2011,2.7,
ESTAT:TESPM110(1.0),11/07/23 23:00:00,A,PC,TOTAL,TOOEFW,Y_GE16,T,EA19,2012,2.8,
ESTAT:TESPM110(1.0),11/07/23 23:00:00,A,PC,TOTAL,TOOEFW,Y_GE16,T,EA19,2013,3.1,
ESTAT:TESPM110(1.0),11/07/23 23:00:00,A,PC,TOTAL,TOOEFW,Y_GE16,T,EA19,2014,3.3,
ESTAT:TESPM110(1.0),11/07/23 23:00:00,A,PC,TOTAL,TOOEFW,Y_GE16,T,EA19,2015,2.7,
ESTAT:TESPM110(1.0),11/07/23 23:00:00,A,PC,TOTAL,TOOEFW,Y_GE16,T,EA19,2016,2.3,
ESTAT:TESPM110(1.0),11/07/23 23:00:00,A,PC,TOTAL,TOOEFW,Y_GE16,T,EA19,2017,1.3,
ESTAT:TESPM110(1.0),11/07/23 23:00:00,A,PC,TOTAL,TOOEFW,Y_GE16,T,EA19,2018,1.4,
ESTAT:TESPM110(1.0),11/07/23 23:00:00,A,PC,TOTAL,TOOEFW,Y_GE16,T,EA19,2019,1.3,
ESTAT:TESPM110(1.0),11/07/23 23:00:00,A,PC,TOTAL,TOOEFW,Y_GE16,T,EA19,2020,1.8,e
ESTAT:TESPM110(1.0),11/07/23 23:00:00,A,PC,TOTAL,TOOEFW,Y_GE16,T,EA19,2021,1.9,
ESTAT:TESPM110(1.0),11/07/23 23:00:00,A,PC,TOTAL,TOOEFW,Y_GE16,T,EA20,2014,3.3,
ESTAT:TESPM110(1.0),11/07/23 23:00:00,A,PC,TOTAL,TOOEFW,Y_GE16,T,EA20,2015,2.7,
ESTAT:TESPM110(1.0),11/07/23 23:00:00,A,PC,TOTAL,TOOEFW,Y_GE16,T,EA20,2016,2.3,
ESTAT:TESPM110(1.0),11/07/23 23:00:00,A,PC,TOTAL,TOOEFW,Y_GE16,T,EA20,2017,1.4,
ESTAT:TESPM110(1.0),11/07/23 23:00:00,A,PC,TOTAL,TOOEFW,Y_GE16,T,EA20,2018,1.4,
ESTAT:TESPM110(1.0),11/07/23 23:00:00,A,PC,TOTAL,TOOEFW,Y_GE16,T,EA20,2019,1.3,
ESTAT:TESPM110(1.0),11/07/23 23:00:00,A,PC,TOTAL,TOOEFW,Y_GE16,T,EA20,2020,1.8,e
ESTAT:TESPM110(1.0),11/07/23 23:00:00,A,PC,TOTAL,TOOEFW,Y_GE16,T,EA20,2021,1.9,
ESTAT:TESPM110(1.0),11/07/23 23:00:00,A,PC,TOTAL,TOOEFW,Y_GE16,T,EA20,2022,2.1,
ESTAT:TESPM110(1.0),11/07/23 23:00:00,A,PC,TOTAL,TOOEFW,Y_GE16,T,EE,2008,7.3,
ESTAT:TESPM110(1.0),11/07/23 23:00:00,A,PC,TOTAL,TOOEFW,Y_GE16,T,EE,2009,4.3,
ESTAT:TESPM110(1.0),11/07/23 23:00:00,A,PC,TOTAL,TOOEFW,Y_GE16,T,EE,2010,4.8,
ESTAT:TESPM110(1.0),11/07/23 23:00:00,A,PC,TOTAL,TOOEFW,Y_GE16,T,EE,2011,7.3,
ESTAT:TESPM110(1.0),11/07/23 23:00:00,A,PC,TOTAL,TOOEFW,Y_GE16,T,EE,2012,8.3,
ESTAT:TESPM110(1.0),11/07/23 23:00:00,A,PC,TOTAL,TOOEFW,Y_GE16,T,EE,2013,8.4,
ESTAT:TESPM110(1.0),11/07/23 23:00:00,A,PC,TOTAL,TOOEFW,Y_GE16,T,EE,2014,11.3,
ESTAT:TESPM110(1.0),11/07/23 23:00:00,A,PC,TOTAL,TOOEFW,Y_GE16,T,EE,2015,12.7,
ESTAT:TESPM110(1.0),11/07/23 23:00:00,A,PC,TOTAL,TOOEFW,Y_GE16,T,EE,2016,15.3,
ESTAT:TESPM110(1.0),11/07/23 23:00:00,A,PC,TOTAL,TOOEFW,Y_GE16,T,EE,2017,11.8,
ESTAT:TESPM110(1.0),11/07/23 23:00:00,A,PC,TOTAL,TOOEFW,Y_GE16,T,EE,2018,16.4,
ESTAT:TESPM110(1.0),11/07/23 23:00:00,A,PC,TOTAL,TOOEFW,Y_GE16,T,EE,2019,15.5,
ESTAT:TESPM110(1.0),11/07/23 23:00:00,A,PC,TOTAL,TOOEFW,Y_GE16,T,EE,2020,13.0,
ESTAT:TESPM110(1.0),11/07/23 23:00:00,A,PC,TOTAL,TOOEFW,Y_GE16,T,EE,2021,8.1,
ESTAT:TESPM110(1.0),11/07/23 23:00:00,A,PC,TOTAL,TOOEFW,Y_GE16,T,EE,2022,9.1,
ESTAT:TESPM110(1.0),11/07/23 23:00:00,A,PC,TOTAL,TOOEFW,Y_GE16,T,EL,2008,5.4,
ESTAT:TESPM110(1.0),11/07/23 23:00:00,A,PC,TOTAL,TOOEFW,Y_GE16,T,EL,2009,5.5,
ESTAT:TESPM110(1.0),11/07/23 23:00:00,A,PC,TOTAL,TOOEFW,Y_GE16,T,EL,2010,5.5,
ESTAT:TESPM110(1.0),11/07/23 23:00:00,A,PC,TOTAL,TOOEFW,Y_GE16,T,EL,2011,7.5,
ESTAT:TESPM110(1.0),11/07/23 23:00:00,A,PC,TOTAL,TOOEFW,Y_GE16,T,EL,2012,8.0,
ESTAT:TESPM110(1.0),11/07/23 23:00:00,A,PC,TOTAL,TOOEFW,Y_GE16,T,EL,2013,9.0,
ESTAT:TESPM110(1.0),11/07/23 23:00:00,A,PC,TOTAL,TOOEFW,Y_GE16,T,EL,2014,10.9,
ESTAT:TESPM110(1.0),11/07/23 23:00:00,A,PC,TOTAL,TOOEFW,Y_GE16,T,EL,2015,12.3,
ESTAT:TESPM110(1.0),11/07/23 23:00:00,A,PC,TOTAL,TOOEFW,Y_GE16,T,EL,2016,13.1,
ESTAT:TESPM110(1.0),11/07/23 23:00:00,A,PC,TOTAL,TOOEFW,Y_GE16,T,EL,2017,10.0,
ESTAT:TESPM110(1.0),11/07/23 23:00:00,A,PC,TOTAL,TOOEFW,Y_GE16,T,EL,2018,8.8,
ESTAT:TESPM110(1.0),11/07/23 23:00:00,A,PC,TOTAL,TOOEFW,Y_GE16,T,EL,2019,8.1,
ESTAT:TESPM110(1.0),11/07/23 23:00:00,A,PC,TOTAL,TOOEFW,Y_GE16,T,EL,2020,6.5,
ESTAT:TESPM110(1.0),11/07/23 23:00:00,A,PC,TOTAL,TOOEFW,Y_GE16,T,EL,2021,6.4,
ESTAT:TESPM110(1.0),11/07/23 23:00:00,A,PC,TOTAL,TOOEFW,Y_GE16,T,EL,2022,9.0,
ESTAT:TESPM110(1.0),11/07/23 23:00:00,A,PC,TOTAL,TOOEFW,Y_GE16,T,ES,2008,0.4,
ESTAT:TESPM110(1.0),11/07/23 23:00:00,A,PC,TOTAL,TOOEFW,Y_GE16,T,ES,2009,0.5,
ESTAT:TESPM110(1.0),11/07/23 23:00:00,A,PC,TOTAL,TOOEFW,Y_GE16,T,ES,2010,0.3,
ESTAT:TESPM110(1.0),11/07/23 23:00:00,A,PC,TOTAL,TOOEFW,Y_GE16,T,ES,2011,0.6,
ESTAT:TESPM110(1.0),11/07/23 23:00:00,A,PC,TOTAL,TOOEFW,Y_GE16,T,ES,2012,0.7,
ESTAT:TESPM110(1.0),11/07/23 23:00:00,A,PC,TOTAL,TOOEFW,Y_GE16,T,ES,2013,0.8,
ESTAT:TESPM110(1.0),11/07/23 23:00:00,A,PC,TOTAL,TOOEFW,Y_GE16,T,ES,2014,0.6,
ESTAT:TESPM110(1.0),11/07/23 23:00:00,A,PC,TOTAL,TOOEFW,Y_GE16,T,ES,2015,0.6,
ESTAT:TESPM110(1.0),11/07/23 23:00:00,A,PC,TOTAL,TOOEFW,Y_GE16,T,ES,2016,0.5,
ESTAT:TESPM110(1.0),11/07/23 23:00:00,A,PC,TOTAL,TOOEFW,Y_GE16,T,ES,2017,0.1,
ESTAT:TESPM110(1.0),11/07/23 23:00:00,A,PC,TOTAL,TOOEFW,Y_GE16,T,ES,2018,0.2,
ESTAT:TESPM110(1.0),11/07/23 23:00:00,A,PC,TOTAL,TOOEFW,Y_GE16,T,ES,2019,0.2,
ESTAT:TESPM110(1.0),11/07/23 23:00:00,A,PC,TOTAL,TOOEFW,Y_GE16,T,ES,2020,0.4,
ESTAT:TESPM110(1.0),11/07/23 23:00:00,A,PC,TOTAL,TOOEFW,Y_GE16,T,ES,2021,1.1,
ESTAT:TESPM110(1.0),11/07/23 23:00:00,A,PC,TOTAL,TOOEFW,Y_GE16,T,ES,2022,1.2,
ESTAT:TESPM110(1.0),11/07/23 23:00:00,A,PC,TOTAL,TOOEFW,Y_GE16,T,EU27_2007,2008,3.0,
ESTAT:TESPM110(1.0),11/07/23 23:00:00,A,PC,TOTAL,TOOEFW,Y_GE16,T,EU27_2007,2009,3.0,
ESTAT:TESPM110(1.0),11/07/23 23:00:00,A,PC,TOTAL,TOOEFW,Y_GE16,T,EU27_2007,2010,3.1,
ESTAT:TESPM110(1.0),11/07/23 23:00:00,A,PC,TOTAL,TOOEFW,Y_GE16,T,EU27_2007,2011,3.3,
ESTAT:TESPM110(1.0),11/07/23 23:00:00,A,PC,TOTAL,TOOEFW,Y_GE16,T,EU27_2007,2012,3.5,
ESTAT:TESPM110(1.0),11/07/23 23:00:00,A,PC,TOTAL,TOOEFW,Y_GE16,T,EU27_2007,2013,3.7,
ESTAT:TESPM110(1.0),11/07/23 23:00:00,A,PC,TOTAL,TOOEFW,Y_GE16,T,EU27_2007,2014,3.7,
ESTAT:TESPM110(1.0),11/07/23 23:00:00,A,PC,TOTAL,TOOEFW,Y_GE16,T,EU27_2007,2015,3.3,
ESTAT:TESPM110(1.0),11/07/23 23:00:00,A,PC,TOTAL,TOOEFW,Y_GE16,T,EU27_2007,2016,2.6,
ESTAT:TESPM110(1.0),11/07/23 23:00:00,A,PC,TOTAL,TOOEFW,Y_GE16,T,EU27_2007,2017,1.7,
ESTAT:TESPM110(1.0),11/07/23 23:00:00,A,PC,TOTAL,TOOEFW,Y_GE16,T,EU27_2007,2018,2.0,
ESTAT:TESPM110(1.0),11/07/23 23:00:00,A,PC,TOTAL,TOOEFW,Y_GE16,T,EU27_2007,2019,1.9,e
ESTAT:TESPM110(1.0),11/07/23 23:00:00,A,PC,TOTAL,TOOEFW,Y_GE16,T,EU27_2020,2010,3.5,e
ESTAT:TESPM110(1.0),11/07/23 23:00:00,A,PC,TOTAL,TOOEFW,Y_GE16,T,EU27_2020,2011,3.7,e
ESTAT:TESPM110(1.0),11/07/23 23:00:00,A,PC,TOTAL,TOOEFW,Y_GE16,T,EU27_2020,2012,3.8,e
ESTAT:TESPM110(1.0),11/07/23 23:00:00,A,PC,TOTAL,TOOEFW,Y_GE16,T,EU27_2020,2013,4.0,e
ESTAT:TESPM110(1.0),11/07/23 23:00:00,A,PC,TOTAL,TOOEFW,Y_GE16,T,EU27_2020,2014,3.9,e
ESTAT:TESPM110(1.0),11/07/23 23:00:00,A,PC,TOTAL,TOOEFW,Y_GE16,T,EU27_2020,2015,3.3,e
ESTAT:TESPM110(1.0),11/07/23 23:00:00,A,PC,TOTAL,TOOEFW,Y_GE16,T,EU27_2020,2016,2.8,e
ESTAT:TESPM110(1.0),11/07/23 23:00:00,A,PC,TOTAL,TOOEFW,Y_GE16,T,EU27_2020,2017,1.6,e
ESTAT:TESPM110(1.0),11/07/23 23:00:00,A,PC,TOTAL,TOOEFW,Y_GE16,T,EU27_2020,2018,1.8,e
ESTAT:TESPM110(1.0),11/07/23 23:00:00,A,PC,TOTAL,TOOEFW,Y_GE16,T,EU27_2020,2019,1.7,e
ESTAT:TESPM110(1.0),11/07/23 23:00:00,A,PC,TOTAL,TOOEFW,Y_GE16,T,EU27_2020,2020,1.9,e
ESTAT:TESPM110(1.0),11/07/23 23:00:00,A,PC,TOTAL,TOOEFW,Y_GE16,T,EU27_2020,2021,2.0,
ESTAT:TESPM110(1.0),11/07/23 23:00:00,A,PC,TOTAL,TOOEFW,Y_GE16,T,EU27_2020,2022,2.2,
ESTAT:TESPM110(1.0),11/07/23 23:00:00,A,PC,TOTAL,TOOEFW,Y_GE16,T,EU28,2010,3.1,
ESTAT:TESPM110(1.0),11/07/23 23:00:00,A,PC,TOTAL,TOOEFW,Y_GE16,T,EU28,2011,3.4,
ESTAT:TESPM110(1.0),11/07/23 23:00:00,A,PC,TOTAL,TOOEFW,Y_GE16,T,EU28,2012,3.5,
ESTAT:TESPM110(1.0),11/07/23 23:00:00,A,PC,TOTAL,TOOEFW,Y_GE16,T,EU28,2013,3.7,
ESTAT:TESPM110(1.0),11/07/23 23:00:00,A,PC,TOTAL,TOOEFW,Y_GE16,T,EU28,2014,3.7,
ESTAT:TESPM110(1.0),11/07/23 23:00:00,A,PC,TOTAL,TOOEFW,Y_GE16,T,EU28,2015,3.3,
ESTAT:TESPM110(1.0),11/07/23 23:00:00,A,PC,TOTAL,TOOEFW,Y_GE16,T,EU28,2016,2.6,
ESTAT:TESPM110(1.0),11/07/23 23:00:00,A,PC,TOTAL,TOOEFW,Y_GE16,T,EU28,2017,1.7,
ESTAT:TESPM110(1.0),11/07/23 23:00:00,A,PC,TOTAL,TOOEFW,Y_GE16,T,EU28,2018,2.0,
ESTAT:TESPM110(1.0),11/07/23 23:00:00,A,PC,TOTAL,TOOEFW,Y_GE16,T,EU28,2019,1.9,e
ESTAT:TESPM110(1.0),11/07/23 23:00:00,A,PC,TOTAL,TOOEFW,Y_GE16,T,FI,2008,0.8,
ESTAT:TESPM110(1.0),11/07/23 23:00:00,A,PC,TOTAL,TOOEFW,Y_GE16,T,FI,2009,3.7,
ESTAT:TESPM110(1.0),11/07/23 23:00:00,A,PC,TOTAL,TOOEFW,Y_GE16,T,FI,2010,3.9,
ESTAT:TESPM110(1.0),11/07/23 23:00:00,A,PC,TOTAL,TOOEFW,Y_GE16,T,FI,2011,4.4,
ESTAT:TESPM110(1.0),11/07/23 23:00:00,A,PC,TOTAL,TOOEFW,Y_GE16,T,FI,2012,4.6,
ESTAT:TESPM110(1.0),11/07/23 23:00:00,A,PC,TOTAL,TOOEFW,Y_GE16,T,FI,2013,4.3,
ESTAT:TESPM110(1.0),11/07/23 23:00:00,A,PC,TOTAL,TOOEFW,Y_GE16,T,FI,2014,3.3,
ESTAT:TESPM110(1.0),11/07/23 23:00:00,A,PC,TOTAL,TOOEFW,Y_GE16,T,FI,2015,4.3,b
ESTAT:TESPM110(1.0),11/07/23 23:00:00,A,PC,TOTAL,TOOEFW,Y_GE16,T,FI,2016,4.1,
ESTAT:TESPM110(1.0),11/07/23 23:00:00,A,PC,TOTAL,TOOEFW,Y_GE16,T,FI,2017,3.6,
ESTAT:TESPM110(1.0),11/07/23 23:00:00,A,PC,TOTAL,TOOEFW,Y_GE16,T,FI,2018,4.7,
ESTAT:TESPM110(1.0),11/07/23 23:00:00,A,PC,TOTAL,TOOEFW,Y_GE16,T,FI,2019,4.6,
ESTAT:TESPM110(1.0),11/07/23 23:00:00,A,PC,TOTAL,TOOEFW,Y_GE16,T,FI,2020,5.4,
ESTAT:TESPM110(1.0),11/07/23 23:00:00,A,PC,TOTAL,TOOEFW,Y_GE16,T,FI,2021,4.4,
ESTAT:TESPM110(1.0),11/07/23 23:00:00,A,PC,TOTAL,TOOEFW,Y_GE16,T,FI,2022,6.5,
ESTAT:TESPM110(1.0),11/07/23 23:00:00,A,PC,TOTAL,TOOEFW,Y_GE16,T,FR,2008,1.9,
ESTAT:TESPM110(1.0),11/07/23 23:00:00,A,PC,TOTAL,TOOEFW,Y_GE16,T,FR,2009,1.9,
ESTAT:TESPM110(1.0),11/07/23 23:00:00,A,PC,TOTAL,TOOEFW,Y_GE16,T,FR,2010,1.9,
ESTAT:TESPM110(1.0),11/07/23 23:00:00,A,PC,TOTAL,TOOEFW,Y_GE16,T,FR,2011,2.3,
ESTAT:TESPM110(1.0),11/07/23 23:00:00,A,PC,TOTAL,TOOEFW,Y_GE16,T,FR,2012,2.2,
ESTAT:TESPM110(1.0),11/07/23 23:00:00,A,PC,TOTAL,TOOEFW,Y_GE16,T,FR,2013,2.6,
ESTAT:TESPM110(1.0),11/07/23 23:00:00,A,PC,TOTAL,TOOEFW,Y_GE16,T,FR,2014,2.8,
ESTAT:TESPM110(1.0),11/07/23 23:00:00,A,PC,TOTAL,TOOEFW,Y_GE16,T,FR,2015,1.2,
ESTAT:TESPM110(1.0),11/07/23 23:00:00,A,PC,TOTAL,TOOEFW,Y_GE16,T,FR,2016,1.3,
ESTAT:TESPM110(1.0),11/07/23 23:00:00,A,PC,TOTAL,TOOEFW,Y_GE16,T,FR,2017,1.0,
ESTAT:TESPM110(1.0),11/07/23 23:00:00,A,PC,TOTAL,TOOEFW,Y_GE16,T,FR,2018,1.2,
ESTAT:TESPM110(1.0),11/07/23 23:00:00,A,PC,TOTAL,TOOEFW,Y_GE16,T,FR,2019,1.2,
ESTAT:TESPM110(1.0),11/07/23 23:00:00,A,PC,TOTAL,TOOEFW,Y_GE16,T,FR,2020,2.7,b
ESTAT:TESPM110(1.0),11/07/23 23:00:00,A,PC,TOTAL,TOOEFW,Y_GE16,T,FR,2021,2.8,
ESTAT:TESPM110(1.0),11/07/23 23:00:00,A,PC,TOTAL,TOOEFW,Y_GE16,T,FR,2022,3.2,p
ESTAT:TESPM110(1.0),11/07/23 23:00:00,A,PC,TOTAL,TOOEFW,Y_GE16,T,HR,2010,6.3,
ESTAT:TESPM110(1.0),11/07/23 23:00:00,A,PC,TOTAL,TOOEFW,Y_GE16,T,HR,2011,5.1,
ESTAT:TESPM110(1.0),11/07/23 23:00:00,A,PC,TOTAL,TOOEFW,Y_GE16,T,HR,2012,3.5,
ESTAT:TESPM110(1.0),11/07/23 23:00:00,A,PC,TOTAL,TOOEFW,Y_GE16,T,HR,2013,3.3,
ESTAT:TESPM110(1.0),11/07/23 23:00:00,A,PC,TOTAL,TOOEFW,Y_GE16,T,HR,2014,3.3,
ESTAT:TESPM110(1.0),11/07/23 23:00:00,A,PC,TOTAL,TOOEFW,Y_GE16,T,HR,2015,1.9,
ESTAT:TESPM110(1.0),11/07/23 23:00:00,A,PC,TOTAL,TOOEFW,Y_GE16,T,HR,2016,1.7,
ESTAT:TESPM110(1.0),11/07/23 23:00:00,A,PC,TOTAL,TOOEFW,Y_GE16,T,HR,2017,1.6,
ESTAT:TESPM110(1.0),11/07/23 23:00:00,A,PC,TOTAL,TOOEFW,Y_GE16,T,HR,2018,1.4,
ESTAT:TESPM110(1.0),11/07/23 23:00:00,A,PC,TOTAL,TOOEFW,Y_GE16,T,HR,2019,1.4,
ESTAT:TESPM110(1.0),11/07/23 23:00:00,A,PC,TOTAL,TOOEFW,Y_GE16,T,HR,2020,1.5,
ESTAT:TESPM110(1.0),11/07/23 23:00:00,A,PC,TOTAL,TOOEFW,Y_GE16,T,HR,2021,1.7,
ESTAT:TESPM110(1.0),11/07/23 23:00:00,A,PC,TOTAL,TOOEFW,Y_GE16,T,HR,2022,1.3,
ESTAT:TESPM110(1.0),11/07/23 23:00:00,A,PC,TOTAL,TOOEFW,Y_GE16,T,HU,2008,3.4,
ESTAT:TESPM110(1.0),11/07/23 23:00:00,A,PC,TOTAL,TOOEFW,Y_GE16,T,HU,2009,2.1,
ESTAT:TESPM110(1.0),11/07/23 23:00:00,A,PC,TOTAL,TOOEFW,Y_GE16,T,HU,2010,1.7,
ESTAT:TESPM110(1.0),11/07/23 23:00:00,A,PC,TOTAL,TOOEFW,Y_GE16,T,HU,2011,2.7,
ESTAT:TESPM110(1.0),11/07/23 23:00:00,A,PC,TOTAL,TOOEFW,Y_GE16,T,HU,2012,2.9,
ESTAT:TESPM110(1.0),11/07/23 23:00:00,A,PC,TOTAL,TOOEFW,Y_GE16,T,HU,2013,2.6,
ESTAT:TESPM110(1.0),11/07/23 23:00:00,A,PC,TOTAL,TOOEFW,Y_GE16,T,HU,2014,2.5,
ESTAT:TESPM110(1.0),11/07/23 23:00:00,A,PC,TOTAL,TOOEFW,Y_GE16,T,HU,2015,2.6,
ESTAT:TESPM110(1.0),11/07/23 23:00:00,A,PC,TOTAL,TOOEFW,Y_GE16,T,HU,2016,1.3,
ESTAT:TESPM110(1.0),11/07/23 23:00:00,A,PC,TOTAL,TOOEFW,Y_GE16,T,HU,2017,1.0,
ESTAT:TESPM110(1.0),11/07/23 23:00:00,A,PC,TOTAL,TOOEFW,Y_GE16,T,HU,2018,0.8,
ESTAT:TESPM110(1.0),11/07/23 23:00:00,A,PC,TOTAL,TOOEFW,Y_GE16,T,HU,2019,1.0,
ESTAT:TESPM110(1.0),11/07/23 23:00:00,A,PC,TOTAL,TOOEFW,Y_GE16,T,HU,2020,0.7,
ESTAT:TESPM110(1.0),11/07/23 23:00:00,A,PC,TOTAL,TOOEFW,Y_GE16,T,HU,2021,1.1,
ESTAT:TESPM110(1.0),11/07/23 23:00:00,A,PC,TOTAL,TOOEFW,Y_GE16,T,HU,2022,1.4,
ESTAT:TESPM110(1.0),11/07/23 23:00:00,A,PC,TOTAL,TOOEFW,Y_GE16,T,IE,2008,1.8,
ESTAT:TESPM110(1.0),11/07/23 23:00:00,A,PC,TOTAL,TOOEFW,Y_GE16,T,IE,2009,2.0,
ESTAT:TESPM110(1.0),11/07/23 23:00:00,A,PC,TOTAL,TOOEFW,Y_GE16,T,IE,2010,2.1,
ESTAT:TESPM110(1.0),11/07/23 23:00:00,A,PC,TOTAL,TOOEFW,Y_GE16,T,IE,2011,2.2,
ESTAT:TESPM110(1.0),11/07/23 23:00:00,A,PC,TOTAL,TOOEFW,Y_GE16,T,IE,2012,3.4,
ESTAT:TESPM110(1.0),11/07/23 23:00:00,A,PC,TOTAL,TOOEFW,Y_GE16,T,IE,2013,3.3,
ESTAT:TESPM110(1.0),11/07/23 23:00:00,A,PC,TOTAL,TOOEFW,Y_GE16,T,IE,2014,3.7,
ESTAT:TESPM110(1.0),11/07/23 23:00:00,A,PC,TOTAL,TOOEFW,Y_GE16,T,IE,2015,2.7,
ESTAT:TESPM110(1.0),11/07/23 23:00:00,A,PC,TOTAL,TOOEFW,Y_GE16,T,IE,2016,2.5,
ESTAT:TESPM110(1.0),11/07/23 23:00:00,A,PC,TOTAL,TOOEFW,Y_GE16,T,IE,2017,2.8,
ESTAT:TESPM110(1.0),11/07/23 23:00:00,A,PC,TOTAL,TOOEFW,Y_GE16,T,IE,2018,2.0,
ESTAT:TESPM110(1.0),11/07/23 23:00:00,A,PC,TOTAL,TOOEFW,Y_GE16,T,IE,2019,2.0,
ESTAT:TESPM110(1.0),11/07/23 23:00:00,A,PC,TOTAL,TOOEFW,Y_GE16,T,IE,2020,2.0,b
ESTAT:TESPM110(1.0),11/07/23 23:00:00,A,PC,TOTAL,TOOEFW,Y_GE16,T,IE,2021,2.0,
ESTAT:TESPM110(1.0),11/07/23 23:00:00,A,PC,TOTAL,TOOEFW,Y_GE16,T,IE,2022,2.6,
ESTAT:TESPM110(1.0),11/07/23 23:00:00,A,PC,TOTAL,TOOEFW,Y_GE16,T,IS,2008,1.7,
ESTAT:TESPM110(1.0),11/07/23 23:00:00,A,PC,TOTAL,TOOEFW,Y_GE16,T,IS,2009,2.2,
ESTAT:TESPM110(1.0),11/07/23 23:00:00,A,PC,TOTAL,TOOEFW,Y_GE16,T,IS,2010,3.1,
ESTAT:TESPM110(1.0),11/07/23 23:00:00,A,PC,TOTAL,TOOEFW,Y_GE16,T,IS,2011,3.8,
ESTAT:TESPM110(1.0),11/07/23 23:00:00,A,PC,TOTAL,TOOEFW,Y_GE16,T,IS,2012,4.2,
ESTAT:TESPM110(1.0),11/07/23 23:00:00,A,PC,TOTAL,TOOEFW,Y_GE16,T,IS,2013,3.6,
ESTAT:TESPM110(1.0),11/07/23 23:00:00,A,PC,TOTAL,TOOEFW,Y_GE16,T,IS,2014,4.4,
ESTAT:TESPM110(1.0),11/07/23 23:00:00,A,PC,TOTAL,TOOEFW,Y_GE16,T,IS,2015,4.3,
ESTAT:TESPM110(1.0),11/07/23 23:00:00,A,PC,TOTAL,TOOEFW,Y_GE16,T,IS,2016,2.9,
ESTAT:TESPM110(1.0),11/07/23 23:00:00,A,PC,TOTAL,TOOEFW,Y_GE16,T,IS,2017,3.5,
ESTAT:TESPM110(1.0),11/07/23 23:00:00,A,PC,TOTAL,TOOEFW,Y_GE16,T,IS,2018,3.4,
ESTAT:TESPM110(1.0),11/07/23 23:00:00,A,PC,TOTAL,TOOEFW,Y_GE16,T,IT,2008,5.2,
ESTAT:TESPM110(1.0),11/07/23 23:00:00,A,PC,TOTAL,TOOEFW,Y_GE16,T,IT,2009,5.4,
ESTAT:TESPM110(1.0),11/07/23 23:00:00,A,PC,TOTAL,TOOEFW,Y_GE16,T,IT,2010,5.2,
ESTAT:TESPM110(1.0),11/07/23 23:00:00,A,PC,TOTAL,TOOEFW,Y_GE16,T,IT,2011,5.9,
ESTAT:TESPM110(1.0),11/07/23 23:00:00,A,PC,TOTAL,TOOEFW,Y_GE16,T,IT,2012,5.7,
ESTAT:TESPM110(1.0),11/07/23 23:00:00,A,PC,TOTAL,TOOEFW,Y_GE16,T,IT,2013,7.0,
ESTAT:TESPM110(1.0),11/07/23 23:00:00,A,PC,TOTAL,TOOEFW,Y_GE16,T,IT,2014,7.0,
ESTAT:TESPM110(1.0),11/07/23 23:00:00,A,PC,TOTAL,TOOEFW,Y_GE16,T,IT,2015,7.2,
ESTAT:TESPM110(1.0),11/07/23 23:00:00,A,PC,TOTAL,TOOEFW,Y_GE16,T,IT,2016,5.5,
ESTAT:TESPM110(1.0),11/07/23 23:00:00,A,PC,TOTAL,TOOEFW,Y_GE16,T,IT,2017,1.8,
ESTAT:TESPM110(1.0),11/07/23 23:00:00,A,PC,TOTAL,TOOEFW,Y_GE16,T,IT,2018,2.4,
ESTAT:TESPM110(1.0),11/07/23 23:00:00,A,PC,TOTAL,TOOEFW,Y_GE16,T,IT,2019,1.8,
ESTAT:TESPM110(1.0),11/07/23 23:00:00,A,PC,TOTAL,TOOEFW,Y_GE16,T,IT,2021,1.8,
ESTAT:TESPM110(1.0),11/07/23 23:00:00,A,PC,TOTAL,TOOEFW,Y_GE16,T,IT,2022,1.8,
ESTAT:TESPM110(1.0),11/07/23 23:00:00,A,PC,TOTAL,TOOEFW,Y_GE16,T,LT,2008,5.7,
ESTAT:TESPM110(1.0),11/07/23 23:00:00,A,PC,TOTAL,TOOEFW,Y_GE16,T,LT,2009,3.1,
ESTAT:TESPM110(1.0),11/07/23 23:00:00,A,PC,TOTAL,TOOEFW,Y_GE16,T,LT,2010,2.6,
ESTAT:TESPM110(1.0),11/07/23 23:00:00,A,PC,TOTAL,TOOEFW,Y_GE16,T,LT,2011,2.8,
ESTAT:TESPM110(1.0),11/07/23 23:00:00,A,PC,TOTAL,TOOEFW,Y_GE16,T,LT,2012,2.3,
ESTAT:TESPM110(1.0),11/07/23 23:00:00,A,PC,TOTAL,TOOEFW,Y_GE16,T,LT,2013,3.2,
ESTAT:TESPM110(1.0),11/07/23 23:00:00,A,PC,TOTAL,TOOEFW,Y_GE16,T,LT,2014,3.7,
ESTAT:TESPM110(1.0),11/07/23 23:00:00,A,PC,TOTAL,TOOEFW,Y_GE16,T,LT,2015,2.9,
ESTAT:TESPM110(1.0),11/07/23 23:00:00,A,PC,TOTAL,TOOEFW,Y_GE16,T,LT,2016,3.1,
ESTAT:TESPM110(1.0),11/07/23 23:00:00,A,PC,TOTAL,TOOEFW,Y_GE16,T,LT,2017,1.5,
ESTAT:TESPM110(1.0),11/07/23 23:00:00,A,PC,TOTAL,TOOEFW,Y_GE16,T,LT,2018,2.2,
ESTAT:TESPM110(1.0),11/07/23 23:00:00,A,PC,TOTAL,TOOEFW,Y_GE16,T,LT,2019,1.4,
ESTAT:TESPM110(1.0),11/07/23 23:00:00,A,PC,TOTAL,TOOEFW,Y_GE16,T,LT,2020,1.7,
ESTAT:TESPM110(1.0),11/07/23 23:00:00,A,PC,TOTAL,TOOEFW,Y_GE16,T,LT,2021,2.4,
ESTAT:TESPM110(1.0),11/07/23 23:00:00,A,PC,TOTAL,TOOEFW,Y_GE16,T,LT,2022,2.9,
ESTAT:TESPM110(1.0),11/07/23 23:00:00,A,PC,TOTAL,TOOEFW,Y_GE16,T,LU,2008,0.6,
ESTAT:TESPM110(1.0),11/07/23 23:00:00,A,PC,TOTAL,TOOEFW,Y_GE16,T,LU,2009,0.6,
ESTAT:TESPM110(1.0),11/07/23 23:00:00,A,PC,TOTAL,TOOEFW,Y_GE16,T,LU,2010,0.6,
ESTAT:TESPM110(1.0),11/07/23 23:00:00,A,PC,TOTAL,TOOEFW,Y_GE16,T,LU,2011,0.6,
ESTAT:TESPM110(1.0),11/07/23 23:00:00,A,PC,TOTAL,TOOEFW,Y_GE16,T,LU,2012,0.7,
ESTAT:TESPM110(1.0),11/07/23 23:00:00,A,PC,TOTAL,TOOEFW,Y_GE16,T,LU,2013,0.9,
ESTAT:TESPM110(1.0),11/07/23 23:00:00,A,PC,TOTAL,TOOEFW,Y_GE16,T,LU,2014,0.8,
ESTAT:TESPM110(1.0),11/07/23 23:00:00,A,PC,TOTAL,TOOEFW,Y_GE16,T,LU,2015,0.9,
ESTAT:TESPM110(1.0),11/07/23 23:00:00,A,PC,TOTAL,TOOEFW,Y_GE16,T,LU,2016,0.4,
ESTAT:TESPM110(1.0),11/07/23 23:00:00,A,PC,TOTAL,TOOEFW,Y_GE16,T,LU,2017,0.3,
ESTAT:TESPM110(1.0),11/07/23 23:00:00,A,PC,TOTAL,TOOEFW,Y_GE16,T,LU,2018,0.3,
ESTAT:TESPM110(1.0),11/07/23 23:00:00,A,PC,TOTAL,TOOEFW,Y_GE16,T,LU,2019,0.2,
ESTAT:TESPM110(1.0),11/07/23 23:00:00,A,PC,TOTAL,TOOEFW,Y_GE16,T,LU,2020,0.1,b
ESTAT:TESPM110(1.0),11/07/23 23:00:00,A,PC,TOTAL,TOOEFW,Y_GE16,T,LU,2021,1.0,b
ESTAT:TESPM110(1.0),11/07/23 23:00:00,A,PC,TOTAL,TOOEFW,Y_GE16,T,LU,2022,0.5,b
ESTAT:TESPM110(1.0),11/07/23 23:00:00,A,PC,TOTAL,TOOEFW,Y_GE16,T,LV,2008,9.9,
ESTAT:TESPM110(1.0),11/07/23 23:00:00,A,PC,TOTAL,TOOEFW,Y_GE16,T,LV,2009,9.9,
ESTAT:TESPM110(1.0),11/07/23 23:00:00,A,PC,TOTAL,TOOEFW,Y_GE16,T,LV,2010,15.1,
ESTAT:TESPM110(1.0),11/07/23 23:00:00,A,PC,TOTAL,TOOEFW,Y_GE16,T,LV,2011,16.1,
ESTAT:TESPM110(1.0),11/07/23 23:00:00,A,PC,TOTAL,TOOEFW,Y_GE16,T,LV,2012,12.4,
ESTAT:TESPM110(1.0),11/07/23 23:00:00,A,PC,TOTAL,TOOEFW,Y_GE16,T,LV,2013,13.8,
ESTAT:TESPM110(1.0),11/07/23 23:00:00,A,PC,TOTAL,TOOEFW,Y_GE16,T,LV,2014,12.5,
ESTAT:TESPM110(1.0),11/07/23 23:00:00,A,PC,TOTAL,TOOEFW,Y_GE16,T,LV,2015,8.4,b
ESTAT:TESPM110(1.0),11/07/23 23:00:00,A,PC,TOTAL,TOOEFW,Y_GE16,T,LV,2016,8.2,
ESTAT:TESPM110(1.0),11/07/23 23:00:00,A,PC,TOTAL,TOOEFW,Y_GE16,T,LV,2017,6.2,
ESTAT:TESPM110(1.0),11/07/23 23:00:00,A,PC,TOTAL,TOOEFW,Y_GE16,T,LV,2018,6.2,
ESTAT:TESPM110(1.0),11/07/23 23:00:00,A,PC,TOTAL,TOOEFW,Y_GE16,T,LV,2019,4.3,
ESTAT:TESPM110(1.0),11/07/23 23:00:00,A,PC,TOTAL,TOOEFW,Y_GE16,T,LV,2020,5.3,
ESTAT:TESPM110(1.0),11/07/23 23:00:00,A,PC,TOTAL,TOOEFW,Y_GE16,T,LV,2021,4.0,
ESTAT:TESPM110(1.0),11/07/23 23:00:00,A,PC,TOTAL,TOOEFW,Y_GE16,T,LV,2022,5.4,
ESTAT:TESPM110(1.0),11/07/23 23:00:00,A,PC,TOTAL,TOOEFW,Y_GE16,T,ME,2013,11.3,
ESTAT:TESPM110(1.0),11/07/23 23:00:00,A,PC,TOTAL,TOOEFW,Y_GE16,T,ME,2014,8.3,
ESTAT:TESPM110(1.0),11/07/23 23:00:00,A,PC,TOTAL,TOOEFW,Y_GE16,T,ME,2015,4.4,
ESTAT:TESPM110(1.0),11/07/23 23:00:00,A,PC,TOTAL,TOOEFW,Y_GE16,T,ME,2016,2.7,
ESTAT:TESPM110(1.0),11/07/23 23:00:00,A,PC,TOTAL,TOOEFW,Y_GE16,T,ME,2017,2.7,
ESTAT:TESPM110(1.0),11/07/23 23:00:00,A,PC,TOTAL,TOOEFW,Y_GE16,T,ME,2018,2.3,
ESTAT:TESPM110(1.0),11/07/23 23:00:00,A,PC,TOTAL,TOOEFW,Y_GE16,T,ME,2019,3.1,
ESTAT:TESPM110(1.0),11/07/23 23:00:00,A,PC,TOTAL,TOOEFW,Y_GE16,T,ME,2020,2.1,
ESTAT:TESPM110(1.0),11/07/23 23:00:00,A,PC,TOTAL,TOOEFW,Y_GE16,T,ME,2021,1.6,
ESTAT:TESPM110(1.0),11/07/23 23:00:00,A,PC,TOTAL,TOOEFW,Y_GE16,T,MK,2010,11.4,
ESTAT:TESPM110(1.0),11/07/23 23:00:00,A,PC,TOTAL,TOOEFW,Y_GE16,T,MK,2011,8.3,
ESTAT:TESPM110(1.0),11/07/23 23:00:00,A,PC,TOTAL,TOOEFW,Y_GE16,T,MK,2012,7.7,
ESTAT:TESPM110(1.0),11/07/23 23:00:00,A,PC,TOTAL,TOOEFW,Y_GE16,T,MK,2013,6.6,
ESTAT:TESPM110(1.0),11/07/23 23:00:00,A,PC,TOTAL,TOOEFW,Y_GE16,T,MK,2014,4.8,
ESTAT:TESPM110(1.0),11/07/23 23:00:00,A,PC,TOTAL,TOOEFW,Y_GE16,T,MK,2015,2.9,
ESTAT:TESPM110(1.0),11/07/23 23:00:00,A,PC,TOTAL,TOOEFW,Y_GE16,T,MK,2016,2.9,
ESTAT:TESPM110(1.0),11/07/23 23:00:00,A,PC,TOTAL,TOOEFW,Y_GE16,T,MK,2017,2.5,
ESTAT:TESPM110(1.0),11/07/23 23:00:00,A,PC,TOTAL,TOOEFW,Y_GE16,T,MK,2018,2.3,
ESTAT:TESPM110(1.0),11/07/23 23:00:00,A,PC,TOTAL,TOOEFW,Y_GE16,T,MK,2019,2.5,
ESTAT:TESPM110(1.0),11/07/23 23:00:00,A,PC,TOTAL,TOOEFW,Y_GE16,T,MK,2020,1.7,
ESTAT:TESPM110(1.0),11/07/23 23:00:00,A,PC,TOTAL,TOOEFW,Y_GE16,T,MT,2008,0.7,
ESTAT:TESPM110(1.0),11/07/23 23:00:00,A,PC,TOTAL,TOOEFW,Y_GE16,T,MT,2009,1.4,
ESTAT:TESPM110(1.0),11/07/23 23:00:00,A,PC,TOTAL,TOOEFW,Y_GE16,T,MT,2010,1.6,
ESTAT:TESPM110(1.0),11/07/23 23:00:00,A,PC,TOTAL,TOOEFW,Y_GE16,T,MT,2011,1.1,
ESTAT:TESPM110(1.0),11/07/23 23:00:00,A,PC,TOTAL,TOOEFW,Y_GE16,T,MT,2012,1.2,
ESTAT:TESPM110(1.0),11/07/23 23:00:00,A,PC,TOTAL,TOOEFW,Y_GE16,T,MT,2013,0.9,
ESTAT:TESPM110(1.0),11/07/23 23:00:00,A,PC,TOTAL,TOOEFW,Y_GE16,T,MT,2014,1.1,
ESTAT:TESPM110(1.0),11/07/23 23:00:00,A,PC,TOTAL,TOOEFW,Y_GE16,T,MT,2015,0.8,
ESTAT:TESPM110(1.0),11/07/23 23:00:00,A,PC,TOTAL,TOOEFW,Y_GE16,T,MT,2016,1.0,
ESTAT:TESPM110(1.0),11/07/23 23:00:00,A,PC,TOTAL,TOOEFW,Y_GE16,T,MT,2017,0.2,
ESTAT:TESPM110(1.0),11/07/23 23:00:00,A,PC,TOTAL,TOOEFW,Y_GE16,T,MT,2018,0.2,
ESTAT:TESPM110(1.0),11/07/23 23:00:00,A,PC,TOTAL,TOOEFW,Y_GE16,T,MT,2019,0.0,n
ESTAT:TESPM110(1.0),11/07/23 23:00:00,A,PC,TOTAL,TOOEFW,Y_GE16,T,MT,2020,0.0,n
ESTAT:TESPM110(1.0),11/07/23 23:00:00,A,PC,TOTAL,TOOEFW,Y_GE16,T,MT,2021,0.1,
ESTAT:TESPM110(1.0),11/07/23 23:00:00,A,PC,TOTAL,TOOEFW,Y_GE16,T,MT,2022,0.3,
ESTAT:TESPM110(1.0),11/07/23 23:00:00,A,PC,TOTAL,TOOEFW,Y_GE16,T,NL,2008,0.3,
ESTAT:TESPM110(1.0),11/07/23 23:00:00,A,PC,TOTAL,TOOEFW,Y_GE16,T,NL,2009,0.3,
ESTAT:TESPM110(1.0),11/07/23 23:00:00,A,PC,TOTAL,TOOEFW,Y_GE16,T,NL,2010,0.4,
ESTAT:TESPM110(1.0),11/07/23 23:00:00,A,PC,TOTAL,TOOEFW,Y_GE16,T,NL,2011,0.4,
ESTAT:TESPM110(1.0),11/07/23 23:00:00,A,PC,TOTAL,TOOEFW,Y_GE16,T,NL,2012,0.5,
ESTAT:TESPM110(1.0),11/07/23 23:00:00,A,PC,TOTAL,TOOEFW,Y_GE16,T,NL,2013,0.4,
ESTAT:TESPM110(1.0),11/07/23 23:00:00,A,PC,TOTAL,TOOEFW,Y_GE16,T,NL,2014,0.5,
ESTAT:TESPM110(1.0),11/07/23 23:00:00,A,PC,TOTAL,TOOEFW,Y_GE16,T,NL,2015,0.1,
ESTAT:TESPM110(1.0),11/07/23 23:00:00,A,PC,TOTAL,TOOEFW,Y_GE16,T,NL,2016,0.2,
ESTAT:TESPM110(1.0),11/07/23 23:00:00,A,PC,TOTAL,TOOEFW,Y_GE16,T,NL,2017,0.1,
ESTAT:TESPM110(1.0),11/07/23 23:00:00,A,PC,TOTAL,TOOEFW,Y_GE16,T,NL,2018,0.2,
ESTAT:TESPM110(1.0),11/07/23 23:00:00,A,PC,TOTAL,TOOEFW,Y_GE16,T,NL,2019,0.2,
ESTAT:TESPM110(1.0),11/07/23 23:00:00,A,PC,TOTAL,TOOEFW,Y_GE16,T,NL,2020,0.2,
ESTAT:TESPM110(1.0),11/07/23 23:00:00,A,PC,TOTAL,TOOEFW,Y_GE16,T,NL,2021,0.2,
ESTAT:TESPM110(1.0),11/07/23 23:00:00,A,PC,TOTAL,TOOEFW,Y_GE16,T,NL,2022,0.2,
ESTAT:TESPM110(1.0),11/07/23 23:00:00,A,PC,TOTAL,TOOEFW,Y_GE16,T,NO,2008,1.3,
ESTAT:TESPM110(1.0),11/07/23 23:00:00,A,PC,TOTAL,TOOEFW,Y_GE16,T,NO,2009,1.3,
ESTAT:TESPM110(1.0),11/07/23 23:00:00,A,PC,TOTAL,TOOEFW,Y_GE16,T,NO,2010,1.4,
ESTAT:TESPM110(1.0),11/07/23 23:00:00,A,PC,TOTAL,TOOEFW,Y_GE16,T,NO,2011,1.6,
ESTAT:TESPM110(1.0),11/07/23 23:00:00,A,PC,TOTAL,TOOEFW,Y_GE16,T,NO,2012,1.3,
ESTAT:TESPM110(1.0),11/07/23 23:00:00,A,PC,TOTAL,TOOEFW,Y_GE16,T,NO,2013,1.5,
ESTAT:TESPM110(1.0),11/07/23 23:00:00,A,PC,TOTAL,TOOEFW,Y_GE16,T,NO,2014,0.8,
ESTAT:TESPM110(1.0),11/07/23 23:00:00,A,PC,TOTAL,TOOEFW,Y_GE16,T,NO,2015,1.1,
ESTAT:TESPM110(1.0),11/07/23 23:00:00,A,PC,TOTAL,TOOEFW,Y_GE16,T,NO,2016,1.1,
ESTAT:TESPM110(1.0),11/07/23 23:00:00,A,PC,TOTAL,TOOEFW,Y_GE16,T,NO,2017,1.3,
ESTAT:TESPM110(1.0),11/07/23 23:00:00,A,PC,TOTAL,TOOEFW,Y_GE16,T,NO,2018,1.4,
ESTAT:TESPM110(1.0),11/07/23 23:00:00,A,PC,TOTAL,TOOEFW,Y_GE16,T,NO,2019,1.0,
ESTAT:TESPM110(1.0),11/07/23 23:00:00,A,PC,TOTAL,TOOEFW,Y_GE16,T,NO,2020,0.9,
ESTAT:TESPM110(1.0),11/07/23 23:00:00,A,PC,TOTAL,TOOEFW,Y_GE16,T,PL,2008,6.0,
ESTAT:TESPM110(1.0),11/07/23 23:00:00,A,PC,TOTAL,TOOEFW,Y_GE16,T,PL,2009,7.6,
ESTAT:TESPM110(1.0),11/07/23 23:00:00,A,PC,TOTAL,TOOEFW,Y_GE16,T,PL,2010,8.3,
ESTAT:TESPM110(1.0),11/07/23 23:00:00,A,PC,TOTAL,TOOEFW,Y_GE16,T,PL,2011,7.9,
ESTAT:TESPM110(1.0),11/07/23 23:00:00,A,PC,TOTAL,TOOEFW,Y_GE16,T,PL,2012,9.0,
ESTAT:TESPM110(1.0),11/07/23 23:00:00,A,PC,TOTAL,TOOEFW,Y_GE16,T,PL,2013,8.8,
ESTAT:TESPM110(1.0),11/07/23 23:00:00,A,PC,TOTAL,TOOEFW,Y_GE16,T,PL,2014,7.8,
ESTAT:TESPM110(1.0),11/07/23 23:00:00,A,PC,TOTAL,TOOEFW,Y_GE16,T,PL,2015,7.3,
ESTAT:TESPM110(1.0),11/07/23 23:00:00,A,PC,TOTAL,TOOEFW,Y_GE16,T,PL,2016,6.6,
ESTAT:TESPM110(1.0),11/07/23 23:00:00,A,PC,TOTAL,TOOEFW,Y_GE16,T,PL,2017,3.3,b
ESTAT:TESPM110(1.0),11/07/23 23:00:00,A,PC,TOTAL,TOOEFW,Y_GE16,T,PL,2018,4.2,
ESTAT:TESPM110(1.0),11/07/23 23:00:00,A,PC,TOTAL,TOOEFW,Y_GE16,T,PL,2019,4.2,
ESTAT:TESPM110(1.0),11/07/23 23:00:00,A,PC,TOTAL,TOOEFW,Y_GE16,T,PL,2020,1.9,
ESTAT:TESPM110(1.0),11/07/23 23:00:00,A,PC,TOTAL,TOOEFW,Y_GE16,T,PL,2021,2.7,
ESTAT:TESPM110(1.0),11/07/23 23:00:00,A,PC,TOTAL,TOOEFW,Y_GE16,T,PL,2022,2.3,
ESTAT:TESPM110(1.0),11/07/23 23:00:00,A,PC,TOTAL,TOOEFW,Y_GE16,T,PT,2008,1.1,
ESTAT:TESPM110(1.0),11/07/23 23:00:00,A,PC,TOTAL,TOOEFW,Y_GE16,T,PT,2009,3.3,
ESTAT:TESPM110(1.0),11/07/23 23:00:00,A,PC,TOTAL,TOOEFW,Y_GE16,T,PT,2010,2.0,
ESTAT:TESPM110(1.0),11/07/23 23:00:00,A,PC,TOTAL,TOOEFW,Y_GE16,T,PT,2011,1.4,
ESTAT:TESPM110(1.0),11/07/23 23:00:00,A,PC,TOTAL,TOOEFW,Y_GE16,T,PT,2012,3.3,
ESTAT:TESPM110(1.0),11/07/23 23:00:00,A,PC,TOTAL,TOOEFW,Y_GE16,T,PT,2013,3.0,
ESTAT:TESPM110(1.0),11/07/23 23:00:00,A,PC,TOTAL,TOOEFW,Y_GE16,T,PT,2014,3.5,
ESTAT:TESPM110(1.0),11/07/23 23:00:00,A,PC,TOTAL,TOOEFW,Y_GE16,T,PT,2015,3.0,
ESTAT:TESPM110(1.0),11/07/23 23:00:00,A,PC,TOTAL,TOOEFW,Y_GE16,T,PT,2016,2.4,
ESTAT:TESPM110(1.0),11/07/23 23:00:00,A,PC,TOTAL,TOOEFW,Y_GE16,T,PT,2017,2.3,
ESTAT:TESPM110(1.0),11/07/23 23:00:00,A,PC,TOTAL,TOOEFW,Y_GE16,T,PT,2018,2.1,
ESTAT:TESPM110(1.0),11/07/23 23:00:00,A,PC,TOTAL,TOOEFW,Y_GE16,T,PT,2019,1.7,
ESTAT:TESPM110(1.0),11/07/23 23:00:00,A,PC,TOTAL,TOOEFW,Y_GE16,T,PT,2020,1.6,
ESTAT:TESPM110(1.0),11/07/23 23:00:00,A,PC,TOTAL,TOOEFW,Y_GE16,T,PT,2021,2.3,
ESTAT:TESPM110(1.0),11/07/23 23:00:00,A,PC,TOTAL,TOOEFW,Y_GE16,T,PT,2022,2.9,
ESTAT:TESPM110(1.0),11/07/23 23:00:00,A,PC,TOTAL,TOOEFW,Y_GE16,T,RO,2008,11.1,
ESTAT:TESPM110(1.0),11/07/23 23:00:00,A,PC,TOTAL,TOOEFW,Y_GE16,T,RO,2009,8.9,
ESTAT:TESPM110(1.0),11/07/23 23:00:00,A,PC,TOTAL,TOOEFW,Y_GE16,T,RO,2010,11.1,
ESTAT:TESPM110(1.0),11/07/23 23:00:00,A,PC,TOTAL,TOOEFW,Y_GE16,T,RO,2011,12.2,
ESTAT:TESPM110(1.0),11/07/23 23:00:00,A,PC,TOTAL,TOOEFW,Y_GE16,T,RO,2012,11.5,
ESTAT:TESPM110(1.0),11/07/23 23:00:00,A,PC,TOTAL,TOOEFW,Y_GE16,T,RO,2013,10.9,
ESTAT:TESPM110(1.0),11/07/23 23:00:00,A,PC,TOTAL,TOOEFW,Y_GE16,T,RO,2014,9.8,
ESTAT:TESPM110(1.0),11/07/23 23:00:00,A,PC,TOTAL,TOOEFW,Y_GE16,T,RO,2015,9.4,
ESTAT:TESPM110(1.0),11/07/23 23:00:00,A,PC,TOTAL,TOOEFW,Y_GE16,T,RO,2016,6.5,
ESTAT:TESPM110(1.0),11/07/23 23:00:00,A,PC,TOTAL,TOOEFW,Y_GE16,T,RO,2017,4.7,
ESTAT:TESPM110(1.0),11/07/23 23:00:00,A,PC,TOTAL,TOOEFW,Y_GE16,T,RO,2018,4.9,
ESTAT:TESPM110(1.0),11/07/23 23:00:00,A,PC,TOTAL,TOOEFW,Y_GE16,T,RO,2019,4.9,
ESTAT:TESPM110(1.0),11/07/23 23:00:00,A,PC,TOTAL,TOOEFW,Y_GE16,T,RO,2020,4.7,
ESTAT:TESPM110(1.0),11/07/23 23:00:00,A,PC,TOTAL,TOOEFW,Y_GE16,T,RO,2021,4.4,
ESTAT:TESPM110(1.0),11/07/23 23:00:00,A,PC,TOTAL,TOOEFW,Y_GE16,T,RO,2022,4.9,
ESTAT:TESPM110(1.0),11/07/23 23:00:00,A,PC,TOTAL,TOOEFW,Y_GE16,T,RS,2013,8.7,
ESTAT:TESPM110(1.0),11/07/23 23:00:00,A,PC,TOTAL,TOOEFW,Y_GE16,T,RS,2014,7.4,
ESTAT:TESPM110(1.0),11/07/23 23:00:00,A,PC,TOTAL,TOOEFW,Y_GE16,T,RS,2015,6.3,
ESTAT:TESPM110(1.0),11/07/23 23:00:00,A,PC,TOTAL,TOOEFW,Y_GE16,T,RS,2016,4.5,
ESTAT:TESPM110(1.0),11/07/23 23:00:00,A,PC,TOTAL,TOOEFW,Y_GE16,T,RS,2017,4.8,
ESTAT:TESPM110(1.0),11/07/23 23:00:00,A,PC,TOTAL,TOOEFW,Y_GE16,T,RS,2018,5.8,
ESTAT:TESPM110(1.0),11/07/23 23:00:00,A,PC,TOTAL,TOOEFW,Y_GE16,T,RS,2019,4.8,
ESTAT:TESPM110(1.0),11/07/23 23:00:00,A,PC,TOTAL,TOOEFW,Y_GE16,T,RS,2020,3.8,
ESTAT:TESPM110(1.0),11/07/23 23:00:00,A,PC,TOTAL,TOOEFW,Y_GE16,T,RS,2021,5.3,
ESTAT:TESPM110(1.0),11/07/23 23:00:00,A,PC,TOTAL,TOOEFW,Y_GE16,T,SE,2008,2.6,
ESTAT:TESPM110(1.0),11/07/23 23:00:00,A,PC,TOTAL,TOOEFW,Y_GE16,T,SE,2009,2.1,
ESTAT:TESPM110(1.0),11/07/23 23:00:00,A,PC,TOTAL,TOOEFW,Y_GE16,T,SE,2010,1.9,
ESTAT:TESPM110(1.0),11/07/23 23:00:00,A,PC,TOTAL,TOOEFW,Y_GE16,T,SE,2011,1.5,
ESTAT:TESPM110(1.0),11/07/23 23:00:00,A,PC,TOTAL,TOOEFW,Y_GE16,T,SE,2012,1.5,
ESTAT:TESPM110(1.0),11/07/23 23:00:00,A,PC,TOTAL,TOOEFW,Y_GE16,T,SE,2013,2.1,
ESTAT:TESPM110(1.0),11/07/23 23:00:00,A,PC,TOTAL,TOOEFW,Y_GE16,T,SE,2014,1.7,b
ESTAT:TESPM110(1.0),11/07/23 23:00:00,A,PC,TOTAL,TOOEFW,Y_GE16,T,SE,2015,1.3,
ESTAT:TESPM110(1.0),11/07/23 23:00:00,A,PC,TOTAL,TOOEFW,Y_GE16,T,SE,2016,1.6,
ESTAT:TESPM110(1.0),11/07/23 23:00:00,A,PC,TOTAL,TOOEFW,Y_GE16,T,SE,2017,1.4,
ESTAT:TESPM110(1.0),11/07/23 23:00:00,A,PC,TOTAL,TOOEFW,Y_GE16,T,SE,2018,1.5,
ESTAT:TESPM110(1.0),11/07/23 23:00:00,A,PC,TOTAL,TOOEFW,Y_GE16,T,SE,2019,1.4,
ESTAT:TESPM110(1.0),11/07/23 23:00:00,A,PC,TOTAL,TOOEFW,Y_GE16,T,SE,2020,1.5,
ESTAT:TESPM110(1.0),11/07/23 23:00:00,A,PC,TOTAL,TOOEFW,Y_GE16,T,SE,2021,1.3,
ESTAT:TESPM110(1.0),11/07/23 23:00:00,A,PC,TOTAL,TOOEFW,Y_GE16,T,SE,2022,1.8,
ESTAT:TESPM110(1.0),11/07/23 23:00:00,A,PC,TOTAL,TOOEFW,Y_GE16,T,SI,2008,0.2,
ESTAT:TESPM110(1.0),11/07/23 23:00:00,A,PC,TOTAL,TOOEFW,Y_GE16,T,SI,2009,0.2,
ESTAT:TESPM110(1.0),11/07/23 23:00:00,A,PC,TOTAL,TOOEFW,Y_GE16,T,SI,2010,0.1,
ESTAT:TESPM110(1.0),11/07/23 23:00:00,A,PC,TOTAL,TOOEFW,Y_GE16,T,SI,2011,0.1,
ESTAT:TESPM110(1.0),11/07/23 23:00:00,A,PC,TOTAL,TOOEFW,Y_GE16,T,SI,2012,0.1,
ESTAT:TESPM110(1.0),11/07/23 23:00:00,A,PC,TOTAL,TOOEFW,Y_GE16,T,SI,2013,0.0,
ESTAT:TESPM110(1.0),11/07/23 23:00:00,A,PC,TOTAL,TOOEFW,Y_GE16,T,SI,2014,0.2,
ESTAT:TESPM110(1.0),11/07/23 23:00:00,A,PC,TOTAL,TOOEFW,Y_GE16,T,SI,2015,0.2,
ESTAT:TESPM110(1.0),11/07/23 23:00:00,A,PC,TOTAL,TOOEFW,Y_GE16,T,SI,2016,0.4,
ESTAT:TESPM110(1.0),11/07/23 23:00:00,A,PC,TOTAL,TOOEFW,Y_GE16,T,SI,2017,3.5,
ESTAT:TESPM110(1.0),11/07/23 23:00:00,A,PC,TOTAL,TOOEFW,Y_GE16,T,SI,2018,3.3,
ESTAT:TESPM110(1.0),11/07/23 23:00:00,A,PC,TOTAL,TOOEFW,Y_GE16,T,SI,2019,2.9,
ESTAT:TESPM110(1.0),11/07/23 23:00:00,A,PC,TOTAL,TOOEFW,Y_GE16,T,SI,2020,2.7,
ESTAT:TESPM110(1.0),11/07/23 23:00:00,A,PC,TOTAL,TOOEFW,Y_GE16,T,SI,2021,4.8,
ESTAT:TESPM110(1.0),11/07/23 23:00:00,A,PC,TOTAL,TOOEFW,Y_GE16,T,SI,2022,3.7,
ESTAT:TESPM110(1.0),11/07/23 23:00:00,A,PC,TOTAL,TOOEFW,Y_GE16,T,SK,2008,1.3,
ESTAT:TESPM110(1.0),11/07/23 23:00:00,A,PC,TOTAL,TOOEFW,Y_GE16,T,SK,2009,1.7,
ESTAT:TESPM110(1.0),11/07/23 23:00:00,A,PC,TOTAL,TOOEFW,Y_GE16,T,SK,2010,1.7,
ESTAT:TESPM110(1.0),11/07/23 23:00:00,A,PC,TOTAL,TOOEFW,Y_GE16,T,SK,2011,2.2,
ESTAT:TESPM110(1.0),11/07/23 23:00:00,A,PC,TOTAL,TOOEFW,Y_GE16,T,SK,2012,2.2,
ESTAT:TESPM110(1.0),11/07/23 23:00:00,A,PC,TOTAL,TOOEFW,Y_GE16,T,SK,2013,1.9,
ESTAT:TESPM110(1.0),11/07/23 23:00:00,A,PC,TOTAL,TOOEFW,Y_GE16,T,SK,2014,2.1,
ESTAT:TESPM110(1.0),11/07/23 23:00:00,A,PC,TOTAL,TOOEFW,Y_GE16,T,SK,2015,2.1,
ESTAT:TESPM110(1.0),11/07/23 23:00:00,A,PC,TOTAL,TOOEFW,Y_GE16,T,SK,2016,2.3,
ESTAT:TESPM110(1.0),11/07/23 23:00:00,A,PC,TOTAL,TOOEFW,Y_GE16,T,SK,2017,2.4,
ESTAT:TESPM110(1.0),11/07/23 23:00:00,A,PC,TOTAL,TOOEFW,Y_GE16,T,SK,2018,2.6,
ESTAT:TESPM110(1.0),11/07/23 23:00:00,A,PC,TOTAL,TOOEFW,Y_GE16,T,SK,2019,2.7,
ESTAT:TESPM110(1.0),11/07/23 23:00:00,A,PC,TOTAL,TOOEFW,Y_GE16,T,SK,2020,3.2,
ESTAT:TESPM110(1.0),11/07/23 23:00:00,A,PC,TOTAL,TOOEFW,Y_GE16,T,SK,2021,2.9,
ESTAT:TESPM110(1.0),11/07/23 23:00:00,A,PC,TOTAL,TOOEFW,Y_GE16,T,SK,2022,2.8,
ESTAT:TESPM110(1.0),11/07/23 23:00:00,A,PC,TOTAL,TOOEFW,Y_GE16,T,TR,2008,13.2,
ESTAT:TESPM110(1.0),11/07/23 23:00:00,A,PC,TOTAL,TOOEFW,Y_GE16,T,TR,2009,14.9,
ESTAT:TESPM110(1.0),11/07/23 23:00:00,A,PC,TOTAL,TOOEFW,Y_GE16,T,TR,2010,16.4,
ESTAT:TESPM110(1.0),11/07/23 23:00:00,A,PC,TOTAL,TOOEFW,Y_GE16,T,TR,2011,12.2,
ESTAT:TESPM110(1.0),11/07/23 23:00:00,A,PC,TOTAL,TOOEFW,Y_GE16,T,TR,2012,10.4,
ESTAT:TESPM110(1.0),11/07/23 23:00:00,A,PC,TOTAL,TOOEFW,Y_GE16,T,TR,2013,10.5,
ESTAT:TESPM110(1.0),11/07/23 23:00:00,A,PC,TOTAL,TOOEFW,Y_GE16,T,TR,2014,9.2,
ESTAT:TESPM110(1.0),11/07/23 23:00:00,A,PC,TOTAL,TOOEFW,Y_GE16,T,TR,2015,6.8,
ESTAT:TESPM110(1.0),11/07/23 23:00:00,A,PC,TOTAL,TOOEFW,Y_GE16,T,TR,2016,3.8,
ESTAT:TESPM110(1.0),11/07/23 23:00:00,A,PC,TOTAL,TOOEFW,Y_GE16,T,TR,2017,2.6,
ESTAT:TESPM110(1.0),11/07/23 23:00:00,A,PC,TOTAL,TOOEFW,Y_GE16,T,TR,2018,2.9,
ESTAT:TESPM110(1.0),11/07/23 23:00:00,A,PC,TOTAL,TOOEFW,Y_GE16,T,TR,2019,3.0,
ESTAT:TESPM110(1.0),11/07/23 23:00:00,A,PC,TOTAL,TOOEFW,Y_GE16,T,TR,2020,1.9,
ESTAT:TESPM110(1.0),11/07/23 23:00:00,A,PC,TOTAL,TOOEFW,Y_GE16,T,TR,2021,2.3,
ESTAT:TESPM110(1.0),11/07/23 23:00:00,A,PC,TOTAL,TOOEFW,Y_GE16,T,UK,2008,1.0,
ESTAT:TESPM110(1.0),11/07/23 23:00:00,A,PC,TOTAL,TOOEFW,Y_GE16,T,UK,2009,1.2,
ESTAT:TESPM110(1.0),11/07/23 23:00:00,A,PC,TOTAL,TOOEFW,Y_GE16,T,UK,2010,1.0,
ESTAT:TESPM110(1.0),11/07/23 23:00:00,A,PC,TOTAL,TOOEFW,Y_GE16,T,UK,2011,1.2,
ESTAT:TESPM110(1.0),11/07/23 23:00:00,A,PC,TOTAL,TOOEFW,Y_GE16,T,UK,2012,1.4,
ESTAT:TESPM110(1.0),11/07/23 23:00:00,A,PC,TOTAL,TOOEFW,Y_GE16,T,UK,2013,1.6,
ESTAT:TESPM110(1.0),11/07/23 23:00:00,A,PC,TOTAL,TOOEFW,Y_GE16,T,UK,2014,2.1,
ESTAT:TESPM110(1.0),11/07/23 23:00:00,A,PC,TOTAL,TOOEFW,Y_GE16,T,UK,2015,2.8,
ESTAT:TESPM110(1.0),11/07/23 23:00:00,A,PC,TOTAL,TOOEFW,Y_GE16,T,UK,2016,1.0,
ESTAT:TESPM110(1.0),11/07/23 23:00:00,A,PC,TOTAL,TOOEFW,Y_GE16,T,UK,2017,3.3,b
ESTAT:TESPM110(1.0),11/07/23 23:00:00,A,PC,TOTAL,TOOEFW,Y_GE16,T,UK,2018,4.5,
