DATAFLOW,LAST UPDATE,freq,indic_em,age,unit,sex,geo,TIME_PERIOD,OBS_VALUE,OBS_FLAG
ESTAT:SDG_08_40(1.0),20/06/23 23:00:00,A,LTU,Y15-74,PC_ACT,T,AT,2009,1.4,
ESTAT:SDG_08_40(1.0),20/06/23 23:00:00,A,LTU,Y15-74,PC_ACT,T,AT,2010,1.5,
ESTAT:SDG_08_40(1.0),20/06/23 23:00:00,A,LTU,Y15-74,PC_ACT,T,AT,2011,1.5,
ESTAT:SDG_08_40(1.0),20/06/23 23:00:00,A,LTU,Y15-74,PC_ACT,T,AT,2012,1.5,
ESTAT:SDG_08_40(1.0),20/06/23 23:00:00,A,LTU,Y15-74,PC_ACT,T,AT,2013,1.6,
ESTAT:SDG_08_40(1.0),20/06/23 23:00:00,A,LTU,Y15-74,PC_ACT,T,AT,2014,1.9,
ESTAT:SDG_08_40(1.0),20/06/23 23:00:00,A,LTU,Y15-74,PC_ACT,T,AT,2015,2.0,
ESTAT:SDG_08_40(1.0),20/06/23 23:00:00,A,LTU,Y15-74,PC_ACT,T,AT,2016,2.4,
ESTAT:SDG_08_40(1.0),20/06/23 23:00:00,A,LTU,Y15-74,PC_ACT,T,AT,2017,2.3,
ESTAT:SDG_08_40(1.0),20/06/23 23:00:00,A,LTU,Y15-74,PC_ACT,T,AT,2018,1.7,
ESTAT:SDG_08_40(1.0),20/06/23 23:00:00,A,LTU,Y15-74,PC_ACT,T,AT,2019,1.4,
ESTAT:SDG_08_40(1.0),20/06/23 23:00:00,A,LTU,Y15-74,PC_ACT,T,AT,2020,1.7,
ESTAT:SDG_08_40(1.0),20/06/23 23:00:00,A,LTU,Y15-74,PC_ACT,T,AT,2021,2.0,
ESTAT:SDG_08_40(1.0),20/06/23 23:00:00,A,LTU,Y15-74,PC_ACT,T,AT,2022,1.2,
ESTAT:SDG_08_40(1.0),20/06/23 23:00:00,A,LTU,Y15-74,PC_ACT,T,BE,2009,3.2,
ESTAT:SDG_08_40(1.0),20/06/23 23:00:00,A,LTU,Y15-74,PC_ACT,T,BE,2010,3.7,
ESTAT:SDG_08_40(1.0),20/06/23 23:00:00,A,LTU,Y15-74,PC_ACT,T,BE,2011,3.1,
ESTAT:SDG_08_40(1.0),20/06/23 23:00:00,A,LTU,Y15-74,PC_ACT,T,BE,2012,3.1,
ESTAT:SDG_08_40(1.0),20/06/23 23:00:00,A,LTU,Y15-74,PC_ACT,T,BE,2013,3.5,
ESTAT:SDG_08_40(1.0),20/06/23 23:00:00,A,LTU,Y15-74,PC_ACT,T,BE,2014,3.9,
ESTAT:SDG_08_40(1.0),20/06/23 23:00:00,A,LTU,Y15-74,PC_ACT,T,BE,2015,4.0,
ESTAT:SDG_08_40(1.0),20/06/23 23:00:00,A,LTU,Y15-74,PC_ACT,T,BE,2016,3.7,
ESTAT:SDG_08_40(1.0),20/06/23 23:00:00,A,LTU,Y15-74,PC_ACT,T,BE,2017,3.1,b
ESTAT:SDG_08_40(1.0),20/06/23 23:00:00,A,LTU,Y15-74,PC_ACT,T,BE,2018,2.6,
ESTAT:SDG_08_40(1.0),20/06/23 23:00:00,A,LTU,Y15-74,PC_ACT,T,BE,2019,2.1,
ESTAT:SDG_08_40(1.0),20/06/23 23:00:00,A,LTU,Y15-74,PC_ACT,T,BE,2020,2.1,
ESTAT:SDG_08_40(1.0),20/06/23 23:00:00,A,LTU,Y15-74,PC_ACT,T,BE,2021,2.6,
ESTAT:SDG_08_40(1.0),20/06/23 23:00:00,A,LTU,Y15-74,PC_ACT,T,BE,2022,2.3,
ESTAT:SDG_08_40(1.0),20/06/23 23:00:00,A,LTU,Y15-74,PC_ACT,T,BG,2009,3.4,
ESTAT:SDG_08_40(1.0),20/06/23 23:00:00,A,LTU,Y15-74,PC_ACT,T,BG,2010,5.2,b
ESTAT:SDG_08_40(1.0),20/06/23 23:00:00,A,LTU,Y15-74,PC_ACT,T,BG,2011,6.8,b
ESTAT:SDG_08_40(1.0),20/06/23 23:00:00,A,LTU,Y15-74,PC_ACT,T,BG,2012,7.2,
ESTAT:SDG_08_40(1.0),20/06/23 23:00:00,A,LTU,Y15-74,PC_ACT,T,BG,2013,7.9,
ESTAT:SDG_08_40(1.0),20/06/23 23:00:00,A,LTU,Y15-74,PC_ACT,T,BG,2014,7.4,
ESTAT:SDG_08_40(1.0),20/06/23 23:00:00,A,LTU,Y15-74,PC_ACT,T,BG,2015,6.1,
ESTAT:SDG_08_40(1.0),20/06/23 23:00:00,A,LTU,Y15-74,PC_ACT,T,BG,2016,5.0,
ESTAT:SDG_08_40(1.0),20/06/23 23:00:00,A,LTU,Y15-74,PC_ACT,T,BG,2017,3.9,
ESTAT:SDG_08_40(1.0),20/06/23 23:00:00,A,LTU,Y15-74,PC_ACT,T,BG,2018,3.6,
ESTAT:SDG_08_40(1.0),20/06/23 23:00:00,A,LTU,Y15-74,PC_ACT,T,BG,2019,2.9,
ESTAT:SDG_08_40(1.0),20/06/23 23:00:00,A,LTU,Y15-74,PC_ACT,T,BG,2020,2.7,
ESTAT:SDG_08_40(1.0),20/06/23 23:00:00,A,LTU,Y15-74,PC_ACT,T,BG,2021,2.6,
ESTAT:SDG_08_40(1.0),20/06/23 23:00:00,A,LTU,Y15-74,PC_ACT,T,BG,2022,2.3,
ESTAT:SDG_08_40(1.0),20/06/23 23:00:00,A,LTU,Y15-74,PC_ACT,T,CH,2010,1.6,b
ESTAT:SDG_08_40(1.0),20/06/23 23:00:00,A,LTU,Y15-74,PC_ACT,T,CH,2011,1.6,
ESTAT:SDG_08_40(1.0),20/06/23 23:00:00,A,LTU,Y15-74,PC_ACT,T,CH,2012,1.5,
ESTAT:SDG_08_40(1.0),20/06/23 23:00:00,A,LTU,Y15-74,PC_ACT,T,CH,2013,1.5,
ESTAT:SDG_08_40(1.0),20/06/23 23:00:00,A,LTU,Y15-74,PC_ACT,T,CH,2014,1.7,
ESTAT:SDG_08_40(1.0),20/06/23 23:00:00,A,LTU,Y15-74,PC_ACT,T,CH,2015,1.8,
ESTAT:SDG_08_40(1.0),20/06/23 23:00:00,A,LTU,Y15-74,PC_ACT,T,CH,2016,1.8,
ESTAT:SDG_08_40(1.0),20/06/23 23:00:00,A,LTU,Y15-74,PC_ACT,T,CH,2017,1.7,
ESTAT:SDG_08_40(1.0),20/06/23 23:00:00,A,LTU,Y15-74,PC_ACT,T,CH,2018,1.7,
ESTAT:SDG_08_40(1.0),20/06/23 23:00:00,A,LTU,Y15-74,PC_ACT,T,CH,2019,1.5,
ESTAT:SDG_08_40(1.0),20/06/23 23:00:00,A,LTU,Y15-74,PC_ACT,T,CH,2020,1.5,
ESTAT:SDG_08_40(1.0),20/06/23 23:00:00,A,LTU,Y15-74,PC_ACT,T,CH,2021,1.9,
ESTAT:SDG_08_40(1.0),20/06/23 23:00:00,A,LTU,Y15-74,PC_ACT,T,CH,2022,1.5,
ESTAT:SDG_08_40(1.0),20/06/23 23:00:00,A,LTU,Y15-74,PC_ACT,T,CY,2009,0.6,
ESTAT:SDG_08_40(1.0),20/06/23 23:00:00,A,LTU,Y15-74,PC_ACT,T,CY,2010,1.3,
ESTAT:SDG_08_40(1.0),20/06/23 23:00:00,A,LTU,Y15-74,PC_ACT,T,CY,2011,1.6,
ESTAT:SDG_08_40(1.0),20/06/23 23:00:00,A,LTU,Y15-74,PC_ACT,T,CY,2012,3.6,
ESTAT:SDG_08_40(1.0),20/06/23 23:00:00,A,LTU,Y15-74,PC_ACT,T,CY,2013,6.1,
ESTAT:SDG_08_40(1.0),20/06/23 23:00:00,A,LTU,Y15-74,PC_ACT,T,CY,2014,7.7,
ESTAT:SDG_08_40(1.0),20/06/23 23:00:00,A,LTU,Y15-74,PC_ACT,T,CY,2015,6.8,
ESTAT:SDG_08_40(1.0),20/06/23 23:00:00,A,LTU,Y15-74,PC_ACT,T,CY,2016,5.8,
ESTAT:SDG_08_40(1.0),20/06/23 23:00:00,A,LTU,Y15-74,PC_ACT,T,CY,2017,4.5,
ESTAT:SDG_08_40(1.0),20/06/23 23:00:00,A,LTU,Y15-74,PC_ACT,T,CY,2018,2.7,
ESTAT:SDG_08_40(1.0),20/06/23 23:00:00,A,LTU,Y15-74,PC_ACT,T,CY,2019,2.1,
ESTAT:SDG_08_40(1.0),20/06/23 23:00:00,A,LTU,Y15-74,PC_ACT,T,CY,2020,2.1,
ESTAT:SDG_08_40(1.0),20/06/23 23:00:00,A,LTU,Y15-74,PC_ACT,T,CY,2021,2.6,
ESTAT:SDG_08_40(1.0),20/06/23 23:00:00,A,LTU,Y15-74,PC_ACT,T,CY,2022,2.3,
ESTAT:SDG_08_40(1.0),20/06/23 23:00:00,A,LTU,Y15-74,PC_ACT,T,CZ,2009,2.0,
ESTAT:SDG_08_40(1.0),20/06/23 23:00:00,A,LTU,Y15-74,PC_ACT,T,CZ,2010,3.0,
ESTAT:SDG_08_40(1.0),20/06/23 23:00:00,A,LTU,Y15-74,PC_ACT,T,CZ,2011,2.7,b
ESTAT:SDG_08_40(1.0),20/06/23 23:00:00,A,LTU,Y15-74,PC_ACT,T,CZ,2012,3.0,
ESTAT:SDG_08_40(1.0),20/06/23 23:00:00,A,LTU,Y15-74,PC_ACT,T,CZ,2013,3.0,
ESTAT:SDG_08_40(1.0),20/06/23 23:00:00,A,LTU,Y15-74,PC_ACT,T,CZ,2014,2.7,
ESTAT:SDG_08_40(1.0),20/06/23 23:00:00,A,LTU,Y15-74,PC_ACT,T,CZ,2015,2.4,
ESTAT:SDG_08_40(1.0),20/06/23 23:00:00,A,LTU,Y15-74,PC_ACT,T,CZ,2016,1.7,
ESTAT:SDG_08_40(1.0),20/06/23 23:00:00,A,LTU,Y15-74,PC_ACT,T,CZ,2017,1.0,
ESTAT:SDG_08_40(1.0),20/06/23 23:00:00,A,LTU,Y15-74,PC_ACT,T,CZ,2018,0.7,
ESTAT:SDG_08_40(1.0),20/06/23 23:00:00,A,LTU,Y15-74,PC_ACT,T,CZ,2019,0.6,
ESTAT:SDG_08_40(1.0),20/06/23 23:00:00,A,LTU,Y15-74,PC_ACT,T,CZ,2020,0.6,
ESTAT:SDG_08_40(1.0),20/06/23 23:00:00,A,LTU,Y15-74,PC_ACT,T,CZ,2021,0.8,
ESTAT:SDG_08_40(1.0),20/06/23 23:00:00,A,LTU,Y15-74,PC_ACT,T,CZ,2022,0.6,
ESTAT:SDG_08_40(1.0),20/06/23 23:00:00,A,LTU,Y15-74,PC_ACT,T,DE,2009,3.4,
ESTAT:SDG_08_40(1.0),20/06/23 23:00:00,A,LTU,Y15-74,PC_ACT,T,DE,2010,3.2,b
ESTAT:SDG_08_40(1.0),20/06/23 23:00:00,A,LTU,Y15-74,PC_ACT,T,DE,2011,2.7,b
ESTAT:SDG_08_40(1.0),20/06/23 23:00:00,A,LTU,Y15-74,PC_ACT,T,DE,2012,2.4,
ESTAT:SDG_08_40(1.0),20/06/23 23:00:00,A,LTU,Y15-74,PC_ACT,T,DE,2013,2.3,
ESTAT:SDG_08_40(1.0),20/06/23 23:00:00,A,LTU,Y15-74,PC_ACT,T,DE,2014,2.2,
ESTAT:SDG_08_40(1.0),20/06/23 23:00:00,A,LTU,Y15-74,PC_ACT,T,DE,2015,2.0,
ESTAT:SDG_08_40(1.0),20/06/23 23:00:00,A,LTU,Y15-74,PC_ACT,T,DE,2016,1.7,
ESTAT:SDG_08_40(1.0),20/06/23 23:00:00,A,LTU,Y15-74,PC_ACT,T,DE,2017,1.5,
ESTAT:SDG_08_40(1.0),20/06/23 23:00:00,A,LTU,Y15-74,PC_ACT,T,DE,2018,1.4,
ESTAT:SDG_08_40(1.0),20/06/23 23:00:00,A,LTU,Y15-74,PC_ACT,T,DE,2019,1.2,
ESTAT:SDG_08_40(1.0),20/06/23 23:00:00,A,LTU,Y15-74,PC_ACT,T,DE,2020,1.1,b
ESTAT:SDG_08_40(1.0),20/06/23 23:00:00,A,LTU,Y15-74,PC_ACT,T,DE,2021,1.2,
ESTAT:SDG_08_40(1.0),20/06/23 23:00:00,A,LTU,Y15-74,PC_ACT,T,DE,2022,1.0,
ESTAT:SDG_08_40(1.0),20/06/23 23:00:00,A,LTU,Y15-74,PC_ACT,T,DK,2009,0.6,
ESTAT:SDG_08_40(1.0),20/06/23 23:00:00,A,LTU,Y15-74,PC_ACT,T,DK,2010,1.4,
ESTAT:SDG_08_40(1.0),20/06/23 23:00:00,A,LTU,Y15-74,PC_ACT,T,DK,2011,1.8,
ESTAT:SDG_08_40(1.0),20/06/23 23:00:00,A,LTU,Y15-74,PC_ACT,T,DK,2012,2.1,
ESTAT:SDG_08_40(1.0),20/06/23 23:00:00,A,LTU,Y15-74,PC_ACT,T,DK,2013,1.8,
ESTAT:SDG_08_40(1.0),20/06/23 23:00:00,A,LTU,Y15-74,PC_ACT,T,DK,2014,1.7,
ESTAT:SDG_08_40(1.0),20/06/23 23:00:00,A,LTU,Y15-74,PC_ACT,T,DK,2015,1.6,
ESTAT:SDG_08_40(1.0),20/06/23 23:00:00,A,LTU,Y15-74,PC_ACT,T,DK,2016,1.2,b
ESTAT:SDG_08_40(1.0),20/06/23 23:00:00,A,LTU,Y15-74,PC_ACT,T,DK,2017,1.2,b
ESTAT:SDG_08_40(1.0),20/06/23 23:00:00,A,LTU,Y15-74,PC_ACT,T,DK,2018,1.0,
ESTAT:SDG_08_40(1.0),20/06/23 23:00:00,A,LTU,Y15-74,PC_ACT,T,DK,2019,0.8,
ESTAT:SDG_08_40(1.0),20/06/23 23:00:00,A,LTU,Y15-74,PC_ACT,T,DK,2020,0.9,
ESTAT:SDG_08_40(1.0),20/06/23 23:00:00,A,LTU,Y15-74,PC_ACT,T,DK,2021,1.0,
ESTAT:SDG_08_40(1.0),20/06/23 23:00:00,A,LTU,Y15-74,PC_ACT,T,DK,2022,0.5,
ESTAT:SDG_08_40(1.0),20/06/23 23:00:00,A,LTU,Y15-74,PC_ACT,T,EA20,2009,3.2,
ESTAT:SDG_08_40(1.0),20/06/23 23:00:00,A,LTU,Y15-74,PC_ACT,T,EA20,2010,4.2,
ESTAT:SDG_08_40(1.0),20/06/23 23:00:00,A,LTU,Y15-74,PC_ACT,T,EA20,2011,4.5,
ESTAT:SDG_08_40(1.0),20/06/23 23:00:00,A,LTU,Y15-74,PC_ACT,T,EA20,2012,5.1,
ESTAT:SDG_08_40(1.0),20/06/23 23:00:00,A,LTU,Y15-74,PC_ACT,T,EA20,2013,5.8,
ESTAT:SDG_08_40(1.0),20/06/23 23:00:00,A,LTU,Y15-74,PC_ACT,T,EA20,2014,5.9,
ESTAT:SDG_08_40(1.0),20/06/23 23:00:00,A,LTU,Y15-74,PC_ACT,T,EA20,2015,5.4,
ESTAT:SDG_08_40(1.0),20/06/23 23:00:00,A,LTU,Y15-74,PC_ACT,T,EA20,2016,4.8,
ESTAT:SDG_08_40(1.0),20/06/23 23:00:00,A,LTU,Y15-74,PC_ACT,T,EA20,2017,4.2,
ESTAT:SDG_08_40(1.0),20/06/23 23:00:00,A,LTU,Y15-74,PC_ACT,T,EA20,2018,3.6,
ESTAT:SDG_08_40(1.0),20/06/23 23:00:00,A,LTU,Y15-74,PC_ACT,T,EA20,2019,3.1,
ESTAT:SDG_08_40(1.0),20/06/23 23:00:00,A,LTU,Y15-74,PC_ACT,T,EA20,2020,2.8,
ESTAT:SDG_08_40(1.0),20/06/23 23:00:00,A,LTU,Y15-74,PC_ACT,T,EA20,2021,3.2,
ESTAT:SDG_08_40(1.0),20/06/23 23:00:00,A,LTU,Y15-74,PC_ACT,T,EA20,2022,2.7,
ESTAT:SDG_08_40(1.0),20/06/23 23:00:00,A,LTU,Y15-74,PC_ACT,T,EE,2009,3.7,
ESTAT:SDG_08_40(1.0),20/06/23 23:00:00,A,LTU,Y15-74,PC_ACT,T,EE,2010,7.5,
ESTAT:SDG_08_40(1.0),20/06/23 23:00:00,A,LTU,Y15-74,PC_ACT,T,EE,2011,7.0,
ESTAT:SDG_08_40(1.0),20/06/23 23:00:00,A,LTU,Y15-74,PC_ACT,T,EE,2012,5.4,
ESTAT:SDG_08_40(1.0),20/06/23 23:00:00,A,LTU,Y15-74,PC_ACT,T,EE,2013,3.8,
ESTAT:SDG_08_40(1.0),20/06/23 23:00:00,A,LTU,Y15-74,PC_ACT,T,EE,2014,3.3,
ESTAT:SDG_08_40(1.0),20/06/23 23:00:00,A,LTU,Y15-74,PC_ACT,T,EE,2015,2.4,
ESTAT:SDG_08_40(1.0),20/06/23 23:00:00,A,LTU,Y15-74,PC_ACT,T,EE,2016,2.2,
ESTAT:SDG_08_40(1.0),20/06/23 23:00:00,A,LTU,Y15-74,PC_ACT,T,EE,2017,2.0,
ESTAT:SDG_08_40(1.0),20/06/23 23:00:00,A,LTU,Y15-74,PC_ACT,T,EE,2018,1.3,
ESTAT:SDG_08_40(1.0),20/06/23 23:00:00,A,LTU,Y15-74,PC_ACT,T,EE,2019,0.9,
ESTAT:SDG_08_40(1.0),20/06/23 23:00:00,A,LTU,Y15-74,PC_ACT,T,EE,2020,1.2,
ESTAT:SDG_08_40(1.0),20/06/23 23:00:00,A,LTU,Y15-74,PC_ACT,T,EE,2021,1.6,
ESTAT:SDG_08_40(1.0),20/06/23 23:00:00,A,LTU,Y15-74,PC_ACT,T,EE,2022,1.3,
ESTAT:SDG_08_40(1.0),20/06/23 23:00:00,A,LTU,Y15-74,PC_ACT,T,EL,2009,3.6,
ESTAT:SDG_08_40(1.0),20/06/23 23:00:00,A,LTU,Y15-74,PC_ACT,T,EL,2010,5.2,
ESTAT:SDG_08_40(1.0),20/06/23 23:00:00,A,LTU,Y15-74,PC_ACT,T,EL,2011,8.0,
ESTAT:SDG_08_40(1.0),20/06/23 23:00:00,A,LTU,Y15-74,PC_ACT,T,EL,2012,13.1,
ESTAT:SDG_08_40(1.0),20/06/23 23:00:00,A,LTU,Y15-74,PC_ACT,T,EL,2013,16.7,
ESTAT:SDG_08_40(1.0),20/06/23 23:00:00,A,LTU,Y15-74,PC_ACT,T,EL,2014,17.5,
ESTAT:SDG_08_40(1.0),20/06/23 23:00:00,A,LTU,Y15-74,PC_ACT,T,EL,2015,16.4,
ESTAT:SDG_08_40(1.0),20/06/23 23:00:00,A,LTU,Y15-74,PC_ACT,T,EL,2016,15.4,
ESTAT:SDG_08_40(1.0),20/06/23 23:00:00,A,LTU,Y15-74,PC_ACT,T,EL,2017,14.3,
ESTAT:SDG_08_40(1.0),20/06/23 23:00:00,A,LTU,Y15-74,PC_ACT,T,EL,2018,12.5,
ESTAT:SDG_08_40(1.0),20/06/23 23:00:00,A,LTU,Y15-74,PC_ACT,T,EL,2019,11.3,
ESTAT:SDG_08_40(1.0),20/06/23 23:00:00,A,LTU,Y15-74,PC_ACT,T,EL,2020,10.5,
ESTAT:SDG_08_40(1.0),20/06/23 23:00:00,A,LTU,Y15-74,PC_ACT,T,EL,2021,9.2,
ESTAT:SDG_08_40(1.0),20/06/23 23:00:00,A,LTU,Y15-74,PC_ACT,T,EL,2022,7.7,
ESTAT:SDG_08_40(1.0),20/06/23 23:00:00,A,LTU,Y15-74,PC_ACT,T,ES,2009,4.3,
ESTAT:SDG_08_40(1.0),20/06/23 23:00:00,A,LTU,Y15-74,PC_ACT,T,ES,2010,7.3,
ESTAT:SDG_08_40(1.0),20/06/23 23:00:00,A,LTU,Y15-74,PC_ACT,T,ES,2011,8.9,
ESTAT:SDG_08_40(1.0),20/06/23 23:00:00,A,LTU,Y15-74,PC_ACT,T,ES,2012,11.0,
ESTAT:SDG_08_40(1.0),20/06/23 23:00:00,A,LTU,Y15-74,PC_ACT,T,ES,2013,13.0,
ESTAT:SDG_08_40(1.0),20/06/23 23:00:00,A,LTU,Y15-74,PC_ACT,T,ES,2014,12.9,
ESTAT:SDG_08_40(1.0),20/06/23 23:00:00,A,LTU,Y15-74,PC_ACT,T,ES,2015,11.4,
ESTAT:SDG_08_40(1.0),20/06/23 23:00:00,A,LTU,Y15-74,PC_ACT,T,ES,2016,9.5,
ESTAT:SDG_08_40(1.0),20/06/23 23:00:00,A,LTU,Y15-74,PC_ACT,T,ES,2017,7.7,
ESTAT:SDG_08_40(1.0),20/06/23 23:00:00,A,LTU,Y15-74,PC_ACT,T,ES,2018,6.4,
ESTAT:SDG_08_40(1.0),20/06/23 23:00:00,A,LTU,Y15-74,PC_ACT,T,ES,2019,5.3,
ESTAT:SDG_08_40(1.0),20/06/23 23:00:00,A,LTU,Y15-74,PC_ACT,T,ES,2020,5.0,
ESTAT:SDG_08_40(1.0),20/06/23 23:00:00,A,LTU,Y15-74,PC_ACT,T,ES,2021,6.2,d
ESTAT:SDG_08_40(1.0),20/06/23 23:00:00,A,LTU,Y15-74,PC_ACT,T,ES,2022,5.0,d
ESTAT:SDG_08_40(1.0),20/06/23 23:00:00,A,LTU,Y15-74,PC_ACT,T,EU27_2020,2009,3.1,
ESTAT:SDG_08_40(1.0),20/06/23 23:00:00,A,LTU,Y15-74,PC_ACT,T,EU27_2020,2010,4.0,
ESTAT:SDG_08_40(1.0),20/06/23 23:00:00,A,LTU,Y15-74,PC_ACT,T,EU27_2020,2011,4.3,
ESTAT:SDG_08_40(1.0),20/06/23 23:00:00,A,LTU,Y15-74,PC_ACT,T,EU27_2020,2012,4.9,
ESTAT:SDG_08_40(1.0),20/06/23 23:00:00,A,LTU,Y15-74,PC_ACT,T,EU27_2020,2013,5.4,
ESTAT:SDG_08_40(1.0),20/06/23 23:00:00,A,LTU,Y15-74,PC_ACT,T,EU27_2020,2014,5.4,
ESTAT:SDG_08_40(1.0),20/06/23 23:00:00,A,LTU,Y15-74,PC_ACT,T,EU27_2020,2015,4.9,
ESTAT:SDG_08_40(1.0),20/06/23 23:00:00,A,LTU,Y15-74,PC_ACT,T,EU27_2020,2016,4.3,
ESTAT:SDG_08_40(1.0),20/06/23 23:00:00,A,LTU,Y15-74,PC_ACT,T,EU27_2020,2017,3.7,
ESTAT:SDG_08_40(1.0),20/06/23 23:00:00,A,LTU,Y15-74,PC_ACT,T,EU27_2020,2018,3.1,
ESTAT:SDG_08_40(1.0),20/06/23 23:00:00,A,LTU,Y15-74,PC_ACT,T,EU27_2020,2019,2.7,
ESTAT:SDG_08_40(1.0),20/06/23 23:00:00,A,LTU,Y15-74,PC_ACT,T,EU27_2020,2020,2.5,
ESTAT:SDG_08_40(1.0),20/06/23 23:00:00,A,LTU,Y15-74,PC_ACT,T,EU27_2020,2021,2.8,
ESTAT:SDG_08_40(1.0),20/06/23 23:00:00,A,LTU,Y15-74,PC_ACT,T,EU27_2020,2022,2.4,
ESTAT:SDG_08_40(1.0),20/06/23 23:00:00,A,LTU,Y15-74,PC_ACT,T,FI,2009,1.7,
ESTAT:SDG_08_40(1.0),20/06/23 23:00:00,A,LTU,Y15-74,PC_ACT,T,FI,2010,2.5,
ESTAT:SDG_08_40(1.0),20/06/23 23:00:00,A,LTU,Y15-74,PC_ACT,T,FI,2011,2.2,
ESTAT:SDG_08_40(1.0),20/06/23 23:00:00,A,LTU,Y15-74,PC_ACT,T,FI,2012,2.1,
ESTAT:SDG_08_40(1.0),20/06/23 23:00:00,A,LTU,Y15-74,PC_ACT,T,FI,2013,2.1,
ESTAT:SDG_08_40(1.0),20/06/23 23:00:00,A,LTU,Y15-74,PC_ACT,T,FI,2014,2.4,
ESTAT:SDG_08_40(1.0),20/06/23 23:00:00,A,LTU,Y15-74,PC_ACT,T,FI,2015,2.9,
ESTAT:SDG_08_40(1.0),20/06/23 23:00:00,A,LTU,Y15-74,PC_ACT,T,FI,2016,2.9,
ESTAT:SDG_08_40(1.0),20/06/23 23:00:00,A,LTU,Y15-74,PC_ACT,T,FI,2017,2.6,
ESTAT:SDG_08_40(1.0),20/06/23 23:00:00,A,LTU,Y15-74,PC_ACT,T,FI,2018,2.0,
ESTAT:SDG_08_40(1.0),20/06/23 23:00:00,A,LTU,Y15-74,PC_ACT,T,FI,2019,1.5,
ESTAT:SDG_08_40(1.0),20/06/23 23:00:00,A,LTU,Y15-74,PC_ACT,T,FI,2020,1.5,
ESTAT:SDG_08_40(1.0),20/06/23 23:00:00,A,LTU,Y15-74,PC_ACT,T,FI,2021,1.8,
ESTAT:SDG_08_40(1.0),20/06/23 23:00:00,A,LTU,Y15-74,PC_ACT,T,FI,2022,1.5,
ESTAT:SDG_08_40(1.0),20/06/23 23:00:00,A,LTU,Y15-74,PC_ACT,T,FR,2009,2.0,
ESTAT:SDG_08_40(1.0),20/06/23 23:00:00,A,LTU,Y15-74,PC_ACT,T,FR,2010,2.4,
ESTAT:SDG_08_40(1.0),20/06/23 23:00:00,A,LTU,Y15-74,PC_ACT,T,FR,2011,2.5,
ESTAT:SDG_08_40(1.0),20/06/23 23:00:00,A,LTU,Y15-74,PC_ACT,T,FR,2012,2.6,
ESTAT:SDG_08_40(1.0),20/06/23 23:00:00,A,LTU,Y15-74,PC_ACT,T,FR,2013,2.9,
ESTAT:SDG_08_40(1.0),20/06/23 23:00:00,A,LTU,Y15-74,PC_ACT,T,FR,2014,3.1,
ESTAT:SDG_08_40(1.0),20/06/23 23:00:00,A,LTU,Y15-74,PC_ACT,T,FR,2015,3.1,
ESTAT:SDG_08_40(1.0),20/06/23 23:00:00,A,LTU,Y15-74,PC_ACT,T,FR,2016,3.1,
ESTAT:SDG_08_40(1.0),20/06/23 23:00:00,A,LTU,Y15-74,PC_ACT,T,FR,2017,2.9,
ESTAT:SDG_08_40(1.0),20/06/23 23:00:00,A,LTU,Y15-74,PC_ACT,T,FR,2018,2.5,
ESTAT:SDG_08_40(1.0),20/06/23 23:00:00,A,LTU,Y15-74,PC_ACT,T,FR,2019,2.3,
ESTAT:SDG_08_40(1.0),20/06/23 23:00:00,A,LTU,Y15-74,PC_ACT,T,FR,2020,1.9,
ESTAT:SDG_08_40(1.0),20/06/23 23:00:00,A,LTU,Y15-74,PC_ACT,T,FR,2021,2.3,d
ESTAT:SDG_08_40(1.0),20/06/23 23:00:00,A,LTU,Y15-74,PC_ACT,T,FR,2022,2.0,d
ESTAT:SDG_08_40(1.0),20/06/23 23:00:00,A,LTU,Y15-74,PC_ACT,T,HR,2009,5.1,
ESTAT:SDG_08_40(1.0),20/06/23 23:00:00,A,LTU,Y15-74,PC_ACT,T,HR,2010,6.6,
ESTAT:SDG_08_40(1.0),20/06/23 23:00:00,A,LTU,Y15-74,PC_ACT,T,HR,2011,8.4,
ESTAT:SDG_08_40(1.0),20/06/23 23:00:00,A,LTU,Y15-74,PC_ACT,T,HR,2012,10.2,
ESTAT:SDG_08_40(1.0),20/06/23 23:00:00,A,LTU,Y15-74,PC_ACT,T,HR,2013,11.0,
ESTAT:SDG_08_40(1.0),20/06/23 23:00:00,A,LTU,Y15-74,PC_ACT,T,HR,2014,10.1,
ESTAT:SDG_08_40(1.0),20/06/23 23:00:00,A,LTU,Y15-74,PC_ACT,T,HR,2015,10.2,
ESTAT:SDG_08_40(1.0),20/06/23 23:00:00,A,LTU,Y15-74,PC_ACT,T,HR,2016,6.6,
ESTAT:SDG_08_40(1.0),20/06/23 23:00:00,A,LTU,Y15-74,PC_ACT,T,HR,2017,4.6,
ESTAT:SDG_08_40(1.0),20/06/23 23:00:00,A,LTU,Y15-74,PC_ACT,T,HR,2018,3.4,
ESTAT:SDG_08_40(1.0),20/06/23 23:00:00,A,LTU,Y15-74,PC_ACT,T,HR,2019,2.4,
ESTAT:SDG_08_40(1.0),20/06/23 23:00:00,A,LTU,Y15-74,PC_ACT,T,HR,2020,2.1,
ESTAT:SDG_08_40(1.0),20/06/23 23:00:00,A,LTU,Y15-74,PC_ACT,T,HR,2021,2.8,
ESTAT:SDG_08_40(1.0),20/06/23 23:00:00,A,LTU,Y15-74,PC_ACT,T,HR,2022,2.4,
ESTAT:SDG_08_40(1.0),20/06/23 23:00:00,A,LTU,Y15-74,PC_ACT,T,HU,2009,4.0,
ESTAT:SDG_08_40(1.0),20/06/23 23:00:00,A,LTU,Y15-74,PC_ACT,T,HU,2010,5.3,
ESTAT:SDG_08_40(1.0),20/06/23 23:00:00,A,LTU,Y15-74,PC_ACT,T,HU,2011,5.1,
ESTAT:SDG_08_40(1.0),20/06/23 23:00:00,A,LTU,Y15-74,PC_ACT,T,HU,2012,4.8,
ESTAT:SDG_08_40(1.0),20/06/23 23:00:00,A,LTU,Y15-74,PC_ACT,T,HU,2013,4.8,
ESTAT:SDG_08_40(1.0),20/06/23 23:00:00,A,LTU,Y15-74,PC_ACT,T,HU,2014,3.6,
ESTAT:SDG_08_40(1.0),20/06/23 23:00:00,A,LTU,Y15-74,PC_ACT,T,HU,2015,3.0,
ESTAT:SDG_08_40(1.0),20/06/23 23:00:00,A,LTU,Y15-74,PC_ACT,T,HU,2016,2.3,
ESTAT:SDG_08_40(1.0),20/06/23 23:00:00,A,LTU,Y15-74,PC_ACT,T,HU,2017,1.6,
ESTAT:SDG_08_40(1.0),20/06/23 23:00:00,A,LTU,Y15-74,PC_ACT,T,HU,2018,1.4,
ESTAT:SDG_08_40(1.0),20/06/23 23:00:00,A,LTU,Y15-74,PC_ACT,T,HU,2019,1.1,
ESTAT:SDG_08_40(1.0),20/06/23 23:00:00,A,LTU,Y15-74,PC_ACT,T,HU,2020,1.1,
ESTAT:SDG_08_40(1.0),20/06/23 23:00:00,A,LTU,Y15-74,PC_ACT,T,HU,2021,1.3,
ESTAT:SDG_08_40(1.0),20/06/23 23:00:00,A,LTU,Y15-74,PC_ACT,T,HU,2022,1.2,
ESTAT:SDG_08_40(1.0),20/06/23 23:00:00,A,LTU,Y15-74,PC_ACT,T,IE,2009,3.5,
ESTAT:SDG_08_40(1.0),20/06/23 23:00:00,A,LTU,Y15-74,PC_ACT,T,IE,2010,6.9,
ESTAT:SDG_08_40(1.0),20/06/23 23:00:00,A,LTU,Y15-74,PC_ACT,T,IE,2011,8.8,
ESTAT:SDG_08_40(1.0),20/06/23 23:00:00,A,LTU,Y15-74,PC_ACT,T,IE,2012,9.2,
ESTAT:SDG_08_40(1.0),20/06/23 23:00:00,A,LTU,Y15-74,PC_ACT,T,IE,2013,7.9,
ESTAT:SDG_08_40(1.0),20/06/23 23:00:00,A,LTU,Y15-74,PC_ACT,T,IE,2014,6.6,
ESTAT:SDG_08_40(1.0),20/06/23 23:00:00,A,LTU,Y15-74,PC_ACT,T,IE,2015,5.3,
ESTAT:SDG_08_40(1.0),20/06/23 23:00:00,A,LTU,Y15-74,PC_ACT,T,IE,2016,4.2,
ESTAT:SDG_08_40(1.0),20/06/23 23:00:00,A,LTU,Y15-74,PC_ACT,T,IE,2017,3.0,
ESTAT:SDG_08_40(1.0),20/06/23 23:00:00,A,LTU,Y15-74,PC_ACT,T,IE,2018,2.1,
ESTAT:SDG_08_40(1.0),20/06/23 23:00:00,A,LTU,Y15-74,PC_ACT,T,IE,2019,1.6,
ESTAT:SDG_08_40(1.0),20/06/23 23:00:00,A,LTU,Y15-74,PC_ACT,T,IE,2020,1.4,
ESTAT:SDG_08_40(1.0),20/06/23 23:00:00,A,LTU,Y15-74,PC_ACT,T,IE,2021,1.8,
ESTAT:SDG_08_40(1.0),20/06/23 23:00:00,A,LTU,Y15-74,PC_ACT,T,IE,2022,1.3,
ESTAT:SDG_08_40(1.0),20/06/23 23:00:00,A,LTU,Y15-74,PC_ACT,T,IS,2009,0.4,
ESTAT:SDG_08_40(1.0),20/06/23 23:00:00,A,LTU,Y15-74,PC_ACT,T,IS,2010,1.3,
ESTAT:SDG_08_40(1.0),20/06/23 23:00:00,A,LTU,Y15-74,PC_ACT,T,IS,2011,1.7,
ESTAT:SDG_08_40(1.0),20/06/23 23:00:00,A,LTU,Y15-74,PC_ACT,T,IS,2012,1.5,
ESTAT:SDG_08_40(1.0),20/06/23 23:00:00,A,LTU,Y15-74,PC_ACT,T,IS,2013,1.0,
ESTAT:SDG_08_40(1.0),20/06/23 23:00:00,A,LTU,Y15-74,PC_ACT,T,IS,2014,0.6,
ESTAT:SDG_08_40(1.0),20/06/23 23:00:00,A,LTU,Y15-74,PC_ACT,T,IS,2015,0.5,
ESTAT:SDG_08_40(1.0),20/06/23 23:00:00,A,LTU,Y15-74,PC_ACT,T,IS,2016,,u
ESTAT:SDG_08_40(1.0),20/06/23 23:00:00,A,LTU,Y15-74,PC_ACT,T,IS,2017,0.3,
ESTAT:SDG_08_40(1.0),20/06/23 23:00:00,A,LTU,Y15-74,PC_ACT,T,IS,2018,0.3,
ESTAT:SDG_08_40(1.0),20/06/23 23:00:00,A,LTU,Y15-74,PC_ACT,T,IS,2019,,u
ESTAT:SDG_08_40(1.0),20/06/23 23:00:00,A,LTU,Y15-74,PC_ACT,T,IS,2020,0.5,b
ESTAT:SDG_08_40(1.0),20/06/23 23:00:00,A,LTU,Y15-74,PC_ACT,T,IS,2021,1.1,
ESTAT:SDG_08_40(1.0),20/06/23 23:00:00,A,LTU,Y15-74,PC_ACT,T,IS,2022,0.5,
ESTAT:SDG_08_40(1.0),20/06/23 23:00:00,A,LTU,Y15-74,PC_ACT,T,IT,2009,3.7,
ESTAT:SDG_08_40(1.0),20/06/23 23:00:00,A,LTU,Y15-74,PC_ACT,T,IT,2010,4.3,
ESTAT:SDG_08_40(1.0),20/06/23 23:00:00,A,LTU,Y15-74,PC_ACT,T,IT,2011,4.6,
ESTAT:SDG_08_40(1.0),20/06/23 23:00:00,A,LTU,Y15-74,PC_ACT,T,IT,2012,6.0,
ESTAT:SDG_08_40(1.0),20/06/23 23:00:00,A,LTU,Y15-74,PC_ACT,T,IT,2013,7.4,
ESTAT:SDG_08_40(1.0),20/06/23 23:00:00,A,LTU,Y15-74,PC_ACT,T,IT,2014,8.2,
ESTAT:SDG_08_40(1.0),20/06/23 23:00:00,A,LTU,Y15-74,PC_ACT,T,IT,2015,7.4,
ESTAT:SDG_08_40(1.0),20/06/23 23:00:00,A,LTU,Y15-74,PC_ACT,T,IT,2016,7.1,
ESTAT:SDG_08_40(1.0),20/06/23 23:00:00,A,LTU,Y15-74,PC_ACT,T,IT,2017,6.9,
ESTAT:SDG_08_40(1.0),20/06/23 23:00:00,A,LTU,Y15-74,PC_ACT,T,IT,2018,6.5,
ESTAT:SDG_08_40(1.0),20/06/23 23:00:00,A,LTU,Y15-74,PC_ACT,T,IT,2019,5.9,
ESTAT:SDG_08_40(1.0),20/06/23 23:00:00,A,LTU,Y15-74,PC_ACT,T,IT,2020,5.1,
ESTAT:SDG_08_40(1.0),20/06/23 23:00:00,A,LTU,Y15-74,PC_ACT,T,IT,2021,5.4,
ESTAT:SDG_08_40(1.0),20/06/23 23:00:00,A,LTU,Y15-74,PC_ACT,T,IT,2022,4.6,
ESTAT:SDG_08_40(1.0),20/06/23 23:00:00,A,LTU,Y15-74,PC_ACT,T,LT,2009,3.3,
ESTAT:SDG_08_40(1.0),20/06/23 23:00:00,A,LTU,Y15-74,PC_ACT,T,LT,2010,7.4,
ESTAT:SDG_08_40(1.0),20/06/23 23:00:00,A,LTU,Y15-74,PC_ACT,T,LT,2011,8.0,
ESTAT:SDG_08_40(1.0),20/06/23 23:00:00,A,LTU,Y15-74,PC_ACT,T,LT,2012,6.6,
ESTAT:SDG_08_40(1.0),20/06/23 23:00:00,A,LTU,Y15-74,PC_ACT,T,LT,2013,5.1,
ESTAT:SDG_08_40(1.0),20/06/23 23:00:00,A,LTU,Y15-74,PC_ACT,T,LT,2014,4.8,
ESTAT:SDG_08_40(1.0),20/06/23 23:00:00,A,LTU,Y15-74,PC_ACT,T,LT,2015,3.9,
ESTAT:SDG_08_40(1.0),20/06/23 23:00:00,A,LTU,Y15-74,PC_ACT,T,LT,2016,3.0,
ESTAT:SDG_08_40(1.0),20/06/23 23:00:00,A,LTU,Y15-74,PC_ACT,T,LT,2017,2.7,
ESTAT:SDG_08_40(1.0),20/06/23 23:00:00,A,LTU,Y15-74,PC_ACT,T,LT,2018,2.0,
ESTAT:SDG_08_40(1.0),20/06/23 23:00:00,A,LTU,Y15-74,PC_ACT,T,LT,2019,1.9,
ESTAT:SDG_08_40(1.0),20/06/23 23:00:00,A,LTU,Y15-74,PC_ACT,T,LT,2020,2.5,
ESTAT:SDG_08_40(1.0),20/06/23 23:00:00,A,LTU,Y15-74,PC_ACT,T,LT,2021,2.6,
ESTAT:SDG_08_40(1.0),20/06/23 23:00:00,A,LTU,Y15-74,PC_ACT,T,LT,2022,2.3,
ESTAT:SDG_08_40(1.0),20/06/23 23:00:00,A,LTU,Y15-74,PC_ACT,T,LU,2009,1.2,
ESTAT:SDG_08_40(1.0),20/06/23 23:00:00,A,LTU,Y15-74,PC_ACT,T,LU,2010,1.3,
ESTAT:SDG_08_40(1.0),20/06/23 23:00:00,A,LTU,Y15-74,PC_ACT,T,LU,2011,1.4,
ESTAT:SDG_08_40(1.0),20/06/23 23:00:00,A,LTU,Y15-74,PC_ACT,T,LU,2012,1.6,
ESTAT:SDG_08_40(1.0),20/06/23 23:00:00,A,LTU,Y15-74,PC_ACT,T,LU,2013,1.8,
ESTAT:SDG_08_40(1.0),20/06/23 23:00:00,A,LTU,Y15-74,PC_ACT,T,LU,2014,1.6,
ESTAT:SDG_08_40(1.0),20/06/23 23:00:00,A,LTU,Y15-74,PC_ACT,T,LU,2015,1.9,b
ESTAT:SDG_08_40(1.0),20/06/23 23:00:00,A,LTU,Y15-74,PC_ACT,T,LU,2016,2.2,
ESTAT:SDG_08_40(1.0),20/06/23 23:00:00,A,LTU,Y15-74,PC_ACT,T,LU,2017,2.1,
ESTAT:SDG_08_40(1.0),20/06/23 23:00:00,A,LTU,Y15-74,PC_ACT,T,LU,2018,1.4,
ESTAT:SDG_08_40(1.0),20/06/23 23:00:00,A,LTU,Y15-74,PC_ACT,T,LU,2019,1.3,
ESTAT:SDG_08_40(1.0),20/06/23 23:00:00,A,LTU,Y15-74,PC_ACT,T,LU,2020,1.7,
ESTAT:SDG_08_40(1.0),20/06/23 23:00:00,A,LTU,Y15-74,PC_ACT,T,LU,2021,1.8,
ESTAT:SDG_08_40(1.0),20/06/23 23:00:00,A,LTU,Y15-74,PC_ACT,T,LU,2022,1.3,
ESTAT:SDG_08_40(1.0),20/06/23 23:00:00,A,LTU,Y15-74,PC_ACT,T,LV,2009,5.0,
ESTAT:SDG_08_40(1.0),20/06/23 23:00:00,A,LTU,Y15-74,PC_ACT,T,LV,2010,9.7,
ESTAT:SDG_08_40(1.0),20/06/23 23:00:00,A,LTU,Y15-74,PC_ACT,T,LV,2011,9.8,
ESTAT:SDG_08_40(1.0),20/06/23 23:00:00,A,LTU,Y15-74,PC_ACT,T,LV,2012,8.6,
ESTAT:SDG_08_40(1.0),20/06/23 23:00:00,A,LTU,Y15-74,PC_ACT,T,LV,2013,6.3,
ESTAT:SDG_08_40(1.0),20/06/23 23:00:00,A,LTU,Y15-74,PC_ACT,T,LV,2014,5.1,
ESTAT:SDG_08_40(1.0),20/06/23 23:00:00,A,LTU,Y15-74,PC_ACT,T,LV,2015,4.9,
ESTAT:SDG_08_40(1.0),20/06/23 23:00:00,A,LTU,Y15-74,PC_ACT,T,LV,2016,4.4,
ESTAT:SDG_08_40(1.0),20/06/23 23:00:00,A,LTU,Y15-74,PC_ACT,T,LV,2017,3.6,
ESTAT:SDG_08_40(1.0),20/06/23 23:00:00,A,LTU,Y15-74,PC_ACT,T,LV,2018,3.4,
ESTAT:SDG_08_40(1.0),20/06/23 23:00:00,A,LTU,Y15-74,PC_ACT,T,LV,2019,2.7,
ESTAT:SDG_08_40(1.0),20/06/23 23:00:00,A,LTU,Y15-74,PC_ACT,T,LV,2020,2.4,
ESTAT:SDG_08_40(1.0),20/06/23 23:00:00,A,LTU,Y15-74,PC_ACT,T,LV,2021,2.3,
ESTAT:SDG_08_40(1.0),20/06/23 23:00:00,A,LTU,Y15-74,PC_ACT,T,LV,2022,2.0,
ESTAT:SDG_08_40(1.0),20/06/23 23:00:00,A,LTU,Y15-74,PC_ACT,T,ME,2011,15.7,
ESTAT:SDG_08_40(1.0),20/06/23 23:00:00,A,LTU,Y15-74,PC_ACT,T,ME,2012,15.8,
ESTAT:SDG_08_40(1.0),20/06/23 23:00:00,A,LTU,Y15-74,PC_ACT,T,ME,2013,16.0,
ESTAT:SDG_08_40(1.0),20/06/23 23:00:00,A,LTU,Y15-74,PC_ACT,T,ME,2014,14.0,
ESTAT:SDG_08_40(1.0),20/06/23 23:00:00,A,LTU,Y15-74,PC_ACT,T,ME,2015,13.5,
ESTAT:SDG_08_40(1.0),20/06/23 23:00:00,A,LTU,Y15-74,PC_ACT,T,ME,2016,13.4,
ESTAT:SDG_08_40(1.0),20/06/23 23:00:00,A,LTU,Y15-74,PC_ACT,T,ME,2017,12.5,
ESTAT:SDG_08_40(1.0),20/06/23 23:00:00,A,LTU,Y15-74,PC_ACT,T,ME,2018,11.4,
ESTAT:SDG_08_40(1.0),20/06/23 23:00:00,A,LTU,Y15-74,PC_ACT,T,ME,2019,12.0,
ESTAT:SDG_08_40(1.0),20/06/23 23:00:00,A,LTU,Y15-74,PC_ACT,T,ME,2020,13.4,
ESTAT:SDG_08_40(1.0),20/06/23 23:00:00,A,LTU,Y15-74,PC_ACT,T,MK,2009,26.3,
ESTAT:SDG_08_40(1.0),20/06/23 23:00:00,A,LTU,Y15-74,PC_ACT,T,MK,2010,26.6,
ESTAT:SDG_08_40(1.0),20/06/23 23:00:00,A,LTU,Y15-74,PC_ACT,T,MK,2011,25.9,
ESTAT:SDG_08_40(1.0),20/06/23 23:00:00,A,LTU,Y15-74,PC_ACT,T,MK,2012,25.5,
ESTAT:SDG_08_40(1.0),20/06/23 23:00:00,A,LTU,Y15-74,PC_ACT,T,MK,2013,23.9,
ESTAT:SDG_08_40(1.0),20/06/23 23:00:00,A,LTU,Y15-74,PC_ACT,T,MK,2014,23.3,
ESTAT:SDG_08_40(1.0),20/06/23 23:00:00,A,LTU,Y15-74,PC_ACT,T,MK,2015,21.3,
ESTAT:SDG_08_40(1.0),20/06/23 23:00:00,A,LTU,Y15-74,PC_ACT,T,MK,2016,19.1,
ESTAT:SDG_08_40(1.0),20/06/23 23:00:00,A,LTU,Y15-74,PC_ACT,T,MK,2017,17.4,
ESTAT:SDG_08_40(1.0),20/06/23 23:00:00,A,LTU,Y15-74,PC_ACT,T,MK,2018,15.5,
ESTAT:SDG_08_40(1.0),20/06/23 23:00:00,A,LTU,Y15-74,PC_ACT,T,MK,2019,12.4,
ESTAT:SDG_08_40(1.0),20/06/23 23:00:00,A,LTU,Y15-74,PC_ACT,T,MK,2020,12.4,
ESTAT:SDG_08_40(1.0),20/06/23 23:00:00,A,LTU,Y15-74,PC_ACT,T,MT,2009,2.9,
ESTAT:SDG_08_40(1.0),20/06/23 23:00:00,A,LTU,Y15-74,PC_ACT,T,MT,2010,4.1,
ESTAT:SDG_08_40(1.0),20/06/23 23:00:00,A,LTU,Y15-74,PC_ACT,T,MT,2011,3.9,
ESTAT:SDG_08_40(1.0),20/06/23 23:00:00,A,LTU,Y15-74,PC_ACT,T,MT,2012,3.8,
ESTAT:SDG_08_40(1.0),20/06/23 23:00:00,A,LTU,Y15-74,PC_ACT,T,MT,2013,3.5,
ESTAT:SDG_08_40(1.0),20/06/23 23:00:00,A,LTU,Y15-74,PC_ACT,T,MT,2014,2.9,
ESTAT:SDG_08_40(1.0),20/06/23 23:00:00,A,LTU,Y15-74,PC_ACT,T,MT,2015,2.7,
ESTAT:SDG_08_40(1.0),20/06/23 23:00:00,A,LTU,Y15-74,PC_ACT,T,MT,2016,2.4,
ESTAT:SDG_08_40(1.0),20/06/23 23:00:00,A,LTU,Y15-74,PC_ACT,T,MT,2017,2.0,
ESTAT:SDG_08_40(1.0),20/06/23 23:00:00,A,LTU,Y15-74,PC_ACT,T,MT,2018,1.8,
ESTAT:SDG_08_40(1.0),20/06/23 23:00:00,A,LTU,Y15-74,PC_ACT,T,MT,2019,0.9,
ESTAT:SDG_08_40(1.0),20/06/23 23:00:00,A,LTU,Y15-74,PC_ACT,T,MT,2020,1.1,
ESTAT:SDG_08_40(1.0),20/06/23 23:00:00,A,LTU,Y15-74,PC_ACT,T,MT,2021,0.9,
ESTAT:SDG_08_40(1.0),20/06/23 23:00:00,A,LTU,Y15-74,PC_ACT,T,MT,2022,1.0,
ESTAT:SDG_08_40(1.0),20/06/23 23:00:00,A,LTU,Y15-74,PC_ACT,T,NL,2009,0.9,
ESTAT:SDG_08_40(1.0),20/06/23 23:00:00,A,LTU,Y15-74,PC_ACT,T,NL,2010,1.1,
ESTAT:SDG_08_40(1.0),20/06/23 23:00:00,A,LTU,Y15-74,PC_ACT,T,NL,2011,1.4,
ESTAT:SDG_08_40(1.0),20/06/23 23:00:00,A,LTU,Y15-74,PC_ACT,T,NL,2012,1.7,
ESTAT:SDG_08_40(1.0),20/06/23 23:00:00,A,LTU,Y15-74,PC_ACT,T,NL,2013,2.3,
ESTAT:SDG_08_40(1.0),20/06/23 23:00:00,A,LTU,Y15-74,PC_ACT,T,NL,2014,2.7,
ESTAT:SDG_08_40(1.0),20/06/23 23:00:00,A,LTU,Y15-74,PC_ACT,T,NL,2015,2.7,
ESTAT:SDG_08_40(1.0),20/06/23 23:00:00,A,LTU,Y15-74,PC_ACT,T,NL,2016,2.3,
ESTAT:SDG_08_40(1.0),20/06/23 23:00:00,A,LTU,Y15-74,PC_ACT,T,NL,2017,1.7,
ESTAT:SDG_08_40(1.0),20/06/23 23:00:00,A,LTU,Y15-74,PC_ACT,T,NL,2018,1.2,
ESTAT:SDG_08_40(1.0),20/06/23 23:00:00,A,LTU,Y15-74,PC_ACT,T,NL,2019,0.9,
ESTAT:SDG_08_40(1.0),20/06/23 23:00:00,A,LTU,Y15-74,PC_ACT,T,NL,2020,0.7,
ESTAT:SDG_08_40(1.0),20/06/23 23:00:00,A,LTU,Y15-74,PC_ACT,T,NL,2021,0.8,
ESTAT:SDG_08_40(1.0),20/06/23 23:00:00,A,LTU,Y15-74,PC_ACT,T,NL,2022,0.7,
ESTAT:SDG_08_40(1.0),20/06/23 23:00:00,A,LTU,Y15-74,PC_ACT,T,NO,2009,0.7,
ESTAT:SDG_08_40(1.0),20/06/23 23:00:00,A,LTU,Y15-74,PC_ACT,T,NO,2010,1.0,
ESTAT:SDG_08_40(1.0),20/06/23 23:00:00,A,LTU,Y15-74,PC_ACT,T,NO,2011,1.1,
ESTAT:SDG_08_40(1.0),20/06/23 23:00:00,A,LTU,Y15-74,PC_ACT,T,NO,2012,0.8,
ESTAT:SDG_08_40(1.0),20/06/23 23:00:00,A,LTU,Y15-74,PC_ACT,T,NO,2013,1.0,
ESTAT:SDG_08_40(1.0),20/06/23 23:00:00,A,LTU,Y15-74,PC_ACT,T,NO,2014,1.1,
ESTAT:SDG_08_40(1.0),20/06/23 23:00:00,A,LTU,Y15-74,PC_ACT,T,NO,2015,1.3,
ESTAT:SDG_08_40(1.0),20/06/23 23:00:00,A,LTU,Y15-74,PC_ACT,T,NO,2016,1.6,
ESTAT:SDG_08_40(1.0),20/06/23 23:00:00,A,LTU,Y15-74,PC_ACT,T,NO,2017,1.5,
ESTAT:SDG_08_40(1.0),20/06/23 23:00:00,A,LTU,Y15-74,PC_ACT,T,NO,2018,1.3,
ESTAT:SDG_08_40(1.0),20/06/23 23:00:00,A,LTU,Y15-74,PC_ACT,T,NO,2019,1.1,
ESTAT:SDG_08_40(1.0),20/06/23 23:00:00,A,LTU,Y15-74,PC_ACT,T,NO,2020,1.2,
ESTAT:SDG_08_40(1.0),20/06/23 23:00:00,A,LTU,Y15-74,PC_ACT,T,NO,2021,1.0,
ESTAT:SDG_08_40(1.0),20/06/23 23:00:00,A,LTU,Y15-74,PC_ACT,T,NO,2022,0.6,
ESTAT:SDG_08_40(1.0),20/06/23 23:00:00,A,LTU,Y15-74,PC_ACT,T,PL,2009,2.6,
ESTAT:SDG_08_40(1.0),20/06/23 23:00:00,A,LTU,Y15-74,PC_ACT,T,PL,2010,3.1,b
ESTAT:SDG_08_40(1.0),20/06/23 23:00:00,A,LTU,Y15-74,PC_ACT,T,PL,2011,3.7,
ESTAT:SDG_08_40(1.0),20/06/23 23:00:00,A,LTU,Y15-74,PC_ACT,T,PL,2012,4.2,
ESTAT:SDG_08_40(1.0),20/06/23 23:00:00,A,LTU,Y15-74,PC_ACT,T,PL,2013,4.5,
ESTAT:SDG_08_40(1.0),20/06/23 23:00:00,A,LTU,Y15-74,PC_ACT,T,PL,2014,3.9,
ESTAT:SDG_08_40(1.0),20/06/23 23:00:00,A,LTU,Y15-74,PC_ACT,T,PL,2015,3.0,
ESTAT:SDG_08_40(1.0),20/06/23 23:00:00,A,LTU,Y15-74,PC_ACT,T,PL,2016,2.2,
ESTAT:SDG_08_40(1.0),20/06/23 23:00:00,A,LTU,Y15-74,PC_ACT,T,PL,2017,1.5,
ESTAT:SDG_08_40(1.0),20/06/23 23:00:00,A,LTU,Y15-74,PC_ACT,T,PL,2018,1.0,
ESTAT:SDG_08_40(1.0),20/06/23 23:00:00,A,LTU,Y15-74,PC_ACT,T,PL,2019,0.7,
ESTAT:SDG_08_40(1.0),20/06/23 23:00:00,A,LTU,Y15-74,PC_ACT,T,PL,2020,0.6,
ESTAT:SDG_08_40(1.0),20/06/23 23:00:00,A,LTU,Y15-74,PC_ACT,T,PL,2021,0.9,
ESTAT:SDG_08_40(1.0),20/06/23 23:00:00,A,LTU,Y15-74,PC_ACT,T,PL,2022,0.9,
ESTAT:SDG_08_40(1.0),20/06/23 23:00:00,A,LTU,Y15-74,PC_ACT,T,PT,2009,4.8,
ESTAT:SDG_08_40(1.0),20/06/23 23:00:00,A,LTU,Y15-74,PC_ACT,T,PT,2010,6.3,
ESTAT:SDG_08_40(1.0),20/06/23 23:00:00,A,LTU,Y15-74,PC_ACT,T,PT,2011,6.5,
ESTAT:SDG_08_40(1.0),20/06/23 23:00:00,A,LTU,Y15-74,PC_ACT,T,PT,2012,8.1,
ESTAT:SDG_08_40(1.0),20/06/23 23:00:00,A,LTU,Y15-74,PC_ACT,T,PT,2013,9.7,
ESTAT:SDG_08_40(1.0),20/06/23 23:00:00,A,LTU,Y15-74,PC_ACT,T,PT,2014,8.7,
ESTAT:SDG_08_40(1.0),20/06/23 23:00:00,A,LTU,Y15-74,PC_ACT,T,PT,2015,7.5,
ESTAT:SDG_08_40(1.0),20/06/23 23:00:00,A,LTU,Y15-74,PC_ACT,T,PT,2016,6.4,
ESTAT:SDG_08_40(1.0),20/06/23 23:00:00,A,LTU,Y15-74,PC_ACT,T,PT,2017,4.6,
ESTAT:SDG_08_40(1.0),20/06/23 23:00:00,A,LTU,Y15-74,PC_ACT,T,PT,2018,3.2,
ESTAT:SDG_08_40(1.0),20/06/23 23:00:00,A,LTU,Y15-74,PC_ACT,T,PT,2019,2.8,
ESTAT:SDG_08_40(1.0),20/06/23 23:00:00,A,LTU,Y15-74,PC_ACT,T,PT,2020,2.3,
ESTAT:SDG_08_40(1.0),20/06/23 23:00:00,A,LTU,Y15-74,PC_ACT,T,PT,2021,2.9,
ESTAT:SDG_08_40(1.0),20/06/23 23:00:00,A,LTU,Y15-74,PC_ACT,T,PT,2022,2.7,
ESTAT:SDG_08_40(1.0),20/06/23 23:00:00,A,LTU,Y15-74,PC_ACT,T,RO,2009,2.6,
ESTAT:SDG_08_40(1.0),20/06/23 23:00:00,A,LTU,Y15-74,PC_ACT,T,RO,2010,3.0,
ESTAT:SDG_08_40(1.0),20/06/23 23:00:00,A,LTU,Y15-74,PC_ACT,T,RO,2011,3.6,
ESTAT:SDG_08_40(1.0),20/06/23 23:00:00,A,LTU,Y15-74,PC_ACT,T,RO,2012,3.7,
ESTAT:SDG_08_40(1.0),20/06/23 23:00:00,A,LTU,Y15-74,PC_ACT,T,RO,2013,3.9,
ESTAT:SDG_08_40(1.0),20/06/23 23:00:00,A,LTU,Y15-74,PC_ACT,T,RO,2014,3.4,
ESTAT:SDG_08_40(1.0),20/06/23 23:00:00,A,LTU,Y15-74,PC_ACT,T,RO,2015,3.6,
ESTAT:SDG_08_40(1.0),20/06/23 23:00:00,A,LTU,Y15-74,PC_ACT,T,RO,2016,3.4,
ESTAT:SDG_08_40(1.0),20/06/23 23:00:00,A,LTU,Y15-74,PC_ACT,T,RO,2017,2.4,
ESTAT:SDG_08_40(1.0),20/06/23 23:00:00,A,LTU,Y15-74,PC_ACT,T,RO,2018,2.2,
ESTAT:SDG_08_40(1.0),20/06/23 23:00:00,A,LTU,Y15-74,PC_ACT,T,RO,2019,2.0,
ESTAT:SDG_08_40(1.0),20/06/23 23:00:00,A,LTU,Y15-74,PC_ACT,T,RO,2020,1.8,
ESTAT:SDG_08_40(1.0),20/06/23 23:00:00,A,LTU,Y15-74,PC_ACT,T,RO,2021,2.0,
ESTAT:SDG_08_40(1.0),20/06/23 23:00:00,A,LTU,Y15-74,PC_ACT,T,RO,2022,2.2,
ESTAT:SDG_08_40(1.0),20/06/23 23:00:00,A,LTU,Y15-74,PC_ACT,T,RS,2011,16.3,
ESTAT:SDG_08_40(1.0),20/06/23 23:00:00,A,LTU,Y15-74,PC_ACT,T,RS,2012,17.4,
ESTAT:SDG_08_40(1.0),20/06/23 23:00:00,A,LTU,Y15-74,PC_ACT,T,RS,2013,16.0,
ESTAT:SDG_08_40(1.0),20/06/23 23:00:00,A,LTU,Y15-74,PC_ACT,T,RS,2014,12.8,
ESTAT:SDG_08_40(1.0),20/06/23 23:00:00,A,LTU,Y15-74,PC_ACT,T,RS,2015,11.0,
ESTAT:SDG_08_40(1.0),20/06/23 23:00:00,A,LTU,Y15-74,PC_ACT,T,RS,2016,9.5,
ESTAT:SDG_08_40(1.0),20/06/23 23:00:00,A,LTU,Y15-74,PC_ACT,T,RS,2017,7.4,
ESTAT:SDG_08_40(1.0),20/06/23 23:00:00,A,LTU,Y15-74,PC_ACT,T,RS,2018,6.7,
ESTAT:SDG_08_40(1.0),20/06/23 23:00:00,A,LTU,Y15-74,PC_ACT,T,RS,2019,5.5,
ESTAT:SDG_08_40(1.0),20/06/23 23:00:00,A,LTU,Y15-74,PC_ACT,T,RS,2020,4.5,
ESTAT:SDG_08_40(1.0),20/06/23 23:00:00,A,LTU,Y15-74,PC_ACT,T,RS,2021,4.9,
ESTAT:SDG_08_40(1.0),20/06/23 23:00:00,A,LTU,Y15-74,PC_ACT,T,RS,2022,3.8,
ESTAT:SDG_08_40(1.0),20/06/23 23:00:00,A,LTU,Y15-74,PC_ACT,T,SE,2009,1.7,
ESTAT:SDG_08_40(1.0),20/06/23 23:00:00,A,LTU,Y15-74,PC_ACT,T,SE,2010,2.5,
ESTAT:SDG_08_40(1.0),20/06/23 23:00:00,A,LTU,Y15-74,PC_ACT,T,SE,2011,2.3,
ESTAT:SDG_08_40(1.0),20/06/23 23:00:00,A,LTU,Y15-74,PC_ACT,T,SE,2012,2.3,
ESTAT:SDG_08_40(1.0),20/06/23 23:00:00,A,LTU,Y15-74,PC_ACT,T,SE,2013,2.3,
ESTAT:SDG_08_40(1.0),20/06/23 23:00:00,A,LTU,Y15-74,PC_ACT,T,SE,2014,2.3,
ESTAT:SDG_08_40(1.0),20/06/23 23:00:00,A,LTU,Y15-74,PC_ACT,T,SE,2015,2.3,
ESTAT:SDG_08_40(1.0),20/06/23 23:00:00,A,LTU,Y15-74,PC_ACT,T,SE,2016,2.0,
ESTAT:SDG_08_40(1.0),20/06/23 23:00:00,A,LTU,Y15-74,PC_ACT,T,SE,2017,2.0,
ESTAT:SDG_08_40(1.0),20/06/23 23:00:00,A,LTU,Y15-74,PC_ACT,T,SE,2018,1.7,b
ESTAT:SDG_08_40(1.0),20/06/23 23:00:00,A,LTU,Y15-74,PC_ACT,T,SE,2019,1.5,
ESTAT:SDG_08_40(1.0),20/06/23 23:00:00,A,LTU,Y15-74,PC_ACT,T,SE,2020,1.8,
ESTAT:SDG_08_40(1.0),20/06/23 23:00:00,A,LTU,Y15-74,PC_ACT,T,SE,2021,2.0,
ESTAT:SDG_08_40(1.0),20/06/23 23:00:00,A,LTU,Y15-74,PC_ACT,T,SE,2022,1.9,
ESTAT:SDG_08_40(1.0),20/06/23 23:00:00,A,LTU,Y15-74,PC_ACT,T,SI,2009,1.8,
ESTAT:SDG_08_40(1.0),20/06/23 23:00:00,A,LTU,Y15-74,PC_ACT,T,SI,2010,3.2,
ESTAT:SDG_08_40(1.0),20/06/23 23:00:00,A,LTU,Y15-74,PC_ACT,T,SI,2011,3.7,
ESTAT:SDG_08_40(1.0),20/06/23 23:00:00,A,LTU,Y15-74,PC_ACT,T,SI,2012,4.3,
ESTAT:SDG_08_40(1.0),20/06/23 23:00:00,A,LTU,Y15-74,PC_ACT,T,SI,2013,5.2,
ESTAT:SDG_08_40(1.0),20/06/23 23:00:00,A,LTU,Y15-74,PC_ACT,T,SI,2014,5.3,
ESTAT:SDG_08_40(1.0),20/06/23 23:00:00,A,LTU,Y15-74,PC_ACT,T,SI,2015,4.7,
ESTAT:SDG_08_40(1.0),20/06/23 23:00:00,A,LTU,Y15-74,PC_ACT,T,SI,2016,4.3,
ESTAT:SDG_08_40(1.0),20/06/23 23:00:00,A,LTU,Y15-74,PC_ACT,T,SI,2017,3.1,
ESTAT:SDG_08_40(1.0),20/06/23 23:00:00,A,LTU,Y15-74,PC_ACT,T,SI,2018,2.2,
ESTAT:SDG_08_40(1.0),20/06/23 23:00:00,A,LTU,Y15-74,PC_ACT,T,SI,2019,1.9,
ESTAT:SDG_08_40(1.0),20/06/23 23:00:00,A,LTU,Y15-74,PC_ACT,T,SI,2020,1.9,
ESTAT:SDG_08_40(1.0),20/06/23 23:00:00,A,LTU,Y15-74,PC_ACT,T,SI,2021,1.9,
ESTAT:SDG_08_40(1.0),20/06/23 23:00:00,A,LTU,Y15-74,PC_ACT,T,SI,2022,1.7,
ESTAT:SDG_08_40(1.0),20/06/23 23:00:00,A,LTU,Y15-74,PC_ACT,T,SK,2009,7.6,
ESTAT:SDG_08_40(1.0),20/06/23 23:00:00,A,LTU,Y15-74,PC_ACT,T,SK,2010,10.7,
ESTAT:SDG_08_40(1.0),20/06/23 23:00:00,A,LTU,Y15-74,PC_ACT,T,SK,2011,10.7,b
ESTAT:SDG_08_40(1.0),20/06/23 23:00:00,A,LTU,Y15-74,PC_ACT,T,SK,2012,10.9,
ESTAT:SDG_08_40(1.0),20/06/23 23:00:00,A,LTU,Y15-74,PC_ACT,T,SK,2013,11.6,
ESTAT:SDG_08_40(1.0),20/06/23 23:00:00,A,LTU,Y15-74,PC_ACT,T,SK,2014,10.7,
ESTAT:SDG_08_40(1.0),20/06/23 23:00:00,A,LTU,Y15-74,PC_ACT,T,SK,2015,8.8,
ESTAT:SDG_08_40(1.0),20/06/23 23:00:00,A,LTU,Y15-74,PC_ACT,T,SK,2016,6.8,
ESTAT:SDG_08_40(1.0),20/06/23 23:00:00,A,LTU,Y15-74,PC_ACT,T,SK,2017,5.9,
ESTAT:SDG_08_40(1.0),20/06/23 23:00:00,A,LTU,Y15-74,PC_ACT,T,SK,2018,4.7,
ESTAT:SDG_08_40(1.0),20/06/23 23:00:00,A,LTU,Y15-74,PC_ACT,T,SK,2019,3.9,
ESTAT:SDG_08_40(1.0),20/06/23 23:00:00,A,LTU,Y15-74,PC_ACT,T,SK,2020,3.7,
ESTAT:SDG_08_40(1.0),20/06/23 23:00:00,A,LTU,Y15-74,PC_ACT,T,SK,2021,3.9,
ESTAT:SDG_08_40(1.0),20/06/23 23:00:00,A,LTU,Y15-74,PC_ACT,T,SK,2022,4.1,
ESTAT:SDG_08_40(1.0),20/06/23 23:00:00,A,LTU,Y15-74,PC_ACT,T,TR,2009,2.9,
ESTAT:SDG_08_40(1.0),20/06/23 23:00:00,A,LTU,Y15-74,PC_ACT,T,TR,2010,2.8,
ESTAT:SDG_08_40(1.0),20/06/23 23:00:00,A,LTU,Y15-74,PC_ACT,T,TR,2011,2.1,
ESTAT:SDG_08_40(1.0),20/06/23 23:00:00,A,LTU,Y15-74,PC_ACT,T,TR,2012,1.8,
ESTAT:SDG_08_40(1.0),20/06/23 23:00:00,A,LTU,Y15-74,PC_ACT,T,TR,2013,1.9,
ESTAT:SDG_08_40(1.0),20/06/23 23:00:00,A,LTU,Y15-74,PC_ACT,T,TR,2014,2.0,b
ESTAT:SDG_08_40(1.0),20/06/23 23:00:00,A,LTU,Y15-74,PC_ACT,T,TR,2015,2.2,
ESTAT:SDG_08_40(1.0),20/06/23 23:00:00,A,LTU,Y15-74,PC_ACT,T,TR,2016,2.2,
ESTAT:SDG_08_40(1.0),20/06/23 23:00:00,A,LTU,Y15-74,PC_ACT,T,TR,2017,2.4,
ESTAT:SDG_08_40(1.0),20/06/23 23:00:00,A,LTU,Y15-74,PC_ACT,T,TR,2018,2.4,
ESTAT:SDG_08_40(1.0),20/06/23 23:00:00,A,LTU,Y15-74,PC_ACT,T,TR,2019,3.2,
ESTAT:SDG_08_40(1.0),20/06/23 23:00:00,A,LTU,Y15-74,PC_ACT,T,TR,2020,3.3,
